created_at,updated_at,terminal_id,grade_id,day,opening_stock,volume_in,volume_out,closing_stock,receipts,shipments,rack_liftings,transfers_in,transfers_out,exchange_in,exchange_out,regrade_in,regrade_out,gain_loss,closing_stock_low,closing_stock_high
2017-09-28 21:20:14.296416+00:00,2017-09-28 21:20:14.296778+00:00,21,8,2017-06-06,21118,0,1310,19808,0,0,1310,0,0,0,0,0,0,0,19402,20214
2017-09-28 21:20:14.296416+00:00,2017-09-28 21:20:14.296778+00:00,21,8,2017-06-07,19808,0,1317,18492,0,0,1317,0,0,0,0,0,0,0,17680,19303
2017-09-28 21:20:14.296416+00:00,2017-09-28 21:20:14.296778+00:00,21,8,2017-06-08,18492,0,1318,17174,0,0,1318,0,0,0,0,0,0,0,16017,18332
2017-09-28 21:20:14.296416+00:00,2017-09-28 21:20:14.296778+00:00,21,8,2017-06-09,17174,0,1318,15856,0,0,1318,0,0,0,0,0,0,0,14353,17360
2017-09-28 21:20:14.296416+00:00,2017-09-28 21:20:14.296778+00:00,21,8,2017-06-10,15856,0,1255,14601,0,0,1255,0,0,0,0,0,0,0,12782,16420
2017-09-28 21:20:14.296416+00:00,2017-09-28 21:20:14.296778+00:00,21,8,2017-06-11,14601,0,1318,13283,0,0,1318,0,0,0,0,0,0,0,11167,15400
2017-09-28 21:20:14.296416+00:00,2017-09-28 21:20:14.296778+00:00,21,8,2017-06-12,13283,0,1318,11966,0,0,1318,0,0,0,0,0,0,0,9580,14351
2017-09-28 21:20:14.296416+00:00,2017-09-28 21:20:14.296778+00:00,21,8,2017-06-13,11966,0,1318,10648,0,0,1318,0,0,0,0,0,0,0,7998,13298
2017-09-28 21:20:14.296416+00:00,2017-09-28 21:20:14.296778+00:00,21,8,2017-06-14,10648,0,1318,9330,0,0,1318,0,0,0,0,0,0,0,6415,12246
2017-09-28 21:20:14.296416+00:00,2017-09-28 21:20:14.296778+00:00,21,8,2017-06-15,9330,0,1280,8050,0,0,1280,0,0,0,0,0,0,0,4874,11226
2017-09-28 21:20:14.296416+00:00,2017-09-28 21:20:14.296778+00:00,21,8,2017-06-16,8050,0,1318,6732,0,0,1318,0,0,0,0,0,0,0,3297,10168
2017-09-28 21:20:14.296416+00:00,2017-09-28 21:20:14.296778+00:00,21,8,2017-06-17,6732,0,1318,5415,0,0,1318,0,0,0,0,0,0,0,1774,9055
2017-09-28 21:20:14.296416+00:00,2017-09-28 21:20:14.296778+00:00,21,8,2017-06-18,5415,0,1318,4097,0,0,1318,0,0,0,0,0,0,0,254,7940
2017-09-28 21:20:14.296416+00:00,2017-09-28 21:20:14.296778+00:00,21,8,2017-06-19,4097,0,1318,2779,0,0,1318,0,0,0,0,0,0,0,-1108,6667
2017-09-28 21:20:14.296416+00:00,2017-09-28 21:20:14.296778+00:00,21,8,2017-06-20,2779,0,1318,1462,0,0,1318,0,0,0,0,0,0,0,-2462,5386
2017-09-28 21:20:14.296416+00:00,2017-09-28 21:20:14.296778+00:00,21,8,2017-06-21,1462,0,1318,144,0,0,1318,0,0,0,0,0,0,0,-3817,4105
2017-09-28 21:20:14.296416+00:00,2017-09-28 21:20:14.296778+00:00,21,8,2017-06-22,144,0,1318,-1174,0,0,1318,0,0,0,0,0,0,0,-5171,2824
2017-09-28 21:20:14.296416+00:00,2017-09-28 21:20:14.296778+00:00,21,8,2017-06-23,-1174,0,1318,-2491,0,0,1318,0,0,0,0,0,0,0,-6526,1543
2017-09-28 21:20:14.296416+00:00,2017-09-28 21:20:14.296778+00:00,21,8,2017-06-24,-2491,0,1318,-3809,0,0,1318,0,0,0,0,0,0,0,-7880,262
2017-09-28 21:20:14.296416+00:00,2017-09-28 21:20:14.296778+00:00,21,8,2017-06-25,-3809,0,1318,-5127,0,0,1318,0,0,0,0,0,0,0,-9217,-1036
2017-09-28 21:20:14.296416+00:00,2017-09-28 21:20:14.296778+00:00,21,8,2017-06-26,-5127,0,1318,-6444,0,0,1318,0,0,0,0,0,0,0,-10555,-2334
2017-09-28 21:20:14.296416+00:00,2017-09-28 21:20:14.296778+00:00,21,8,2017-06-27,-6444,0,1318,-7762,0,0,1318,0,0,0,0,0,0,0,-11892,-3632
2017-09-28 21:20:14.296416+00:00,2017-09-28 21:20:14.296778+00:00,21,8,2017-06-28,-7762,0,1286,-9048,0,0,1286,0,0,0,0,0,0,0,-13197,-4899
2017-09-28 21:20:14.296416+00:00,2017-09-28 21:20:14.296778+00:00,21,8,2017-06-29,-9048,0,1318,-10366,0,0,1318,0,0,0,0,0,0,0,-14540,-6192
2017-09-28 21:20:14.296416+00:00,2017-09-28 21:20:14.296778+00:00,21,8,2017-06-30,-10366,0,1318,-11683,0,0,1318,0,0,0,0,0,0,0,-15874,-7493
2017-09-28 21:20:14.296416+00:00,2017-09-28 21:20:14.296778+00:00,21,9,2017-06-06,33516,0,10579,22937,0,0,10579,0,0,0,0,0,0,0,20385,25490
2017-09-28 21:20:14.296416+00:00,2017-09-28 21:20:14.296778+00:00,21,9,2017-06-07,22937,0,10576,12362,0,0,10576,0,0,0,0,0,0,0,7263,17460
2017-09-28 21:20:14.296416+00:00,2017-09-28 21:20:14.296778+00:00,21,9,2017-06-08,12362,0,10576,1786,0,0,10576,0,0,0,0,0,0,0,-5860,9433
2017-09-28 21:20:14.296416+00:00,2017-09-28 21:20:14.296778+00:00,21,9,2017-06-09,1786,0,10575,-8789,0,0,10575,0,0,0,0,0,0,0,-18967,1388
2017-09-28 21:20:14.296416+00:00,2017-09-28 21:20:14.296778+00:00,21,9,2017-06-10,-8789,0,10570,-19359,0,0,10570,0,0,0,0,0,0,0,-31687,-7031
2017-09-28 21:20:14.296416+00:00,2017-09-28 21:20:14.296778+00:00,21,9,2017-06-11,-19359,0,10572,-29932,0,0,10572,0,0,0,0,0,0,0,-44404,-15459
2017-09-28 21:20:14.296416+00:00,2017-09-28 21:20:14.296778+00:00,21,9,2017-06-12,-29932,0,10575,-40507,0,0,10575,0,0,0,0,0,0,0,-56254,-24760
2017-09-28 21:20:14.296416+00:00,2017-09-28 21:20:14.296778+00:00,21,9,2017-06-13,-40507,0,10575,-51082,0,0,10575,0,0,0,0,0,0,0,-68079,-34084
2017-09-28 21:20:14.296416+00:00,2017-09-28 21:20:14.296778+00:00,21,9,2017-06-14,-51082,0,10575,-61657,0,0,10575,0,0,0,0,0,0,0,-79903,-43410
2017-09-28 21:20:14.296416+00:00,2017-09-28 21:20:14.296778+00:00,21,9,2017-06-15,-61657,0,10575,-72232,0,0,10575,0,0,0,0,0,0,0,-91304,-53159
2017-09-28 21:20:14.296416+00:00,2017-09-28 21:20:14.296778+00:00,21,9,2017-06-16,-72232,0,10575,-82807,0,0,10575,0,0,0,0,0,0,0,-102287,-63327
2017-09-28 21:20:14.296416+00:00,2017-09-28 21:20:14.296778+00:00,21,9,2017-06-17,-82807,0,10575,-93383,0,0,10575,0,0,0,0,0,0,0,-113252,-73513
2017-09-28 21:20:14.296416+00:00,2017-09-28 21:20:14.296778+00:00,21,9,2017-06-18,-93383,0,10575,-103958,0,0,10575,0,0,0,0,0,0,0,-124122,-83794
2017-09-28 21:20:14.296416+00:00,2017-09-28 21:20:14.296778+00:00,21,9,2017-06-19,-103958,0,10575,-114534,0,0,10575,0,0,0,0,0,0,0,-134732,-94335
2017-09-28 21:20:14.296416+00:00,2017-09-28 21:20:14.296778+00:00,21,9,2017-06-20,-114534,0,10575,-125109,0,0,10575,0,0,0,0,0,0,0,-145311,-104907
2017-09-28 21:20:14.296416+00:00,2017-09-28 21:20:14.296778+00:00,21,9,2017-06-21,-125109,0,10575,-135685,0,0,10575,0,0,0,0,0,0,0,-155890,-115479
2017-09-28 21:20:14.296416+00:00,2017-09-28 21:20:14.296778+00:00,21,9,2017-06-22,-135685,0,10575,-146260,0,0,10575,0,0,0,0,0,0,0,-166468,-126052
2017-09-28 21:20:14.296416+00:00,2017-09-28 21:20:14.296778+00:00,21,9,2017-06-23,-146260,0,10575,-156836,0,0,10575,0,0,0,0,0,0,0,-177047,-136624
2017-09-28 21:20:14.296416+00:00,2017-09-28 21:20:14.296778+00:00,21,9,2017-06-24,-156836,0,10575,-167411,0,0,10575,0,0,0,0,0,0,0,-187626,-147196
2017-09-28 21:20:14.296416+00:00,2017-09-28 21:20:14.296778+00:00,21,9,2017-06-25,-167411,0,10575,-177987,0,0,10575,0,0,0,0,0,0,0,-198203,-157770
2017-09-28 21:20:14.296416+00:00,2017-09-28 21:20:14.296778+00:00,21,9,2017-06-26,-177987,0,10575,-188562,0,0,10575,0,0,0,0,0,0,0,-208779,-168345
2017-09-28 21:20:14.296416+00:00,2017-09-28 21:20:14.296778+00:00,21,9,2017-06-27,-188562,0,10575,-199138,0,0,10575,0,0,0,0,0,0,0,-219355,-178920
2017-09-28 21:20:14.296416+00:00,2017-09-28 21:20:14.296778+00:00,21,9,2017-06-28,-199138,0,10575,-209713,0,0,10575,0,0,0,0,0,0,0,-229931,-189495
2017-09-28 21:20:14.296416+00:00,2017-09-28 21:20:14.296778+00:00,21,9,2017-06-29,-209713,0,10575,-220289,0,0,10575,0,0,0,0,0,0,0,-240507,-200070
2017-09-28 21:20:14.296416+00:00,2017-09-28 21:20:14.296778+00:00,21,9,2017-06-30,-220289,0,10575,-230864,0,0,10575,0,0,0,0,0,0,0,-251082,-210646
2017-09-28 21:20:14.296416+00:00,2017-09-28 21:20:14.296778+00:00,21,14,2017-06-06,33576,0,2074,31502,0,0,2074,0,0,0,0,0,0,0,30402,32603
2017-09-28 21:20:14.296416+00:00,2017-09-28 21:20:14.296778+00:00,21,14,2017-06-07,31502,0,1977,29526,0,0,1977,0,0,0,0,0,0,0,27330,31721
2017-09-28 21:20:14.296416+00:00,2017-09-28 21:20:14.296778+00:00,21,14,2017-06-08,29526,0,1999,27526,0,0,1999,0,0,0,0,0,0,0,24244,30809
2017-09-28 21:20:14.296416+00:00,2017-09-28 21:20:14.296778+00:00,21,14,2017-06-09,27526,0,1983,25544,0,0,1983,0,0,0,0,0,0,0,21198,29890
2017-09-28 21:20:14.296416+00:00,2017-09-28 21:20:14.296778+00:00,21,14,2017-06-10,25544,0,1954,23590,0,0,1954,0,0,0,0,0,0,0,18233,28947
2017-09-28 21:20:14.296416+00:00,2017-09-28 21:20:14.296778+00:00,21,14,2017-06-11,23590,0,1912,21678,0,0,1912,0,0,0,0,0,0,0,15314,28041
2017-09-28 21:20:14.296416+00:00,2017-09-28 21:20:14.296778+00:00,21,14,2017-06-12,21678,0,1899,19778,0,0,1899,0,0,0,0,0,0,0,12631,26925
2017-09-28 21:20:14.296416+00:00,2017-09-28 21:20:14.296778+00:00,21,14,2017-06-13,19778,0,1994,17784,0,0,1994,0,0,0,0,0,0,0,9896,25673
2017-09-28 21:20:14.296416+00:00,2017-09-28 21:20:14.296778+00:00,21,14,2017-06-14,17784,0,1993,15791,0,0,1993,0,0,0,0,0,0,0,7162,24419
2017-09-28 21:20:14.296416+00:00,2017-09-28 21:20:14.296778+00:00,21,14,2017-06-15,15791,0,2021,13770,0,0,2021,0,0,0,0,0,0,0,4404,23135
2017-09-28 21:20:14.296416+00:00,2017-09-28 21:20:14.296778+00:00,21,14,2017-06-16,13770,0,1957,11813,0,0,1957,0,0,0,0,0,0,0,1915,21711
2017-09-28 21:20:14.296416+00:00,2017-09-28 21:20:14.296778+00:00,21,14,2017-06-17,11813,0,1981,9832,0,0,1981,0,0,0,0,0,0,0,-563,20227
2017-09-28 21:20:14.296416+00:00,2017-09-28 21:20:14.296778+00:00,21,14,2017-06-18,9832,0,1993,7839,0,0,1993,0,0,0,0,0,0,0,-3051,18729
2017-09-28 21:20:14.296416+00:00,2017-09-28 21:20:14.296778+00:00,21,14,2017-06-19,7839,0,1977,5861,0,0,1977,0,0,0,0,0,0,0,-5392,17115
2017-09-28 21:20:14.296416+00:00,2017-09-28 21:20:14.296778+00:00,21,14,2017-06-20,5861,0,1977,3884,0,0,1977,0,0,0,0,0,0,0,-7454,15222
2017-09-28 21:20:14.296416+00:00,2017-09-28 21:20:14.296778+00:00,21,14,2017-06-21,3884,0,1993,1891,0,0,1993,0,0,0,0,0,0,0,-9512,13293
2017-09-28 21:20:14.296416+00:00,2017-09-28 21:20:14.296778+00:00,21,14,2017-06-22,1891,0,1993,-103,0,0,1993,0,0,0,0,0,0,0,-11571,11366
2017-09-28 21:20:14.296416+00:00,2017-09-28 21:20:14.296778+00:00,21,14,2017-06-23,-103,0,1993,-2096,0,0,1993,0,0,0,0,0,0,0,-13629,9437
2017-09-28 21:20:14.296416+00:00,2017-09-28 21:20:14.296778+00:00,21,14,2017-06-24,-2096,0,1993,-4089,0,0,1993,0,0,0,0,0,0,0,-15688,7510
2017-09-28 21:20:14.296416+00:00,2017-09-28 21:20:14.296778+00:00,21,14,2017-06-25,-4089,0,1977,-6067,0,0,1977,0,0,0,0,0,0,0,-17731,5598
2017-09-28 21:20:14.296416+00:00,2017-09-28 21:20:14.296778+00:00,21,14,2017-06-26,-6067,0,1977,-8044,0,0,1977,0,0,0,0,0,0,0,-19763,3675
2017-09-28 21:20:14.296416+00:00,2017-09-28 21:20:14.296778+00:00,21,14,2017-06-27,-8044,0,1977,-10022,0,0,1977,0,0,0,0,0,0,0,-21769,1726
2017-09-28 21:20:14.296416+00:00,2017-09-28 21:20:14.296778+00:00,21,14,2017-06-28,-10022,0,1993,-12015,0,0,1993,0,0,0,0,0,0,0,-23791,-239
2017-09-28 21:20:14.296416+00:00,2017-09-28 21:20:14.296778+00:00,21,14,2017-06-29,-12015,0,1993,-14008,0,0,1993,0,0,0,0,0,0,0,-25813,-2203
2017-09-28 21:20:14.296416+00:00,2017-09-28 21:20:14.296778+00:00,21,14,2017-06-30,-14008,0,1993,-16001,0,0,1993,0,0,0,0,0,0,0,-27828,-4175
2017-09-28 21:20:14.296416+00:00,2017-09-28 21:20:14.296778+00:00,30,8,2017-06-06,27354,0,470,26884,0,0,470,0,0,0,0,0,0,0,26485,27284
2017-09-28 21:20:14.296416+00:00,2017-09-28 21:20:14.296778+00:00,30,8,2017-06-07,26884,20000,451,46433,20000,0,451,0,0,0,0,0,0,0,45715,47151
2017-09-28 21:20:14.296416+00:00,2017-09-28 21:20:14.296778+00:00,30,8,2017-06-08,46433,0,502,45931,0,0,502,0,0,0,0,0,0,0,44955,46906
2017-09-28 21:20:14.296416+00:00,2017-09-28 21:20:14.296778+00:00,30,8,2017-06-09,45931,0,477,45454,0,0,477,0,0,0,0,0,0,0,44234,46673
2017-09-28 21:20:14.296416+00:00,2017-09-28 21:20:14.296778+00:00,30,8,2017-06-10,45454,0,487,44967,0,0,487,0,0,0,0,0,0,0,43556,46377
2017-09-28 21:20:14.296416+00:00,2017-09-28 21:20:14.296778+00:00,30,8,2017-06-11,44967,20000,476,64491,20000,0,476,0,0,0,0,0,0,0,62902,66080
2017-09-28 21:20:14.296416+00:00,2017-09-28 21:20:14.296778+00:00,30,8,2017-06-12,64491,0,482,64009,0,0,482,0,0,0,0,0,0,0,62264,65755
2017-09-28 21:20:14.296416+00:00,2017-09-28 21:20:14.296778+00:00,30,8,2017-06-13,64009,0,482,63528,0,0,482,0,0,0,0,0,0,0,61632,65424
2017-09-28 21:20:14.296416+00:00,2017-09-28 21:20:14.296778+00:00,30,8,2017-06-14,63528,0,478,63049,0,0,478,0,0,0,0,0,0,0,61031,65068
2017-09-28 21:20:14.296416+00:00,2017-09-28 21:20:14.296778+00:00,30,8,2017-06-15,63049,0,486,62563,0,0,486,0,0,0,0,0,0,0,60423,64704
2017-09-28 21:20:14.296416+00:00,2017-09-28 21:20:14.296778+00:00,30,8,2017-06-16,62563,0,486,62077,0,0,486,0,0,0,0,0,0,0,59828,64326
2017-09-28 21:20:14.296416+00:00,2017-09-28 21:20:14.296778+00:00,30,8,2017-06-17,62077,0,480,61597,0,0,480,0,0,0,0,0,0,0,59246,63948
2017-09-28 21:20:14.296416+00:00,2017-09-28 21:20:14.296778+00:00,30,8,2017-06-18,61597,0,486,61111,0,0,486,0,0,0,0,0,0,0,58697,63525
2017-09-28 21:20:14.296416+00:00,2017-09-28 21:20:14.296778+00:00,30,8,2017-06-19,61111,0,486,60624,0,0,486,0,0,0,0,0,0,0,58155,63094
2017-09-28 21:20:14.296416+00:00,2017-09-28 21:20:14.296778+00:00,30,8,2017-06-20,60624,0,476,60148,0,0,476,0,0,0,0,0,0,0,57657,62640
2017-09-28 21:20:14.296416+00:00,2017-09-28 21:20:14.296778+00:00,30,8,2017-06-21,60148,0,480,59669,0,0,480,0,0,0,0,0,0,0,57156,62182
2017-09-28 21:20:14.296416+00:00,2017-09-28 21:20:14.296778+00:00,30,8,2017-06-22,59669,0,486,59182,0,0,486,0,0,0,0,0,0,0,56656,61709
2017-09-28 21:20:14.296416+00:00,2017-09-28 21:20:14.296778+00:00,30,8,2017-06-23,59182,20000,486,78696,20000,0,486,0,0,0,0,0,0,0,76161,81231
2017-09-28 21:20:14.296416+00:00,2017-09-28 21:20:14.296778+00:00,30,8,2017-06-24,78696,0,476,78220,0,0,476,0,0,0,0,0,0,0,75677,80763
2017-09-28 21:20:14.296416+00:00,2017-09-28 21:20:14.296778+00:00,30,8,2017-06-25,78220,0,476,77744,0,0,476,0,0,0,0,0,0,0,75192,80296
2017-09-28 21:20:14.296416+00:00,2017-09-28 21:20:14.296778+00:00,30,8,2017-06-26,77744,10000,1150,86594,10000,0,1150,0,0,0,0,0,0,0,84034,89155
2017-09-28 21:20:14.296416+00:00,2017-09-28 21:20:14.296778+00:00,30,8,2017-06-27,86594,0,1150,85445,0,0,1150,0,0,0,0,0,0,0,82535,88355
2017-09-28 21:20:14.296416+00:00,2017-09-28 21:20:14.296778+00:00,30,8,2017-06-28,85445,0,218,85227,0,0,218,0,0,0,0,0,0,0,81841,88355
2017-09-28 21:20:14.296416+00:00,2017-09-28 21:20:14.296778+00:00,30,8,2017-06-29,85227,0,211,85016,0,0,211,0,0,0,0,0,0,0,81121,88355
2017-09-28 21:20:14.296416+00:00,2017-09-28 21:20:14.296778+00:00,30,8,2017-06-30,85016,0,203,84813,0,0,203,0,0,0,0,0,0,0,80377,88355
2017-09-28 21:20:14.296416+00:00,2017-09-28 21:20:14.296778+00:00,30,9,2017-06-06,128161,0,17894,110267,0,0,17894,0,0,0,0,0,0,0,102855,117678
2017-09-28 21:20:14.296416+00:00,2017-09-28 21:20:14.296778+00:00,30,9,2017-06-07,110267,0,8336,101931,0,0,8336,0,0,0,0,0,0,0,87179,116682
2017-09-28 21:20:14.296416+00:00,2017-09-28 21:20:14.296778+00:00,30,9,2017-06-08,101931,0,8336,93595,0,0,8336,0,0,0,0,0,0,0,72394,114796
2017-09-28 21:20:14.296416+00:00,2017-09-28 21:20:14.296778+00:00,30,9,2017-06-09,93595,0,7916,85679,0,0,7916,0,0,0,0,0,0,0,58513,112845
2017-09-28 21:20:14.296416+00:00,2017-09-28 21:20:14.296778+00:00,30,9,2017-06-10,85679,150000,8002,227677,150000,0,8002,0,0,0,0,0,0,0,195096,260258
2017-09-28 21:20:14.296416+00:00,2017-09-28 21:20:14.296778+00:00,30,9,2017-06-11,227677,51800,8037,271440,51800,0,8037,0,0,0,0,0,0,0,233507,309374
2017-09-28 21:20:14.296416+00:00,2017-09-28 21:20:14.296778+00:00,30,9,2017-06-12,271440,30000,8022,293419,30000,0,8022,0,0,0,0,0,0,0,250152,336685
2017-09-28 21:20:14.296416+00:00,2017-09-28 21:20:14.296778+00:00,30,9,2017-06-13,293419,0,8336,285083,0,0,8336,0,0,0,0,0,0,0,236602,333563
2017-09-28 21:20:14.296416+00:00,2017-09-28 21:20:14.296778+00:00,30,9,2017-06-14,285083,0,8336,276747,0,0,8336,0,0,0,0,0,0,0,223069,330425
2017-09-28 21:20:14.296416+00:00,2017-09-28 21:20:14.296778+00:00,30,9,2017-06-15,276747,0,8057,268690,0,0,8057,0,0,0,0,0,0,0,209825,327555
2017-09-28 21:20:14.296416+00:00,2017-09-28 21:20:14.296778+00:00,30,9,2017-06-16,268690,0,8006,260683,0,0,8006,0,0,0,0,0,0,0,196626,324741
2017-09-28 21:20:14.296416+00:00,2017-09-28 21:20:14.296778+00:00,30,9,2017-06-17,260683,0,8009,252674,0,0,8009,0,0,0,0,0,0,0,183406,321942
2017-09-28 21:20:14.296416+00:00,2017-09-28 21:20:14.296778+00:00,30,9,2017-06-18,252674,5000,8027,249647,5000,0,8027,0,0,0,0,0,0,0,175160,324135
2017-09-28 21:20:14.296416+00:00,2017-09-28 21:20:14.296778+00:00,30,9,2017-06-19,249647,30000,7957,271690,30000,0,7957,0,0,0,0,0,0,0,192087,351293
2017-09-28 21:20:14.296416+00:00,2017-09-28 21:20:14.296778+00:00,30,9,2017-06-20,271690,0,8336,263354,0,0,8336,0,0,0,0,0,0,0,178614,348094
2017-09-28 21:20:14.296416+00:00,2017-09-28 21:20:14.296778+00:00,30,9,2017-06-21,263354,0,8336,255018,0,0,8336,0,0,0,0,0,0,0,169948,340089
2017-09-28 21:20:14.296416+00:00,2017-09-28 21:20:14.296778+00:00,30,9,2017-06-22,255018,0,8039,246979,0,0,8039,0,0,0,0,0,0,0,161578,332380
2017-09-28 21:20:14.296416+00:00,2017-09-28 21:20:14.296778+00:00,30,9,2017-06-23,246979,35000,8006,273973,35000,0,8006,0,0,0,0,0,0,0,188262,359683
2017-09-28 21:20:14.296416+00:00,2017-09-28 21:20:14.296778+00:00,30,9,2017-06-24,273973,12900,8006,278866,12900,0,8006,0,0,0,0,0,0,0,192859,364874
2017-09-28 21:20:14.296416+00:00,2017-09-28 21:20:14.296778+00:00,30,9,2017-06-25,278866,0,7957,270909,0,0,7957,0,0,0,0,0,0,0,184605,357213
2017-09-28 21:20:14.296416+00:00,2017-09-28 21:20:14.296778+00:00,30,9,2017-06-26,270909,0,7957,262952,0,0,7957,0,0,0,0,0,0,0,176343,349561
2017-09-28 21:20:14.296416+00:00,2017-09-28 21:20:14.296778+00:00,30,9,2017-06-27,262952,0,8336,254616,0,0,8336,0,0,0,0,0,0,0,167696,341537
2017-09-28 21:20:14.296416+00:00,2017-09-28 21:20:14.296778+00:00,30,9,2017-06-28,254616,0,8336,246280,0,0,8336,0,0,0,0,0,0,0,159048,333513
2017-09-28 21:20:14.296416+00:00,2017-09-28 21:20:14.296778+00:00,30,9,2017-06-29,246280,0,8336,237945,0,0,8336,0,0,0,0,0,0,0,150400,325489
2017-09-28 21:20:14.296416+00:00,2017-09-28 21:20:14.296778+00:00,30,9,2017-06-30,237945,0,8040,229904,0,0,8040,0,0,0,0,0,0,0,142026,317783
2017-09-28 21:20:14.296416+00:00,2017-09-28 21:20:14.296778+00:00,30,14,2017-06-06,111936,0,15589,96347,0,0,15589,0,0,0,0,0,0,0,87235,105458
2017-09-28 21:20:14.296416+00:00,2017-09-28 21:20:14.296778+00:00,30,14,2017-06-07,96347,0,15461,80886,0,0,15461,0,0,0,0,0,0,0,62919,98853
2017-09-28 21:20:14.296416+00:00,2017-09-28 21:20:14.296778+00:00,30,14,2017-06-08,80886,0,15683,65203,0,0,15683,0,0,0,0,0,0,0,38861,91546
2017-09-28 21:20:14.296416+00:00,2017-09-28 21:20:14.296778+00:00,30,14,2017-06-09,65203,0,15661,49542,0,0,15661,0,0,0,0,0,0,0,15185,83899
2017-09-28 21:20:14.296416+00:00,2017-09-28 21:20:14.296778+00:00,30,14,2017-06-10,49542,18600,14074,54068,18600,0,14074,0,0,0,0,0,0,0,12191,95945
2017-09-28 21:20:14.296416+00:00,2017-09-28 21:20:14.296778+00:00,30,14,2017-06-11,54068,0,14749,39319,0,0,14749,0,0,0,0,0,0,0,-9703,88342
2017-09-28 21:20:14.296416+00:00,2017-09-28 21:20:14.296778+00:00,30,14,2017-06-12,39319,66400,15437,90283,66400,0,15437,0,0,0,0,0,0,0,35050,145515
2017-09-28 21:20:14.296416+00:00,2017-09-28 21:20:14.296778+00:00,30,14,2017-06-13,90283,61000,15672,135610,61000,0,15672,0,0,0,0,0,0,0,74948,196273
2017-09-28 21:20:14.296416+00:00,2017-09-28 21:20:14.296778+00:00,30,14,2017-06-14,135610,18600,15672,138538,18600,0,15672,0,0,0,0,0,0,0,72459,204617
2017-09-28 21:20:14.296416+00:00,2017-09-28 21:20:14.296778+00:00,30,14,2017-06-15,138538,0,15296,123242,0,0,15296,0,0,0,0,0,0,0,51749,194735
2017-09-28 21:20:14.296416+00:00,2017-09-28 21:20:14.296778+00:00,30,14,2017-06-16,123242,66400,14696,174946,66400,0,14696,0,0,0,0,0,0,0,99324,250568
2017-09-28 21:20:14.296416+00:00,2017-09-28 21:20:14.296778+00:00,30,14,2017-06-17,174946,0,14156,160790,0,0,14156,0,0,0,0,0,0,0,81268,240312
2017-09-28 21:20:14.296416+00:00,2017-09-28 21:20:14.296778+00:00,30,14,2017-06-18,160790,0,14702,146088,0,0,14702,0,0,0,0,0,0,0,62720,229455
2017-09-28 21:20:14.296416+00:00,2017-09-28 21:20:14.296778+00:00,30,14,2017-06-19,146088,18600,15116,149571,18600,0,15116,0,0,0,0,0,0,0,64476,234667
2017-09-28 21:20:14.296416+00:00,2017-09-28 21:20:14.296778+00:00,30,14,2017-06-20,149571,0,15672,133899,0,0,15672,0,0,0,0,0,0,0,47690,220108
2017-09-28 21:20:14.296416+00:00,2017-09-28 21:20:14.296778+00:00,30,14,2017-06-21,133899,66400,15672,184627,66400,0,15672,0,0,0,0,0,0,0,97293,271960
2017-09-28 21:20:14.296416+00:00,2017-09-28 21:20:14.296778+00:00,30,14,2017-06-22,184627,0,15382,169244,0,0,15382,0,0,0,0,0,0,0,80763,257725
2017-09-28 21:20:14.296416+00:00,2017-09-28 21:20:14.296778+00:00,30,14,2017-06-23,169244,0,14701,154543,0,0,14701,0,0,0,0,0,0,0,64945,244141
2017-09-28 21:20:14.296416+00:00,2017-09-28 21:20:14.296778+00:00,30,14,2017-06-24,154543,66400,14142,206801,66400,0,14142,0,0,0,0,0,0,0,116105,297497
2017-09-28 21:20:14.296416+00:00,2017-09-28 21:20:14.296778+00:00,30,14,2017-06-25,206801,43600,14703,235698,43600,0,14703,0,0,0,0,0,0,0,143922,327474
2017-09-28 21:20:14.296416+00:00,2017-09-28 21:20:14.296778+00:00,30,14,2017-06-26,235698,0,15336,220362,0,0,15336,0,0,0,0,0,0,0,127501,313223
2017-09-28 21:20:14.296416+00:00,2017-09-28 21:20:14.296778+00:00,30,14,2017-06-27,220362,0,15672,204690,0,0,15672,0,0,0,0,0,0,0,110753,298626
2017-09-28 21:20:14.296416+00:00,2017-09-28 21:20:14.296778+00:00,30,14,2017-06-28,204690,0,15672,189017,0,0,15672,0,0,0,0,0,0,0,94005,284029
2017-09-28 21:20:14.296416+00:00,2017-09-28 21:20:14.296778+00:00,30,14,2017-06-29,189017,0,15162,173855,0,0,15162,0,0,0,0,0,0,0,77768,269943
2017-09-28 21:20:14.296416+00:00,2017-09-28 21:20:14.296778+00:00,30,14,2017-06-30,173855,85000,14701,244154,85000,0,14701,0,0,0,0,0,0,0,146997,341311
2017-09-28 21:20:14.296416+00:00,2017-09-28 21:20:14.296778+00:00,40,8,2017-06-06,18841,0,5547,13294,0,0,5547,0,0,0,0,0,0,0,12123,14466
2017-09-28 21:20:14.296416+00:00,2017-09-28 21:20:14.296778+00:00,40,8,2017-06-07,13294,7700,5662,15332,7700,0,5662,0,0,0,0,0,0,0,13071,17594
2017-09-28 21:20:14.296416+00:00,2017-09-28 21:20:14.296778+00:00,40,8,2017-06-08,15332,12200,5430,22102,12200,0,5430,0,0,0,0,0,0,0,18844,25360
2017-09-28 21:20:14.296416+00:00,2017-09-28 21:20:14.296778+00:00,40,8,2017-06-09,22102,0,5354,16748,0,0,5354,0,0,0,0,0,0,0,12719,20778
2017-09-28 21:20:14.296416+00:00,2017-09-28 21:20:14.296778+00:00,40,8,2017-06-10,16748,20000,5700,31049,20000,0,5700,0,0,0,0,0,0,0,26443,35654
2017-09-28 21:20:14.296416+00:00,2017-09-28 21:20:14.296778+00:00,40,8,2017-06-11,31049,0,5247,25801,0,0,5247,0,0,0,0,0,0,0,20593,31010
2017-09-28 21:20:14.296416+00:00,2017-09-28 21:20:14.296778+00:00,40,8,2017-06-12,25801,0,5214,20587,0,0,5214,0,0,0,0,0,0,0,14821,26352
2017-09-28 21:20:14.296416+00:00,2017-09-28 21:20:14.296778+00:00,40,8,2017-06-13,20587,14000,5700,28887,14000,0,5700,0,0,0,0,0,0,0,22557,35217
2017-09-28 21:20:14.296416+00:00,2017-09-28 21:20:14.296778+00:00,40,8,2017-06-14,28887,6000,5700,29186,6000,0,5700,0,0,0,0,0,0,0,22410,35962
2017-09-28 21:20:14.296416+00:00,2017-09-28 21:20:14.296778+00:00,40,8,2017-06-15,29186,0,5700,23486,0,0,5700,0,0,0,0,0,0,0,16232,30739
2017-09-28 21:20:14.296416+00:00,2017-09-28 21:20:14.296778+00:00,40,8,2017-06-16,23486,0,5692,17794,0,0,5692,0,0,0,0,0,0,0,10042,25545
2017-09-28 21:20:14.296416+00:00,2017-09-28 21:20:14.296778+00:00,40,8,2017-06-17,17794,20000,5694,32100,20000,0,5694,0,0,0,0,0,0,0,23831,40369
2017-09-28 21:20:14.296416+00:00,2017-09-28 21:20:14.296778+00:00,40,8,2017-06-18,32100,0,5695,26405,0,0,5695,0,0,0,0,0,0,0,17646,35164
2017-09-28 21:20:14.296416+00:00,2017-09-28 21:20:14.296778+00:00,40,8,2017-06-19,26405,0,5696,20709,0,0,5696,0,0,0,0,0,0,0,11517,29900
2017-09-28 21:20:14.296416+00:00,2017-09-28 21:20:14.296778+00:00,40,8,2017-06-20,20709,19000,5700,34008,19000,0,5700,0,0,0,0,0,0,0,24458,43559
2017-09-28 21:20:14.296416+00:00,2017-09-28 21:20:14.296778+00:00,40,8,2017-06-21,34008,1000,5700,29308,1000,0,5700,0,0,0,0,0,0,0,19393,39222
2017-09-28 21:20:14.296416+00:00,2017-09-28 21:20:14.296778+00:00,40,8,2017-06-22,29308,0,5700,23607,0,0,5700,0,0,0,0,0,0,0,13326,33889
2017-09-28 21:20:14.296416+00:00,2017-09-28 21:20:14.296778+00:00,40,8,2017-06-23,23607,7700,5700,25607,7700,0,5700,0,0,0,0,0,0,0,14965,36249
2017-09-28 21:20:14.296416+00:00,2017-09-28 21:20:14.296778+00:00,40,8,2017-06-24,25607,12200,5700,32107,12200,0,5700,0,0,0,0,0,0,0,21132,43082
2017-09-28 21:20:14.296416+00:00,2017-09-28 21:20:14.296778+00:00,40,8,2017-06-25,32107,0,5700,26406,0,0,5700,0,0,0,0,0,0,0,15098,37714
2017-09-28 21:20:14.296416+00:00,2017-09-28 21:20:14.296778+00:00,40,8,2017-06-26,26406,0,5700,20706,0,0,5700,0,0,0,0,0,0,0,9144,32268
2017-09-28 21:20:14.296416+00:00,2017-09-28 21:20:14.296778+00:00,40,8,2017-06-27,20706,0,5700,15006,0,0,5700,0,0,0,0,0,0,0,3438,26573
2017-09-28 21:20:14.296416+00:00,2017-09-28 21:20:14.296778+00:00,40,8,2017-06-28,15006,0,5700,9305,0,0,5700,0,0,0,0,0,0,0,-2268,20879
2017-09-28 21:20:14.296416+00:00,2017-09-28 21:20:14.296778+00:00,40,8,2017-06-29,9305,0,5700,3605,0,0,5700,0,0,0,0,0,0,0,-7974,15184
2017-09-28 21:20:14.296416+00:00,2017-09-28 21:20:14.296778+00:00,40,8,2017-06-30,3605,0,5700,-2096,0,0,5700,0,0,0,0,0,0,0,-13681,9490
2017-09-28 21:20:14.296416+00:00,2017-09-28 21:20:14.296778+00:00,40,9,2017-06-06,63809,0,18521,45288,0,0,18521,0,0,0,0,0,0,0,42548,48029
2017-09-28 21:20:14.296416+00:00,2017-09-28 21:20:14.296778+00:00,40,9,2017-06-07,45288,49000,18603,75686,49000,0,18603,0,0,0,0,0,0,0,70554,80817
2017-09-28 21:20:14.296416+00:00,2017-09-28 21:20:14.296778+00:00,40,9,2017-06-08,75686,1100,18391,58395,1100,0,18391,0,0,0,0,0,0,0,50869,65921
2017-09-28 21:20:14.296416+00:00,2017-09-28 21:20:14.296778+00:00,40,9,2017-06-09,58395,0,18287,40107,0,0,18287,0,0,0,0,0,0,0,30768,49447
2017-09-28 21:20:14.296416+00:00,2017-09-28 21:20:14.296778+00:00,40,9,2017-06-10,40107,0,18144,21963,0,0,18144,0,0,0,0,0,0,0,11112,32813
2017-09-28 21:20:14.296416+00:00,2017-09-28 21:20:14.296778+00:00,40,9,2017-06-11,21963,49900,18149,53713,49900,0,18149,0,0,0,0,0,0,0,41494,65932
2017-09-28 21:20:14.296416+00:00,2017-09-28 21:20:14.296778+00:00,40,9,2017-06-12,53713,24900,18180,60433,24900,0,18180,0,0,0,0,0,0,0,47391,73475
2017-09-28 21:20:14.296416+00:00,2017-09-28 21:20:14.296778+00:00,40,9,2017-06-13,60433,0,18194,42239,0,0,18194,0,0,0,0,0,0,0,28456,56022
2017-09-28 21:20:14.296416+00:00,2017-09-28 21:20:14.296778+00:00,40,9,2017-06-14,42239,46400,18081,70558,46400,0,18081,0,0,0,0,0,0,0,56093,85023
2017-09-28 21:20:14.296416+00:00,2017-09-28 21:20:14.296778+00:00,40,9,2017-06-15,70558,3600,18059,56100,3600,0,18059,0,0,0,0,0,0,0,40967,71232
2017-09-28 21:20:14.296416+00:00,2017-09-28 21:20:14.296778+00:00,40,9,2017-06-16,56100,24900,17927,63073,24900,0,17927,0,0,0,0,0,0,0,47295,78850
2017-09-28 21:20:14.296416+00:00,2017-09-28 21:20:14.296778+00:00,40,9,2017-06-17,63073,25000,18018,70054,25000,0,18018,0,0,0,0,0,0,0,53631,86478
2017-09-28 21:20:14.296416+00:00,2017-09-28 21:20:14.296778+00:00,40,9,2017-06-18,70054,25000,18590,76465,25000,0,18590,0,0,0,0,0,0,0,59393,93537
2017-09-28 21:20:14.296416+00:00,2017-09-28 21:20:14.296778+00:00,40,9,2017-06-19,76465,0,18592,57873,0,0,18592,0,0,0,0,0,0,0,40374,75371
2017-09-28 21:20:14.296416+00:00,2017-09-28 21:20:14.296778+00:00,40,9,2017-06-20,57873,50000,18594,89279,50000,0,18594,0,0,0,0,0,0,0,71325,107232
2017-09-28 21:20:14.296416+00:00,2017-09-28 21:20:14.296778+00:00,40,9,2017-06-21,89279,0,18107,71171,0,0,18107,0,0,0,0,0,0,0,52750,89593
2017-09-28 21:20:14.296416+00:00,2017-09-28 21:20:14.296778+00:00,40,9,2017-06-22,71171,0,18118,53053,0,0,18118,0,0,0,0,0,0,0,34196,71911
2017-09-28 21:20:14.296416+00:00,2017-09-28 21:20:14.296778+00:00,40,9,2017-06-23,53053,27000,18596,61457,27000,0,18596,0,0,0,0,0,0,0,42169,80745
2017-09-28 21:20:14.296416+00:00,2017-09-28 21:20:14.296778+00:00,40,9,2017-06-24,61457,23000,18596,65861,23000,0,18596,0,0,0,0,0,0,0,46100,85623
2017-09-28 21:20:14.296416+00:00,2017-09-28 21:20:14.296778+00:00,40,9,2017-06-25,65861,25000,18597,72265,25000,0,18597,0,0,0,0,0,0,0,51998,92531
2017-09-28 21:20:14.296416+00:00,2017-09-28 21:20:14.296778+00:00,40,9,2017-06-26,72265,0,18621,53644,0,0,18621,0,0,0,0,0,0,0,32851,74437
2017-09-28 21:20:14.296416+00:00,2017-09-28 21:20:14.296778+00:00,40,9,2017-06-27,53644,59000,18621,94023,59000,0,18621,0,0,0,0,0,0,0,72684,115363
2017-09-28 21:20:14.296416+00:00,2017-09-28 21:20:14.296778+00:00,40,9,2017-06-28,94023,16000,18597,91426,16000,0,18597,0,0,0,0,0,0,0,69527,113325
2017-09-28 21:20:14.296416+00:00,2017-09-28 21:20:14.296778+00:00,40,9,2017-06-29,91426,0,18597,72829,0,0,18597,0,0,0,0,0,0,0,50383,95275
2017-09-28 21:20:14.296416+00:00,2017-09-28 21:20:14.296778+00:00,40,9,2017-06-30,72829,58700,18597,112932,58700,0,18597,0,0,0,0,0,0,0,89966,135897
2017-09-28 21:20:14.296416+00:00,2017-09-28 21:20:14.296778+00:00,40,14,2017-06-06,63192,0,8863,54329,0,0,8863,0,0,0,0,0,0,0,50834,57823
2017-09-28 21:20:14.296416+00:00,2017-09-28 21:20:14.296778+00:00,40,14,2017-06-07,54329,0,8828,45501,0,0,8828,0,0,0,0,0,0,0,38537,52465
2017-09-28 21:20:14.296416+00:00,2017-09-28 21:20:14.296778+00:00,40,14,2017-06-08,45501,0,9786,35715,0,0,9786,0,0,0,0,0,0,0,26136,45295
2017-09-28 21:20:14.296416+00:00,2017-09-28 21:20:14.296778+00:00,40,14,2017-06-09,35715,0,9386,26329,0,0,9386,0,0,0,0,0,0,0,14418,38240
2017-09-28 21:20:14.296416+00:00,2017-09-28 21:20:14.296778+00:00,40,14,2017-06-10,26329,30100,8773,47656,30100,0,8773,0,0,0,0,0,0,0,33605,61707
2017-09-28 21:20:14.296416+00:00,2017-09-28 21:20:14.296778+00:00,40,14,2017-06-11,47656,7400,7859,47197,7400,0,7859,0,0,0,0,0,0,0,31056,63338
2017-09-28 21:20:14.296416+00:00,2017-09-28 21:20:14.296778+00:00,40,14,2017-06-12,47197,17700,8003,56894,17700,0,8003,0,0,0,0,0,0,0,38722,75065
2017-09-28 21:20:14.296416+00:00,2017-09-28 21:20:14.296778+00:00,40,14,2017-06-13,56894,30000,8157,78737,30000,0,8157,0,0,0,0,0,0,0,58531,98943
2017-09-28 21:20:14.296416+00:00,2017-09-28 21:20:14.296778+00:00,40,14,2017-06-14,78737,0,8067,70670,0,0,8067,0,0,0,0,0,0,0,48377,92963
2017-09-28 21:20:14.296416+00:00,2017-09-28 21:20:14.296778+00:00,40,14,2017-06-15,70670,0,9460,61210,0,0,9460,0,0,0,0,0,0,0,36777,85642
2017-09-28 21:20:14.296416+00:00,2017-09-28 21:20:14.296778+00:00,40,14,2017-06-16,61210,25000,9505,76704,25000,0,9505,0,0,0,0,0,0,0,50417,102992
2017-09-28 21:20:14.296416+00:00,2017-09-28 21:20:14.296778+00:00,40,14,2017-06-17,76704,24000,8652,92052,24000,0,8652,0,0,0,0,0,0,0,63956,120148
2017-09-28 21:20:14.296416+00:00,2017-09-28 21:20:14.296778+00:00,40,14,2017-06-18,92052,6000,7876,90176,6000,0,7876,0,0,0,0,0,0,0,60347,120005
2017-09-28 21:20:14.296416+00:00,2017-09-28 21:20:14.296778+00:00,40,14,2017-06-19,90176,24900,11120,103956,24900,0,11120,0,0,0,0,0,0,0,72508,135404
2017-09-28 21:20:14.296416+00:00,2017-09-28 21:20:14.296778+00:00,40,14,2017-06-20,103956,0,11121,92835,0,0,11121,0,0,0,0,0,0,0,59593,126078
2017-09-28 21:20:14.296416+00:00,2017-09-28 21:20:14.296778+00:00,40,14,2017-06-21,92835,0,7493,85342,0,0,7493,0,0,0,0,0,0,0,49957,120728
2017-09-28 21:20:14.296416+00:00,2017-09-28 21:20:14.296778+00:00,40,14,2017-06-22,85342,7200,9834,82708,7200,0,9834,0,0,0,0,0,0,0,45030,120386
2017-09-28 21:20:14.296416+00:00,2017-09-28 21:20:14.296778+00:00,40,14,2017-06-23,82708,22800,9782,95725,22800,0,9782,0,0,0,0,0,0,0,55751,135700
2017-09-28 21:20:14.296416+00:00,2017-09-28 21:20:14.296778+00:00,40,14,2017-06-24,95725,19900,8655,106970,19900,0,8655,0,0,0,0,0,0,0,64667,149274
2017-09-28 21:20:14.296416+00:00,2017-09-28 21:20:14.296778+00:00,40,14,2017-06-25,106970,5000,7876,104094,5000,0,7876,0,0,0,0,0,0,0,59459,148730
2017-09-28 21:20:14.296416+00:00,2017-09-28 21:20:14.296778+00:00,40,14,2017-06-26,104094,30000,11122,122973,30000,0,11122,0,0,0,0,0,0,0,76007,169939
2017-09-28 21:20:14.296416+00:00,2017-09-28 21:20:14.296778+00:00,40,14,2017-06-27,122973,0,11122,111851,0,0,11122,0,0,0,0,0,0,0,62372,161330
2017-09-28 21:20:14.296416+00:00,2017-09-28 21:20:14.296778+00:00,40,14,2017-06-28,111851,0,7044,104807,0,0,7044,0,0,0,0,0,0,0,52701,156914
2017-09-28 21:20:14.296416+00:00,2017-09-28 21:20:14.296778+00:00,40,14,2017-06-29,104807,25100,9856,120051,25100,0,9856,0,0,0,0,0,0,0,65115,174987
2017-09-28 21:20:14.296416+00:00,2017-09-28 21:20:14.296778+00:00,40,14,2017-06-30,120051,0,9244,110807,0,0,9244,0,0,0,0,0,0,0,53029,168585
2017-09-28 21:20:14.296416+00:00,2017-09-28 21:20:14.296778+00:00,9,9,2017-06-06,143877,0,52,143825,0,0,52,0,0,0,0,0,0,0,143656,143877
2017-09-28 21:20:14.296416+00:00,2017-09-28 21:20:14.296778+00:00,9,9,2017-06-07,143825,0,140,143685,0,0,140,0,0,0,0,0,0,0,143350,143877
2017-09-28 21:20:14.296416+00:00,2017-09-28 21:20:14.296778+00:00,9,9,2017-06-08,143685,0,79,143606,0,0,79,0,0,0,0,0,0,0,143099,143877
2017-09-28 21:20:14.296416+00:00,2017-09-28 21:20:14.296778+00:00,9,9,2017-06-09,143606,0,105,143501,0,0,105,0,0,0,0,0,0,0,142826,143877
2017-09-28 21:20:14.296416+00:00,2017-09-28 21:20:14.296778+00:00,9,9,2017-06-10,143501,0,105,143396,0,0,105,0,0,0,0,0,0,0,142554,143877
2017-09-28 21:20:14.296416+00:00,2017-09-28 21:20:14.296778+00:00,9,9,2017-06-11,143396,0,130,143267,0,0,130,0,0,0,0,0,0,0,142258,143877
2017-09-28 21:20:14.296416+00:00,2017-09-28 21:20:14.296778+00:00,9,9,2017-06-12,143267,0,60,143207,0,0,60,0,0,0,0,0,0,0,142033,143877
2017-09-28 21:20:14.296416+00:00,2017-09-28 21:20:14.296778+00:00,9,9,2017-06-13,143207,0,60,143147,0,0,60,0,0,0,0,0,0,0,141813,143877
2017-09-28 21:20:14.296416+00:00,2017-09-28 21:20:14.296778+00:00,9,9,2017-06-14,143147,0,125,143022,0,0,125,0,0,0,0,0,0,0,141580,143861
2017-09-28 21:20:14.296416+00:00,2017-09-28 21:20:14.296778+00:00,9,9,2017-06-15,143022,0,122,142899,0,0,122,0,0,0,0,0,0,0,141350,143846
2017-09-28 21:20:14.296416+00:00,2017-09-28 21:20:14.296778+00:00,9,9,2017-06-16,142899,0,124,142776,0,0,124,0,0,0,0,0,0,0,141124,143825
2017-09-28 21:20:14.296416+00:00,2017-09-28 21:20:14.296778+00:00,9,9,2017-06-17,142776,0,126,142650,0,0,126,0,0,0,0,0,0,0,140904,143792
2017-09-28 21:20:14.296416+00:00,2017-09-28 21:20:14.296778+00:00,9,9,2017-06-18,142650,0,126,142524,0,0,126,0,0,0,0,0,0,0,140686,143759
2017-09-28 21:20:14.296416+00:00,2017-09-28 21:20:14.296778+00:00,9,9,2017-06-19,142524,0,42,142482,0,0,42,0,0,0,0,0,0,0,140565,143759
2017-09-28 21:20:14.296416+00:00,2017-09-28 21:20:14.296778+00:00,9,9,2017-06-20,142482,0,60,142422,0,0,60,0,0,0,0,0,0,0,140439,143759
2017-09-28 21:20:14.296416+00:00,2017-09-28 21:20:14.296778+00:00,9,9,2017-06-21,142422,0,125,142297,0,0,125,0,0,0,0,0,0,0,140250,143699
2017-09-28 21:20:14.296416+00:00,2017-09-28 21:20:14.296778+00:00,9,9,2017-06-22,142297,0,125,142173,0,0,125,0,0,0,0,0,0,0,140062,143636
2017-09-28 21:20:14.296416+00:00,2017-09-28 21:20:14.296778+00:00,9,9,2017-06-23,142173,0,125,142047,0,0,125,0,0,0,0,0,0,0,139875,143574
2017-09-28 21:20:14.296416+00:00,2017-09-28 21:20:14.296778+00:00,9,9,2017-06-24,142047,0,125,141922,0,0,125,0,0,0,0,0,0,0,139686,143513
2017-09-28 21:20:14.296416+00:00,2017-09-28 21:20:14.296778+00:00,9,9,2017-06-25,141922,0,125,141798,0,0,125,0,0,0,0,0,0,0,139496,143452
2017-09-28 21:20:14.296416+00:00,2017-09-28 21:20:14.296778+00:00,9,9,2017-06-26,141798,0,42,141756,0,0,42,0,0,0,0,0,0,0,139390,143452
2017-09-28 21:20:14.296416+00:00,2017-09-28 21:20:14.296778+00:00,9,9,2017-06-27,141756,0,42,141714,0,0,42,0,0,0,0,0,0,0,139280,143452
2017-09-28 21:20:14.296416+00:00,2017-09-28 21:20:14.296778+00:00,9,9,2017-06-28,141714,0,125,141589,0,0,125,0,0,0,0,0,0,0,139083,143400
2017-09-28 21:20:14.296416+00:00,2017-09-28 21:20:14.296778+00:00,9,9,2017-06-29,141589,0,115,141475,0,0,115,0,0,0,0,0,0,0,138895,143358
2017-09-28 21:20:14.296416+00:00,2017-09-28 21:20:14.296778+00:00,9,9,2017-06-30,141475,0,142,141333,0,0,142,0,0,0,0,0,0,0,138681,143288
2017-09-28 21:20:14.296416+00:00,2017-09-28 21:20:14.296778+00:00,9,8,2017-06-06,19776,0,3,19773,0,0,3,0,0,0,0,0,0,0,19749,19776
2017-09-28 21:20:14.296416+00:00,2017-09-28 21:20:14.296778+00:00,9,8,2017-06-07,19773,0,20,19753,0,0,20,0,0,0,0,0,0,0,19704,19776
2017-09-28 21:20:14.296416+00:00,2017-09-28 21:20:14.296778+00:00,9,8,2017-06-08,19753,0,21,19732,0,0,21,0,0,0,0,0,0,0,19658,19776
2017-09-28 21:20:14.296416+00:00,2017-09-28 21:20:14.296778+00:00,9,8,2017-06-09,19732,0,20,19712,0,0,20,0,0,0,0,0,0,0,19613,19776
2017-09-28 21:20:14.296416+00:00,2017-09-28 21:20:14.296778+00:00,9,8,2017-06-10,19712,0,20,19692,0,0,20,0,0,0,0,0,0,0,19567,19776
2017-09-28 21:20:14.296416+00:00,2017-09-28 21:20:14.296778+00:00,9,8,2017-06-11,19692,0,20,19672,0,0,20,0,0,0,0,0,0,0,19522,19776
2017-09-28 21:20:14.296416+00:00,2017-09-28 21:20:14.296778+00:00,9,8,2017-06-12,19672,0,3,19669,0,0,3,0,0,0,0,0,0,0,19493,19776
2017-09-28 21:20:14.296416+00:00,2017-09-28 21:20:14.296778+00:00,9,8,2017-06-13,19669,0,3,19666,0,0,3,0,0,0,0,0,0,0,19466,19776
2017-09-28 21:20:14.296416+00:00,2017-09-28 21:20:14.296778+00:00,9,8,2017-06-14,19666,0,19,19647,0,0,19,0,0,0,0,0,0,0,19427,19776
2017-09-28 21:20:14.296416+00:00,2017-09-28 21:20:14.296778+00:00,9,8,2017-06-15,19647,0,19,19628,0,0,19,0,0,0,0,0,0,0,19388,19776
2017-09-28 21:20:14.296416+00:00,2017-09-28 21:20:14.296778+00:00,9,8,2017-06-16,19628,0,3,19625,0,0,3,0,0,0,0,0,0,0,19366,19776
2017-09-28 21:20:14.296416+00:00,2017-09-28 21:20:14.296778+00:00,9,8,2017-06-17,19625,0,19,19606,0,0,19,0,0,0,0,0,0,0,19328,19775
2017-09-28 21:20:14.296416+00:00,2017-09-28 21:20:14.296778+00:00,9,8,2017-06-18,19606,0,19,19587,0,0,19,0,0,0,0,0,0,0,19291,19774
2017-09-28 21:20:14.296416+00:00,2017-09-28 21:20:14.296778+00:00,9,8,2017-06-19,19587,0,19,19567,0,0,19,0,0,0,0,0,0,0,19254,19772
2017-09-28 21:20:14.296416+00:00,2017-09-28 21:20:14.296778+00:00,9,8,2017-06-20,19567,0,3,19565,0,0,3,0,0,0,0,0,0,0,19236,19772
2017-09-28 21:20:14.296416+00:00,2017-09-28 21:20:14.296778+00:00,9,8,2017-06-21,19565,0,19,19545,0,0,19,0,0,0,0,0,0,0,19201,19768
2017-09-28 21:20:14.296416+00:00,2017-09-28 21:20:14.296778+00:00,9,8,2017-06-22,19545,0,19,19526,0,0,19,0,0,0,0,0,0,0,19167,19765
2017-09-28 21:20:14.296416+00:00,2017-09-28 21:20:14.296778+00:00,9,8,2017-06-23,19526,0,3,19523,0,0,3,0,0,0,0,0,0,0,19148,19765
2017-09-28 21:20:14.296416+00:00,2017-09-28 21:20:14.296778+00:00,9,8,2017-06-24,19523,0,19,19504,0,0,19,0,0,0,0,0,0,0,19113,19762
2017-09-28 21:20:14.296416+00:00,2017-09-28 21:20:14.296778+00:00,9,8,2017-06-25,19504,0,19,19485,0,0,19,0,0,0,0,0,0,0,19078,19759
2017-09-28 21:20:14.296416+00:00,2017-09-28 21:20:14.296778+00:00,9,8,2017-06-26,19485,0,3,19482,0,0,3,0,0,0,0,0,0,0,19059,19759
2017-09-28 21:20:14.296416+00:00,2017-09-28 21:20:14.296778+00:00,9,8,2017-06-27,19482,0,3,19479,0,0,3,0,0,0,0,0,0,0,19040,19759
2017-09-28 21:20:14.296416+00:00,2017-09-28 21:20:14.296778+00:00,9,8,2017-06-28,19479,0,3,19476,0,0,3,0,0,0,0,0,0,0,19021,19759
2017-09-28 21:20:14.296416+00:00,2017-09-28 21:20:14.296778+00:00,9,8,2017-06-29,19476,0,19,19457,0,0,19,0,0,0,0,0,0,0,18986,19756
2017-09-28 21:20:14.296416+00:00,2017-09-28 21:20:14.296778+00:00,9,8,2017-06-30,19457,0,3,19455,0,0,3,0,0,0,0,0,0,0,18967,19756
2017-09-28 21:20:14.296416+00:00,2017-09-28 21:20:14.296778+00:00,9,14,2017-06-06,65442,0,30000,35442,0,0,30000,0,0,0,0,0,0,0,35442,35442
2017-09-28 21:20:14.296416+00:00,2017-09-28 21:20:14.296778+00:00,9,14,2017-06-07,35442,0,15000,20442,0,0,15000,0,0,0,0,0,0,0,4727,35442
2017-09-28 21:20:14.296416+00:00,2017-09-28 21:20:14.296778+00:00,9,14,2017-06-08,20442,0,22500,-2058,0,0,22500,0,0,0,0,0,0,0,-34794,29963
2017-09-28 21:20:14.296416+00:00,2017-09-28 21:20:14.296778+00:00,9,14,2017-06-09,-2058,0,22500,-24558,0,0,22500,0,0,0,0,0,0,0,-76937,27106
2017-09-28 21:20:14.296416+00:00,2017-09-28 21:20:14.296778+00:00,9,14,2017-06-10,-24558,0,0,-24558,0,0,0,0,0,0,0,0,0,0,-98401,27106
2017-09-28 21:20:14.296416+00:00,2017-09-28 21:20:14.296778+00:00,9,14,2017-06-11,-24558,0,21667,-46225,0,0,21667,0,0,0,0,0,0,0,-141531,26903
2017-09-28 21:20:14.296416+00:00,2017-09-28 21:20:14.296778+00:00,9,14,2017-06-12,-46225,0,21389,-67614,0,0,21389,0,0,0,0,0,0,0,-185440,26903
2017-09-28 21:20:14.296416+00:00,2017-09-28 21:20:14.296778+00:00,9,14,2017-06-13,-67614,0,21019,-88632,0,0,21019,0,0,0,0,0,0,0,-229521,26903
2017-09-28 21:20:14.296416+00:00,2017-09-28 21:20:14.296778+00:00,9,14,2017-06-14,-88632,0,21358,-109990,0,0,21358,0,0,0,0,0,0,0,-274010,26903
2017-09-28 21:20:14.296416+00:00,2017-09-28 21:20:14.296778+00:00,9,14,2017-06-15,-109990,0,0,-109990,0,0,0,0,0,0,0,0,0,0,-296842,26903
2017-09-28 21:20:14.296416+00:00,2017-09-28 21:20:14.296778+00:00,9,14,2017-06-16,-109990,0,1001,-110991,0,0,1001,0,0,0,0,0,0,0,-320674,26903
2017-09-28 21:20:14.296416+00:00,2017-09-28 21:20:14.296778+00:00,9,14,2017-06-17,-110991,0,1001,-111992,0,0,1001,0,0,0,0,0,0,0,-344350,26903
2017-09-28 21:20:14.296416+00:00,2017-09-28 21:20:14.296778+00:00,9,14,2017-06-18,-111992,0,1001,-112992,0,0,1001,0,0,0,0,0,0,0,-367867,26903
2017-09-28 21:20:14.296416+00:00,2017-09-28 21:20:14.296778+00:00,9,14,2017-06-19,-112992,0,1001,-113993,0,0,1001,0,0,0,0,0,0,0,-391223,26903
2017-09-28 21:20:14.296416+00:00,2017-09-28 21:20:14.296778+00:00,9,14,2017-06-20,-113993,0,1001,-114994,0,0,1001,0,0,0,0,0,0,0,-414416,26903
2017-09-28 21:20:14.296416+00:00,2017-09-28 21:20:14.296778+00:00,9,14,2017-06-21,-114994,0,1001,-115995,0,0,1001,0,0,0,0,0,0,0,-436123,26903
2017-09-28 21:20:14.296416+00:00,2017-09-28 21:20:14.296778+00:00,9,14,2017-06-22,-115995,0,1001,-116996,0,0,1001,0,0,0,0,0,0,0,-458274,26903
2017-09-28 21:20:14.296416+00:00,2017-09-28 21:20:14.296778+00:00,9,14,2017-06-23,-116996,0,1001,-117996,0,0,1001,0,0,0,0,0,0,0,-479574,26903
2017-09-28 21:20:14.296416+00:00,2017-09-28 21:20:14.296778+00:00,9,14,2017-06-24,-117996,0,1001,-118997,0,0,1001,0,0,0,0,0,0,0,-499479,26903
2017-09-28 21:20:14.296416+00:00,2017-09-28 21:20:14.296778+00:00,9,14,2017-06-25,-118997,0,21250,-140247,0,0,21250,0,0,0,0,0,0,0,-539535,24459
2017-09-28 21:20:14.296416+00:00,2017-09-28 21:20:14.296778+00:00,9,14,2017-06-26,-140247,0,21250,-161497,0,0,21250,0,0,0,0,0,0,0,-579495,21919
2017-09-28 21:20:14.296416+00:00,2017-09-28 21:20:14.296778+00:00,9,14,2017-06-27,-161497,0,21250,-182747,0,0,21250,0,0,0,0,0,0,0,-619422,19346
2017-09-28 21:20:14.296416+00:00,2017-09-28 21:20:14.296778+00:00,9,14,2017-06-28,-182747,0,21250,-203997,0,0,21250,0,0,0,0,0,0,0,-659402,16826
2017-09-28 21:20:14.296416+00:00,2017-09-28 21:20:14.296778+00:00,9,14,2017-06-29,-203997,0,21250,-225247,0,0,21250,0,0,0,0,0,0,0,-699358,14282
2017-09-28 21:20:14.296416+00:00,2017-09-28 21:20:14.296778+00:00,9,14,2017-06-30,-225247,0,21250,-246497,0,0,21250,0,0,0,0,0,0,0,-740343,12767
2017-09-28 21:20:14.296416+00:00,2017-09-28 21:20:14.296778+00:00,23,9,2017-06-06,77862,0,0,77862,0,0,0,0,0,0,0,0,0,0,77862,77862
2017-09-28 21:20:14.296416+00:00,2017-09-28 21:20:14.296778+00:00,23,9,2017-06-07,77862,0,0,77862,0,0,0,0,0,0,0,0,0,0,77862,77862
2017-09-28 21:20:14.296416+00:00,2017-09-28 21:20:14.296778+00:00,23,9,2017-06-08,77862,0,0,77862,0,0,0,0,0,0,0,0,0,0,77862,77862
2017-09-28 21:20:14.296416+00:00,2017-09-28 21:20:14.296778+00:00,23,9,2017-06-09,77862,0,0,77862,0,0,0,0,0,0,0,0,0,0,77862,77862
2017-09-28 21:20:14.296416+00:00,2017-09-28 21:20:14.296778+00:00,23,9,2017-06-10,77862,0,0,77862,0,0,0,0,0,0,0,0,0,0,77862,77862
2017-09-28 21:20:14.296416+00:00,2017-09-28 21:20:14.296778+00:00,23,9,2017-06-11,77862,0,0,77862,0,0,0,0,0,0,0,0,0,0,77862,77862
2017-09-28 21:20:14.296416+00:00,2017-09-28 21:20:14.296778+00:00,23,9,2017-06-12,77862,0,0,77862,0,0,0,0,0,0,0,0,0,0,77862,77862
2017-09-28 21:20:14.296416+00:00,2017-09-28 21:20:14.296778+00:00,23,9,2017-06-13,77862,0,0,77862,0,0,0,0,0,0,0,0,0,0,77862,77862
2017-09-28 21:20:14.296416+00:00,2017-09-28 21:20:14.296778+00:00,23,9,2017-06-14,77862,0,0,77862,0,0,0,0,0,0,0,0,0,0,77862,77862
2017-09-28 21:20:14.296416+00:00,2017-09-28 21:20:14.296778+00:00,23,9,2017-06-15,77862,0,0,77862,0,0,0,0,0,0,0,0,0,0,77862,77862
2017-09-28 21:20:14.296416+00:00,2017-09-28 21:20:14.296778+00:00,23,9,2017-06-16,77862,0,0,77862,0,0,0,0,0,0,0,0,0,0,77862,77862
2017-09-28 21:20:14.296416+00:00,2017-09-28 21:20:14.296778+00:00,23,9,2017-06-17,77862,0,0,77862,0,0,0,0,0,0,0,0,0,0,77862,77862
2017-09-28 21:20:14.296416+00:00,2017-09-28 21:20:14.296778+00:00,23,9,2017-06-18,77862,0,0,77862,0,0,0,0,0,0,0,0,0,0,77862,77862
2017-09-28 21:20:14.296416+00:00,2017-09-28 21:20:14.296778+00:00,23,9,2017-06-19,77862,0,0,77862,0,0,0,0,0,0,0,0,0,0,77862,77862
2017-09-28 21:20:14.296416+00:00,2017-09-28 21:20:14.296778+00:00,23,9,2017-06-20,77862,0,0,77862,0,0,0,0,0,0,0,0,0,0,77862,77862
2017-09-28 21:20:14.296416+00:00,2017-09-28 21:20:14.296778+00:00,23,9,2017-06-21,77862,0,0,77862,0,0,0,0,0,0,0,0,0,0,77862,77862
2017-09-28 21:20:14.296416+00:00,2017-09-28 21:20:14.296778+00:00,23,9,2017-06-22,77862,0,0,77862,0,0,0,0,0,0,0,0,0,0,77862,77862
2017-09-28 21:20:14.296416+00:00,2017-09-28 21:20:14.296778+00:00,23,9,2017-06-23,77862,0,0,77862,0,0,0,0,0,0,0,0,0,0,77862,77862
2017-09-28 21:20:14.296416+00:00,2017-09-28 21:20:14.296778+00:00,23,9,2017-06-24,77862,0,0,77862,0,0,0,0,0,0,0,0,0,0,77862,77862
2017-09-28 21:20:14.296416+00:00,2017-09-28 21:20:14.296778+00:00,23,9,2017-06-25,77862,0,0,77862,0,0,0,0,0,0,0,0,0,0,77862,77862
2017-09-28 21:20:14.296416+00:00,2017-09-28 21:20:14.296778+00:00,23,9,2017-06-26,77862,0,0,77862,0,0,0,0,0,0,0,0,0,0,77862,77862
2017-09-28 21:20:14.296416+00:00,2017-09-28 21:20:14.296778+00:00,23,9,2017-06-27,77862,0,0,77862,0,0,0,0,0,0,0,0,0,0,77862,77862
2017-09-28 21:20:14.296416+00:00,2017-09-28 21:20:14.296778+00:00,23,9,2017-06-28,77862,0,0,77862,0,0,0,0,0,0,0,0,0,0,77862,77862
2017-09-28 21:20:14.296416+00:00,2017-09-28 21:20:14.296778+00:00,23,9,2017-06-29,77862,0,0,77862,0,0,0,0,0,0,0,0,0,0,77862,77862
2017-09-28 21:20:14.296416+00:00,2017-09-28 21:20:14.296778+00:00,23,9,2017-06-30,77862,0,0,77862,0,0,0,0,0,0,0,0,0,0,77862,77862
2017-09-28 21:20:14.296416+00:00,2017-09-28 21:20:14.296778+00:00,23,8,2017-06-01,0,0,0,0,0,0,0,0,0,0,0,0,0,0,0,0
2017-09-28 21:20:14.296416+00:00,2017-09-28 21:20:14.296778+00:00,23,8,2017-06-02,0,0,0,0,0,0,0,0,0,0,0,0,0,0,0,0
2017-09-28 21:20:14.296416+00:00,2017-09-28 21:20:14.296778+00:00,23,8,2017-06-03,0,0,0,0,0,0,0,0,0,0,0,0,0,0,0,0
2017-09-28 21:20:14.296416+00:00,2017-09-28 21:20:14.296778+00:00,23,8,2017-06-04,0,0,0,0,0,0,0,0,0,0,0,0,0,0,0,0
2017-09-28 21:20:14.296416+00:00,2017-09-28 21:20:14.296778+00:00,23,8,2017-06-05,0,0,0,0,0,0,0,0,0,0,0,0,0,0,0,0
2017-09-28 21:20:14.296416+00:00,2017-09-28 21:20:14.296778+00:00,23,8,2017-06-06,0,0,0,0,0,0,0,0,0,0,0,0,0,0,0,0
2017-09-28 21:20:14.296416+00:00,2017-09-28 21:20:14.296778+00:00,23,8,2017-06-07,0,0,0,0,0,0,0,0,0,0,0,0,0,0,0,0
2017-09-28 21:20:14.296416+00:00,2017-09-28 21:20:14.296778+00:00,23,8,2017-06-08,0,0,0,0,0,0,0,0,0,0,0,0,0,0,0,0
2017-09-28 21:20:14.296416+00:00,2017-09-28 21:20:14.296778+00:00,23,8,2017-06-09,0,0,0,0,0,0,0,0,0,0,0,0,0,0,0,0
2017-09-28 21:20:14.296416+00:00,2017-09-28 21:20:14.296778+00:00,23,8,2017-06-10,0,0,0,0,0,0,0,0,0,0,0,0,0,0,0,0
2017-09-28 21:20:14.296416+00:00,2017-09-28 21:20:14.296778+00:00,23,8,2017-06-11,0,0,0,0,0,0,0,0,0,0,0,0,0,0,0,0
2017-09-28 21:20:14.296416+00:00,2017-09-28 21:20:14.296778+00:00,23,8,2017-06-12,0,0,0,0,0,0,0,0,0,0,0,0,0,0,0,0
2017-09-28 21:20:14.296416+00:00,2017-09-28 21:20:14.296778+00:00,23,8,2017-06-13,0,0,0,0,0,0,0,0,0,0,0,0,0,0,0,0
2017-09-28 21:20:14.296416+00:00,2017-09-28 21:20:14.296778+00:00,23,8,2017-06-14,0,0,0,0,0,0,0,0,0,0,0,0,0,0,0,0
2017-09-28 21:20:14.296416+00:00,2017-09-28 21:20:14.296778+00:00,23,8,2017-06-15,0,0,0,0,0,0,0,0,0,0,0,0,0,0,0,0
2017-09-28 21:20:14.296416+00:00,2017-09-28 21:20:14.296778+00:00,23,8,2017-06-16,0,0,0,0,0,0,0,0,0,0,0,0,0,0,0,0
2017-09-28 21:20:14.296416+00:00,2017-09-28 21:20:14.296778+00:00,23,8,2017-06-17,0,0,0,0,0,0,0,0,0,0,0,0,0,0,0,0
2017-09-28 21:20:14.296416+00:00,2017-09-28 21:20:14.296778+00:00,23,8,2017-06-18,0,0,0,0,0,0,0,0,0,0,0,0,0,0,0,0
2017-09-28 21:20:14.296416+00:00,2017-09-28 21:20:14.296778+00:00,23,8,2017-06-19,0,0,0,0,0,0,0,0,0,0,0,0,0,0,0,0
2017-09-28 21:20:14.296416+00:00,2017-09-28 21:20:14.296778+00:00,23,8,2017-06-20,0,0,0,0,0,0,0,0,0,0,0,0,0,0,0,0
2017-09-28 21:20:14.296416+00:00,2017-09-28 21:20:14.296778+00:00,23,8,2017-06-21,0,0,0,0,0,0,0,0,0,0,0,0,0,0,0,0
2017-09-28 21:20:14.296416+00:00,2017-09-28 21:20:14.296778+00:00,23,8,2017-06-22,0,0,0,0,0,0,0,0,0,0,0,0,0,0,0,0
2017-09-28 21:20:14.296416+00:00,2017-09-28 21:20:14.296778+00:00,23,8,2017-06-23,0,0,0,0,0,0,0,0,0,0,0,0,0,0,0,0
2017-09-28 21:20:14.296416+00:00,2017-09-28 21:20:14.296778+00:00,23,8,2017-06-24,0,0,0,0,0,0,0,0,0,0,0,0,0,0,0,0
2017-09-28 21:20:14.296416+00:00,2017-09-28 21:20:14.296778+00:00,23,8,2017-06-25,0,0,0,0,0,0,0,0,0,0,0,0,0,0,0,0
2017-09-28 21:20:14.296416+00:00,2017-09-28 21:20:14.296778+00:00,23,14,2017-06-01,1103,0,0,1103,0,0,0,0,0,0,0,0,0,0,1103,1103
2017-09-28 21:20:14.296416+00:00,2017-09-28 21:20:14.296778+00:00,23,14,2017-06-02,1103,0,0,1103,0,0,0,0,0,0,0,0,0,0,1103,1103
2017-09-28 21:20:14.296416+00:00,2017-09-28 21:20:14.296778+00:00,23,14,2017-06-03,1103,0,0,1103,0,0,0,0,0,0,0,0,0,0,1103,1103
2017-09-28 21:20:14.296416+00:00,2017-09-28 21:20:14.296778+00:00,23,14,2017-06-04,1103,0,0,1103,0,0,0,0,0,0,0,0,0,0,1103,1103
2017-09-28 21:20:14.296416+00:00,2017-09-28 21:20:14.296778+00:00,23,14,2017-06-05,1103,0,0,1103,0,0,0,0,0,0,0,0,0,0,1103,1103
2017-09-28 21:20:14.296416+00:00,2017-09-28 21:20:14.296778+00:00,23,14,2017-06-06,1103,0,0,1103,0,0,0,0,0,0,0,0,0,0,1103,1103
2017-09-28 21:20:14.296416+00:00,2017-09-28 21:20:14.296778+00:00,23,14,2017-06-07,1103,0,0,1103,0,0,0,0,0,0,0,0,0,0,1103,1103
2017-09-28 21:20:14.296416+00:00,2017-09-28 21:20:14.296778+00:00,23,14,2017-06-08,1103,0,0,1103,0,0,0,0,0,0,0,0,0,0,1103,1103
2017-09-28 21:20:14.296416+00:00,2017-09-28 21:20:14.296778+00:00,23,14,2017-06-09,1103,0,0,1103,0,0,0,0,0,0,0,0,0,0,1103,1103
2017-09-28 21:20:14.296416+00:00,2017-09-28 21:20:14.296778+00:00,23,14,2017-06-10,1103,0,0,1103,0,0,0,0,0,0,0,0,0,0,1103,1103
2017-09-28 21:20:14.296416+00:00,2017-09-28 21:20:14.296778+00:00,23,14,2017-06-11,1103,0,0,1103,0,0,0,0,0,0,0,0,0,0,1103,1103
2017-09-28 21:20:14.296416+00:00,2017-09-28 21:20:14.296778+00:00,23,14,2017-06-12,1103,0,0,1103,0,0,0,0,0,0,0,0,0,0,1103,1103
2017-09-28 21:20:14.296416+00:00,2017-09-28 21:20:14.296778+00:00,23,14,2017-06-13,1103,0,0,1103,0,0,0,0,0,0,0,0,0,0,1103,1103
2017-09-28 21:20:14.296416+00:00,2017-09-28 21:20:14.296778+00:00,23,14,2017-06-14,1103,0,0,1103,0,0,0,0,0,0,0,0,0,0,1103,1103
2017-09-28 21:20:14.296416+00:00,2017-09-28 21:20:14.296778+00:00,23,14,2017-06-15,1103,0,0,1103,0,0,0,0,0,0,0,0,0,0,1103,1103
2017-09-28 21:20:14.296416+00:00,2017-09-28 21:20:14.296778+00:00,23,14,2017-06-16,1103,0,0,1103,0,0,0,0,0,0,0,0,0,0,1103,1103
2017-09-28 21:20:14.296416+00:00,2017-09-28 21:20:14.296778+00:00,23,14,2017-06-17,1103,0,0,1103,0,0,0,0,0,0,0,0,0,0,1103,1103
2017-09-28 21:20:14.296416+00:00,2017-09-28 21:20:14.296778+00:00,23,14,2017-06-18,1103,0,0,1103,0,0,0,0,0,0,0,0,0,0,1103,1103
2017-09-28 21:20:14.296416+00:00,2017-09-28 21:20:14.296778+00:00,23,14,2017-06-19,1103,0,0,1103,0,0,0,0,0,0,0,0,0,0,1103,1103
2017-09-28 21:20:14.296416+00:00,2017-09-28 21:20:14.296778+00:00,23,14,2017-06-20,1103,0,0,1103,0,0,0,0,0,0,0,0,0,0,1103,1103
2017-09-28 21:20:14.296416+00:00,2017-09-28 21:20:14.296778+00:00,23,14,2017-06-21,1103,0,0,1103,0,0,0,0,0,0,0,0,0,0,1103,1103
2017-09-28 21:20:14.296416+00:00,2017-09-28 21:20:14.296778+00:00,23,14,2017-06-22,1103,0,0,1103,0,0,0,0,0,0,0,0,0,0,1103,1103
2017-09-28 21:20:14.296416+00:00,2017-09-28 21:20:14.296778+00:00,23,14,2017-06-23,1103,0,0,1103,0,0,0,0,0,0,0,0,0,0,1103,1103
2017-09-28 21:20:14.296416+00:00,2017-09-28 21:20:14.296778+00:00,23,14,2017-06-24,1103,0,0,1103,0,0,0,0,0,0,0,0,0,0,1103,1103
2017-09-28 21:20:14.296416+00:00,2017-09-28 21:20:14.296778+00:00,23,14,2017-06-25,1103,0,0,1103,0,0,0,0,0,0,0,0,0,0,1103,1103
2017-09-28 21:20:14.296416+00:00,2017-09-28 21:20:14.296778+00:00,28,9,2017-06-06,40043,0,6347,33696,0,0,6347,0,0,0,0,0,0,0,31256,36137
2017-09-28 21:20:14.296416+00:00,2017-09-28 21:20:14.296778+00:00,28,9,2017-06-07,33696,0,6252,27444,0,0,6252,0,0,0,0,0,0,0,22600,32288
2017-09-28 21:20:14.296416+00:00,2017-09-28 21:20:14.296778+00:00,28,9,2017-06-08,27444,0,6192,21252,0,0,6192,0,0,0,0,0,0,0,14036,28468
2017-09-28 21:20:14.296416+00:00,2017-09-28 21:20:14.296778+00:00,28,9,2017-06-09,21252,0,6235,15017,0,0,6235,0,0,0,0,0,0,0,5440,24594
2017-09-28 21:20:14.296416+00:00,2017-09-28 21:20:14.296778+00:00,28,9,2017-06-10,15017,0,6221,8796,0,0,6221,0,0,0,0,0,0,0,-2755,20346
2017-09-28 21:20:14.296416+00:00,2017-09-28 21:20:14.296778+00:00,28,9,2017-06-11,8796,0,6067,2729,0,0,6067,0,0,0,0,0,0,0,-10792,16250
2017-09-28 21:20:14.296416+00:00,2017-09-28 21:20:14.296778+00:00,28,9,2017-06-12,2729,0,6089,-3360,0,0,6089,0,0,0,0,0,0,0,-18636,11917
2017-09-28 21:20:14.296416+00:00,2017-09-28 21:20:14.296778+00:00,28,9,2017-06-13,-3360,0,6072,-9432,0,0,6072,0,0,0,0,0,0,0,-26341,7477
2017-09-28 21:20:14.296416+00:00,2017-09-28 21:20:14.296778+00:00,28,9,2017-06-14,-9432,0,6119,-15551,0,0,6119,0,0,0,0,0,0,0,-33945,2844
2017-09-28 21:20:14.296416+00:00,2017-09-28 21:20:14.296778+00:00,28,9,2017-06-15,-15551,0,6114,-21664,0,0,6114,0,0,0,0,0,0,0,-41451,-1878
2017-09-28 21:20:14.296416+00:00,2017-09-28 21:20:14.296778+00:00,28,9,2017-06-16,-21664,0,6107,-27771,0,0,6107,0,0,0,0,0,0,0,-48833,-6710
2017-09-28 21:20:14.296416+00:00,2017-09-28 21:20:14.296778+00:00,28,9,2017-06-17,-27771,0,6104,-33875,0,0,6104,0,0,0,0,0,0,0,-55888,-11862
2017-09-28 21:20:14.296416+00:00,2017-09-28 21:20:14.296778+00:00,28,9,2017-06-18,-33875,0,6104,-39979,0,0,6104,0,0,0,0,0,0,0,-62837,-17122
2017-09-28 21:20:14.296416+00:00,2017-09-28 21:20:14.296778+00:00,28,9,2017-06-19,-39979,0,6072,-46051,0,0,6072,0,0,0,0,0,0,0,-69300,-22803
2017-09-28 21:20:14.296416+00:00,2017-09-28 21:20:14.296778+00:00,28,9,2017-06-20,-46051,0,6072,-52123,0,0,6072,0,0,0,0,0,0,0,-75539,-28707
2017-09-28 21:20:14.296416+00:00,2017-09-28 21:20:14.296778+00:00,28,9,2017-06-21,-52123,0,6072,-58195,0,0,6072,0,0,0,0,0,0,0,-81739,-34650
2017-09-28 21:20:14.296416+00:00,2017-09-28 21:20:14.296778+00:00,28,9,2017-06-22,-58195,0,6072,-64267,0,0,6072,0,0,0,0,0,0,0,-87923,-40610
2017-09-28 21:20:14.296416+00:00,2017-09-28 21:20:14.296778+00:00,28,9,2017-06-23,-64267,0,6072,-70338,0,0,6072,0,0,0,0,0,0,0,-94100,-46576
2017-09-28 21:20:14.296416+00:00,2017-09-28 21:20:14.296778+00:00,28,9,2017-06-24,-70338,0,6213,-76552,0,0,6213,0,0,0,0,0,0,0,-100393,-52711
2017-09-28 21:20:14.296416+00:00,2017-09-28 21:20:14.296778+00:00,28,9,2017-06-25,-76552,0,6178,-82730,0,0,6178,0,0,0,0,0,0,0,-106647,-58814
2017-09-28 21:20:14.296416+00:00,2017-09-28 21:20:14.296778+00:00,28,9,2017-06-26,-82730,0,6072,-88802,0,0,6072,0,0,0,0,0,0,0,-112803,-64801
2017-09-28 21:20:14.296416+00:00,2017-09-28 21:20:14.296778+00:00,28,9,2017-06-27,-88802,0,6072,-94874,0,0,6072,0,0,0,0,0,0,0,-118961,-70787
2017-09-28 21:20:14.296416+00:00,2017-09-28 21:20:14.296778+00:00,28,9,2017-06-28,-94874,0,6072,-100946,0,0,6072,0,0,0,0,0,0,0,-125119,-76772
2017-09-28 21:20:14.296416+00:00,2017-09-28 21:20:14.296778+00:00,28,9,2017-06-29,-100946,0,6212,-107157,0,0,6212,0,0,0,0,0,0,0,-131418,-82897
2017-09-28 21:20:14.296416+00:00,2017-09-28 21:20:14.296778+00:00,28,9,2017-06-30,-107157,0,6212,-113370,0,0,6212,0,0,0,0,0,0,0,-137735,-89004
2017-09-28 21:20:14.296416+00:00,2017-09-28 21:20:14.296778+00:00,28,8,2017-06-06,4691,0,306,4385,0,0,306,0,0,0,0,0,0,0,4158,4612
2017-09-28 21:20:14.296416+00:00,2017-09-28 21:20:14.296778+00:00,28,8,2017-06-07,4385,0,280,4105,0,0,280,0,0,0,0,0,0,0,3656,4555
2017-09-28 21:20:14.296416+00:00,2017-09-28 21:20:14.296778+00:00,28,8,2017-06-08,4105,0,247,3858,0,0,247,0,0,0,0,0,0,0,3200,4516
2017-09-28 21:20:14.296416+00:00,2017-09-28 21:20:14.296778+00:00,28,8,2017-06-09,3858,0,251,3607,0,0,251,0,0,0,0,0,0,0,2740,4474
2017-09-28 21:20:14.296416+00:00,2017-09-28 21:20:14.296778+00:00,28,8,2017-06-10,3607,0,260,3347,0,0,260,0,0,0,0,0,0,0,2311,4384
2017-09-28 21:20:14.296416+00:00,2017-09-28 21:20:14.296778+00:00,28,8,2017-06-11,3347,0,265,3082,0,0,265,0,0,0,0,0,0,0,1880,4285
2017-09-28 21:20:14.296416+00:00,2017-09-28 21:20:14.296778+00:00,28,8,2017-06-12,3082,0,265,2817,0,0,265,0,0,0,0,0,0,0,1464,4170
2017-09-28 21:20:14.296416+00:00,2017-09-28 21:20:14.296778+00:00,28,8,2017-06-13,2817,0,265,2552,0,0,265,0,0,0,0,0,0,0,1062,4042
2017-09-28 21:20:14.296416+00:00,2017-09-28 21:20:14.296778+00:00,28,8,2017-06-14,2552,0,265,2287,0,0,265,0,0,0,0,0,0,0,672,3902
2017-09-28 21:20:14.296416+00:00,2017-09-28 21:20:14.296778+00:00,28,8,2017-06-15,2287,0,265,2022,0,0,265,0,0,0,0,0,0,0,287,3757
2017-09-28 21:20:14.296416+00:00,2017-09-28 21:20:14.296778+00:00,28,8,2017-06-16,2022,0,265,1757,0,0,265,0,0,0,0,0,0,0,-100,3614
2017-09-28 21:20:14.296416+00:00,2017-09-28 21:20:14.296778+00:00,28,8,2017-06-17,1757,0,265,1492,0,0,265,0,0,0,0,0,0,0,-461,3445
2017-09-28 21:20:14.296416+00:00,2017-09-28 21:20:14.296778+00:00,28,8,2017-06-18,1492,0,265,1227,0,0,265,0,0,0,0,0,0,0,-792,3246
2017-09-28 21:20:14.296416+00:00,2017-09-28 21:20:14.296778+00:00,28,8,2017-06-19,1227,0,265,962,0,0,265,0,0,0,0,0,0,0,-1121,3045
2017-09-28 21:20:14.296416+00:00,2017-09-28 21:20:14.296778+00:00,28,8,2017-06-20,962,0,265,697,0,0,265,0,0,0,0,0,0,0,-1413,2806
2017-09-28 21:20:14.296416+00:00,2017-09-28 21:20:14.296778+00:00,28,8,2017-06-21,697,0,269,427,0,0,269,0,0,0,0,0,0,0,-1697,2552
2017-09-28 21:20:14.296416+00:00,2017-09-28 21:20:14.296778+00:00,28,8,2017-06-22,427,0,270,158,0,0,270,0,0,0,0,0,0,0,-1979,2294
2017-09-28 21:20:14.296416+00:00,2017-09-28 21:20:14.296778+00:00,28,8,2017-06-23,158,0,265,-107,0,0,265,0,0,0,0,0,0,0,-2253,2038
2017-09-28 21:20:14.296416+00:00,2017-09-28 21:20:14.296778+00:00,28,8,2017-06-24,-107,0,270,-377,0,0,270,0,0,0,0,0,0,0,-2527,1773
2017-09-28 21:20:14.296416+00:00,2017-09-28 21:20:14.296778+00:00,28,8,2017-06-25,-377,0,265,-642,0,0,265,0,0,0,0,0,0,0,-2796,1512
2017-09-28 21:20:14.296416+00:00,2017-09-28 21:20:14.296778+00:00,28,8,2017-06-26,-642,0,265,-907,0,0,265,0,0,0,0,0,0,0,-3065,1250
2017-09-28 21:20:14.296416+00:00,2017-09-28 21:20:14.296778+00:00,28,8,2017-06-27,-907,0,265,-1172,0,0,265,0,0,0,0,0,0,0,-3334,989
2017-09-28 21:20:14.296416+00:00,2017-09-28 21:20:14.296778+00:00,28,8,2017-06-28,-1172,0,265,-1437,0,0,265,0,0,0,0,0,0,0,-3602,728
2017-09-28 21:20:14.296416+00:00,2017-09-28 21:20:14.296778+00:00,28,8,2017-06-29,-1437,0,265,-1702,0,0,265,0,0,0,0,0,0,0,-3871,467
2017-09-28 21:20:14.296416+00:00,2017-09-28 21:20:14.296778+00:00,28,8,2017-06-30,-1702,0,270,-1972,0,0,270,0,0,0,0,0,0,0,-4145,201
2017-09-28 21:20:14.296416+00:00,2017-09-28 21:20:14.296778+00:00,28,14,2017-06-06,17213,0,2921,14292,0,0,2921,0,0,0,0,0,0,0,11848,16737
2017-09-28 21:20:14.296416+00:00,2017-09-28 21:20:14.296778+00:00,28,14,2017-06-07,14292,0,3609,10683,0,0,3609,0,0,0,0,0,0,0,5770,15597
2017-09-28 21:20:14.296416+00:00,2017-09-28 21:20:14.296778+00:00,28,14,2017-06-08,10683,0,4028,6655,0,0,4028,0,0,0,0,0,0,0,-665,13976
2017-09-28 21:20:14.296416+00:00,2017-09-28 21:20:14.296778+00:00,28,14,2017-06-09,6655,0,3949,2706,0,0,3949,0,0,0,0,0,0,0,-7031,12444
2017-09-28 21:20:14.296416+00:00,2017-09-28 21:20:14.296778+00:00,28,14,2017-06-10,2706,0,3121,-415,0,0,3121,0,0,0,0,0,0,0,-12502,11673
2017-09-28 21:20:14.296416+00:00,2017-09-28 21:20:14.296778+00:00,28,14,2017-06-11,-415,0,2888,-3303,0,0,2888,0,0,0,0,0,0,0,-17671,11066
2017-09-28 21:20:14.296416+00:00,2017-09-28 21:20:14.296778+00:00,28,14,2017-06-12,-3303,0,3071,-6373,0,0,3071,0,0,0,0,0,0,0,-22910,10163
2017-09-28 21:20:14.296416+00:00,2017-09-28 21:20:14.296778+00:00,28,14,2017-06-13,-6373,0,3071,-9444,0,0,3071,0,0,0,0,0,0,0,-28010,9122
2017-09-28 21:20:14.296416+00:00,2017-09-28 21:20:14.296778+00:00,28,14,2017-06-14,-9444,0,3071,-12515,0,0,3071,0,0,0,0,0,0,0,-33133,8104
2017-09-28 21:20:14.296416+00:00,2017-09-28 21:20:14.296778+00:00,28,14,2017-06-15,-12515,0,3800,-16315,0,0,3800,0,0,0,0,0,0,0,-38924,6294
2017-09-28 21:20:14.296416+00:00,2017-09-28 21:20:14.296778+00:00,28,14,2017-06-16,-16315,0,3390,-19705,0,0,3390,0,0,0,0,0,0,0,-43382,3972
2017-09-28 21:20:14.296416+00:00,2017-09-28 21:20:14.296778+00:00,28,14,2017-06-17,-19705,0,3090,-22795,0,0,3090,0,0,0,0,0,0,0,-47386,1796
2017-09-28 21:20:14.296416+00:00,2017-09-28 21:20:14.296778+00:00,28,14,2017-06-18,-22795,0,2884,-25679,0,0,2884,0,0,0,0,0,0,0,-51182,-175
2017-09-28 21:20:14.296416+00:00,2017-09-28 21:20:14.296778+00:00,28,14,2017-06-19,-25679,0,3070,-28749,0,0,3070,0,0,0,0,0,0,0,-55029,-2469
2017-09-28 21:20:14.296416+00:00,2017-09-28 21:20:14.296778+00:00,28,14,2017-06-20,-28749,0,3070,-31820,0,0,3070,0,0,0,0,0,0,0,-58883,-4756
2017-09-28 21:20:14.296416+00:00,2017-09-28 21:20:14.296778+00:00,28,14,2017-06-21,-31820,0,3064,-34883,0,0,3064,0,0,0,0,0,0,0,-62713,-7054
2017-09-28 21:20:14.296416+00:00,2017-09-28 21:20:14.296778+00:00,28,14,2017-06-22,-34883,0,3064,-37947,0,0,3064,0,0,0,0,0,0,0,-66530,-9364
2017-09-28 21:20:14.296416+00:00,2017-09-28 21:20:14.296778+00:00,28,14,2017-06-23,-37947,0,3380,-41327,0,0,3380,0,0,0,0,0,0,0,-70527,-12126
2017-09-28 21:20:14.296416+00:00,2017-09-28 21:20:14.296778+00:00,28,14,2017-06-24,-41327,0,3088,-44415,0,0,3088,0,0,0,0,0,0,0,-74077,-14752
2017-09-28 21:20:14.296416+00:00,2017-09-28 21:20:14.296778+00:00,28,14,2017-06-25,-44415,0,2884,-47298,0,0,2884,0,0,0,0,0,0,0,-77424,-17172
2017-09-28 21:20:14.296416+00:00,2017-09-28 21:20:14.296778+00:00,28,14,2017-06-26,-47298,0,3070,-50369,0,0,3070,0,0,0,0,0,0,0,-80959,-19779
2017-09-28 21:20:14.296416+00:00,2017-09-28 21:20:14.296778+00:00,28,14,2017-06-27,-50369,0,3070,-53439,0,0,3070,0,0,0,0,0,0,0,-84493,-22385
2017-09-28 21:20:14.296416+00:00,2017-09-28 21:20:14.296778+00:00,28,14,2017-06-28,-53439,0,3064,-56503,0,0,3064,0,0,0,0,0,0,0,-88021,-24985
2017-09-28 21:20:14.296416+00:00,2017-09-28 21:20:14.296778+00:00,28,14,2017-06-29,-56503,0,3627,-60130,0,0,3627,0,0,0,0,0,0,0,-92113,-28148
2017-09-28 21:20:14.296416+00:00,2017-09-28 21:20:14.296778+00:00,28,14,2017-06-30,-60130,0,3613,-63743,0,0,3613,0,0,0,0,0,0,0,-96121,-31365
2017-09-28 21:20:14.296416+00:00,2017-09-28 21:20:14.296778+00:00,32,9,2017-06-06,44279,0,3597,40682,0,0,3597,0,0,0,0,0,0,0,38207,43156
2017-09-28 21:20:14.296416+00:00,2017-09-28 21:20:14.296778+00:00,32,9,2017-06-07,40682,0,3326,37355,0,0,3326,0,0,0,0,0,0,0,32512,42199
2017-09-28 21:20:14.296416+00:00,2017-09-28 21:20:14.296778+00:00,32,9,2017-06-08,37355,0,3440,33915,0,0,3440,0,0,0,0,0,0,0,26704,41126
2017-09-28 21:20:14.296416+00:00,2017-09-28 21:20:14.296778+00:00,32,9,2017-06-09,33915,0,3317,30598,0,0,3317,0,0,0,0,0,0,0,21097,40099
2017-09-28 21:20:14.296416+00:00,2017-09-28 21:20:14.296778+00:00,32,9,2017-06-10,30598,0,3195,27402,0,0,3195,0,0,0,0,0,0,0,15762,39043
2017-09-28 21:20:14.296416+00:00,2017-09-28 21:20:14.296778+00:00,32,9,2017-06-11,27402,0,3017,24386,0,0,3017,0,0,0,0,0,0,0,10697,38074
2017-09-28 21:20:14.296416+00:00,2017-09-28 21:20:14.296778+00:00,32,9,2017-06-12,24386,0,3542,20843,0,0,3542,0,0,0,0,0,0,0,5335,36351
2017-09-28 21:20:14.296416+00:00,2017-09-28 21:20:14.296778+00:00,32,9,2017-06-13,20843,0,3542,17301,0,0,3542,0,0,0,0,0,0,0,196,34406
2017-09-28 21:20:14.296416+00:00,2017-09-28 21:20:14.296778+00:00,32,9,2017-06-14,17301,0,3542,13759,0,0,3542,0,0,0,0,0,0,0,-4933,32450
2017-09-28 21:20:14.296416+00:00,2017-09-28 21:20:14.296778+00:00,32,9,2017-06-15,13759,0,3257,10502,0,0,3257,0,0,0,0,0,0,0,-9665,30669
2017-09-28 21:20:14.296416+00:00,2017-09-28 21:20:14.296778+00:00,32,9,2017-06-16,10502,0,3204,7298,0,0,3204,0,0,0,0,0,0,0,-14130,28726
2017-09-28 21:20:14.296416+00:00,2017-09-28 21:20:14.296778+00:00,32,9,2017-06-17,7298,0,3112,4186,0,0,3112,0,0,0,0,0,0,0,-18465,26837
2017-09-28 21:20:14.296416+00:00,2017-09-28 21:20:14.296778+00:00,32,9,2017-06-18,4186,0,3038,1148,0,0,3038,0,0,0,0,0,0,0,-22624,24921
2017-09-28 21:20:14.296416+00:00,2017-09-28 21:20:14.296778+00:00,32,9,2017-06-19,1148,0,3163,-2015,0,0,3163,0,0,0,0,0,0,0,-26170,22140
2017-09-28 21:20:14.296416+00:00,2017-09-28 21:20:14.296778+00:00,32,9,2017-06-20,-2015,0,3238,-5253,0,0,3238,0,0,0,0,0,0,0,-29796,19290
2017-09-28 21:20:14.296416+00:00,2017-09-28 21:20:14.296778+00:00,32,9,2017-06-21,-5253,0,3542,-8795,0,0,3542,0,0,0,0,0,0,0,-33691,16101
2017-09-28 21:20:14.296416+00:00,2017-09-28 21:20:14.296778+00:00,32,9,2017-06-22,-8795,0,3542,-12338,0,0,3542,0,0,0,0,0,0,0,-37612,12936
2017-09-28 21:20:14.296416+00:00,2017-09-28 21:20:14.296778+00:00,32,9,2017-06-23,-12338,0,3542,-15880,0,0,3542,0,0,0,0,0,0,0,-41547,9787
2017-09-28 21:20:14.296416+00:00,2017-09-28 21:20:14.296778+00:00,32,9,2017-06-24,-15880,0,3197,-19077,0,0,3197,0,0,0,0,0,0,0,-45156,7003
2017-09-28 21:20:14.296416+00:00,2017-09-28 21:20:14.296778+00:00,32,9,2017-06-25,-19077,0,2974,-22051,0,0,2974,0,0,0,0,0,0,0,-48543,4441
2017-09-28 21:20:14.296416+00:00,2017-09-28 21:20:14.296778+00:00,32,9,2017-06-26,-22051,0,3542,-25594,0,0,3542,0,0,0,0,0,0,0,-52508,1320
2017-09-28 21:20:14.296416+00:00,2017-09-28 21:20:14.296778+00:00,32,9,2017-06-27,-25594,0,3542,-29136,0,0,3542,0,0,0,0,0,0,0,-56472,-1800
2017-09-28 21:20:14.296416+00:00,2017-09-28 21:20:14.296778+00:00,32,9,2017-06-28,-29136,0,3542,-32678,0,0,3542,0,0,0,0,0,0,0,-60437,-4920
2017-09-28 21:20:14.296416+00:00,2017-09-28 21:20:14.296778+00:00,32,9,2017-06-29,-32678,0,3542,-36221,0,0,3542,0,0,0,0,0,0,0,-64401,-8041
2017-09-28 21:20:14.296416+00:00,2017-09-28 21:20:14.296778+00:00,32,9,2017-06-30,-36221,0,3542,-39763,0,0,3542,0,0,0,0,0,0,0,-68380,-11147
2017-09-28 21:20:14.296416+00:00,2017-09-28 21:20:14.296778+00:00,32,8,2017-06-06,8935,0,726,8209,0,0,726,0,0,0,0,0,0,0,7537,8881
2017-09-28 21:20:14.296416+00:00,2017-09-28 21:20:14.296778+00:00,32,8,2017-06-07,8209,0,724,7485,0,0,724,0,0,0,0,0,0,0,6156,8813
2017-09-28 21:20:14.296416+00:00,2017-09-28 21:20:14.296778+00:00,32,8,2017-06-08,7485,0,733,6752,0,0,733,0,0,0,0,0,0,0,4773,8730
2017-09-28 21:20:14.296416+00:00,2017-09-28 21:20:14.296778+00:00,32,8,2017-06-09,6752,0,710,6042,0,0,710,0,0,0,0,0,0,0,3414,8670
2017-09-28 21:20:14.296416+00:00,2017-09-28 21:20:14.296778+00:00,32,8,2017-06-10,6042,0,629,5413,0,0,629,0,0,0,0,0,0,0,2230,8596
2017-09-28 21:20:14.296416+00:00,2017-09-28 21:20:14.296778+00:00,32,8,2017-06-11,5413,0,632,4780,0,0,632,0,0,0,0,0,0,0,1045,8516
2017-09-28 21:20:14.296416+00:00,2017-09-28 21:20:14.296778+00:00,32,8,2017-06-12,4780,0,716,4064,0,0,716,0,0,0,0,0,0,0,-164,8292
2017-09-28 21:20:14.296416+00:00,2017-09-28 21:20:14.296778+00:00,32,8,2017-06-13,4064,0,720,3345,0,0,720,0,0,0,0,0,0,0,-1291,7980
2017-09-28 21:20:14.296416+00:00,2017-09-28 21:20:14.296778+00:00,32,8,2017-06-14,3345,0,719,2626,0,0,719,0,0,0,0,0,0,0,-2417,7668
2017-09-28 21:20:14.296416+00:00,2017-09-28 21:20:14.296778+00:00,32,8,2017-06-15,2626,0,719,1907,0,0,719,0,0,0,0,0,0,0,-3533,7346
2017-09-28 21:20:14.296416+00:00,2017-09-28 21:20:14.296778+00:00,32,8,2017-06-16,1907,0,718,1188,0,0,718,0,0,0,0,0,0,0,-4557,6933
2017-09-28 21:20:14.296416+00:00,2017-09-28 21:20:14.296778+00:00,32,8,2017-06-17,1188,0,639,549,0,0,639,0,0,0,0,0,0,0,-5498,6595
2017-09-28 21:20:14.296416+00:00,2017-09-28 21:20:14.296778+00:00,32,8,2017-06-18,549,0,671,-122,0,0,671,0,0,0,0,0,0,0,-6424,6180
2017-09-28 21:20:14.296416+00:00,2017-09-28 21:20:14.296778+00:00,32,8,2017-06-19,-122,0,679,-801,0,0,679,0,0,0,0,0,0,0,-7180,5578
2017-09-28 21:20:14.296416+00:00,2017-09-28 21:20:14.296778+00:00,32,8,2017-06-20,-801,0,675,-1476,0,0,675,0,0,0,0,0,0,0,-7928,4977
2017-09-28 21:20:14.296416+00:00,2017-09-28 21:20:14.296778+00:00,32,8,2017-06-21,-1476,0,681,-2156,0,0,681,0,0,0,0,0,0,0,-8681,4369
2017-09-28 21:20:14.296416+00:00,2017-09-28 21:20:14.296778+00:00,32,8,2017-06-22,-2156,0,656,-2812,0,0,656,0,0,0,0,0,0,0,-9407,3783
2017-09-28 21:20:14.296416+00:00,2017-09-28 21:20:14.296778+00:00,32,8,2017-06-23,-2812,0,721,-3533,0,0,721,0,0,0,0,0,0,0,-10196,3129
2017-09-28 21:20:14.296416+00:00,2017-09-28 21:20:14.296778+00:00,32,8,2017-06-24,-3533,0,633,-4167,0,0,633,0,0,0,0,0,0,0,-10899,2565
2017-09-28 21:20:14.296416+00:00,2017-09-28 21:20:14.296778+00:00,32,8,2017-06-25,-4167,0,654,-4820,0,0,654,0,0,0,0,0,0,0,-11620,1980
2017-09-28 21:20:14.296416+00:00,2017-09-28 21:20:14.296778+00:00,32,8,2017-06-26,-4820,0,722,-5542,0,0,722,0,0,0,0,0,0,0,-12406,1322
2017-09-28 21:20:14.296416+00:00,2017-09-28 21:20:14.296778+00:00,32,8,2017-06-27,-5542,0,722,-6264,0,0,722,0,0,0,0,0,0,0,-13193,665
2017-09-28 21:20:14.296416+00:00,2017-09-28 21:20:14.296778+00:00,32,8,2017-06-28,-6264,0,722,-6986,0,0,722,0,0,0,0,0,0,0,-13980,8
2017-09-28 21:20:14.296416+00:00,2017-09-28 21:20:14.296778+00:00,32,8,2017-06-29,-6986,0,722,-7707,0,0,722,0,0,0,0,0,0,0,-14767,-648
2017-09-28 21:20:14.296416+00:00,2017-09-28 21:20:14.296778+00:00,32,8,2017-06-30,-7707,0,722,-8429,0,0,722,0,0,0,0,0,0,0,-15555,-1304
2017-09-28 21:20:14.296416+00:00,2017-09-28 21:20:14.296778+00:00,32,14,2017-06-06,23596,0,2094,21502,0,0,2094,0,0,0,0,0,0,0,19302,23596
2017-09-28 21:20:14.296416+00:00,2017-09-28 21:20:14.296778+00:00,32,14,2017-06-07,21502,0,2093,19408,0,0,2093,0,0,0,0,0,0,0,15010,23596
2017-09-28 21:20:14.296416+00:00,2017-09-28 21:20:14.296778+00:00,32,14,2017-06-08,19408,0,2401,17007,0,0,2401,0,0,0,0,0,0,0,10410,23395
2017-09-28 21:20:14.296416+00:00,2017-09-28 21:20:14.296778+00:00,32,14,2017-06-09,17007,0,2272,14735,0,0,2272,0,0,0,0,0,0,0,5935,23325
2017-09-28 21:20:14.296416+00:00,2017-09-28 21:20:14.296778+00:00,32,14,2017-06-10,14735,0,2118,12618,0,0,2118,0,0,0,0,0,0,0,1667,23325
2017-09-28 21:20:14.296416+00:00,2017-09-28 21:20:14.296778+00:00,32,14,2017-06-11,12618,0,2642,9976,0,0,2642,0,0,0,0,0,0,0,-2985,22694
2017-09-28 21:20:14.296416+00:00,2017-09-28 21:20:14.296778+00:00,32,14,2017-06-12,9976,0,2101,7875,0,0,2101,0,0,0,0,0,0,0,-7006,22513
2017-09-28 21:20:14.296416+00:00,2017-09-28 21:20:14.296778+00:00,32,14,2017-06-13,7875,0,2126,5750,0,0,2126,0,0,0,0,0,0,0,-10847,22103
2017-09-28 21:20:14.296416+00:00,2017-09-28 21:20:14.296778+00:00,32,14,2017-06-14,5750,0,2125,3625,0,0,2125,0,0,0,0,0,0,0,-14683,21689
2017-09-28 21:20:14.296416+00:00,2017-09-28 21:20:14.296778+00:00,32,14,2017-06-15,3625,0,2190,1435,0,0,2190,0,0,0,0,0,0,0,-18584,21210
2017-09-28 21:20:14.296416+00:00,2017-09-28 21:20:14.296778+00:00,32,14,2017-06-16,1435,0,2170,-735,0,0,2170,0,0,0,0,0,0,0,-22316,20602
2017-09-28 21:20:14.296416+00:00,2017-09-28 21:20:14.296778+00:00,32,14,2017-06-17,-735,0,2172,-2908,0,0,2172,0,0,0,0,0,0,0,-25870,19810
2017-09-28 21:20:14.296416+00:00,2017-09-28 21:20:14.296778+00:00,32,14,2017-06-18,-2908,0,2626,-5533,0,0,2626,0,0,0,0,0,0,0,-29702,18391
2017-09-28 21:20:14.296416+00:00,2017-09-28 21:20:14.296778+00:00,32,14,2017-06-19,-5533,0,2120,-7653,0,0,2120,0,0,0,0,0,0,0,-32640,17090
2017-09-28 21:20:14.296416+00:00,2017-09-28 21:20:14.296778+00:00,32,14,2017-06-20,-7653,0,2120,-9773,0,0,2120,0,0,0,0,0,0,0,-35131,15341
2017-09-28 21:20:14.296416+00:00,2017-09-28 21:20:14.296778+00:00,32,14,2017-06-21,-9773,0,2120,-11893,0,0,2120,0,0,0,0,0,0,0,-37619,13589
2017-09-28 21:20:14.296416+00:00,2017-09-28 21:20:14.296778+00:00,32,14,2017-06-22,-11893,0,2124,-14017,0,0,2124,0,0,0,0,0,0,0,-40109,11831
2017-09-28 21:20:14.296416+00:00,2017-09-28 21:20:14.296778+00:00,32,14,2017-06-23,-14017,0,2038,-16055,0,0,2038,0,0,0,0,0,0,0,-42504,10150
2017-09-28 21:20:14.296416+00:00,2017-09-28 21:20:14.296778+00:00,32,14,2017-06-24,-16055,0,2168,-18223,0,0,2168,0,0,0,0,0,0,0,-45040,8349
2017-09-28 21:20:14.296416+00:00,2017-09-28 21:20:14.296778+00:00,32,14,2017-06-25,-18223,0,2626,-20849,0,0,2626,0,0,0,0,0,0,0,-48031,6089
2017-09-28 21:20:14.296416+00:00,2017-09-28 21:20:14.296778+00:00,32,14,2017-06-26,-20849,0,2120,-22969,0,0,2120,0,0,0,0,0,0,0,-50510,4328
2017-09-28 21:20:14.296416+00:00,2017-09-28 21:20:14.296778+00:00,32,14,2017-06-27,-22969,0,2120,-25089,0,0,2120,0,0,0,0,0,0,0,-52988,2566
2017-09-28 21:20:14.296416+00:00,2017-09-28 21:20:14.296778+00:00,32,14,2017-06-28,-25089,0,2120,-27209,0,0,2120,0,0,0,0,0,0,0,-55466,805
2017-09-28 21:20:14.296416+00:00,2017-09-28 21:20:14.296778+00:00,32,14,2017-06-29,-27209,0,2124,-29333,0,0,2124,0,0,0,0,0,0,0,-57949,-961
2017-09-28 21:20:14.296416+00:00,2017-09-28 21:20:14.296778+00:00,32,14,2017-06-30,-29333,0,2117,-31450,0,0,2117,0,0,0,0,0,0,0,-60427,-2717
2017-09-28 21:20:14.296416+00:00,2017-09-28 21:20:14.296778+00:00,59,9,2017-06-06,219584,0,11534,208050,0,0,11534,0,0,0,0,0,0,0,203515,212586
2017-09-28 21:20:14.296416+00:00,2017-09-28 21:20:14.296778+00:00,59,9,2017-06-07,208050,0,11528,196523,0,0,11528,0,0,0,0,0,0,0,187465,205581
2017-09-28 21:20:14.296416+00:00,2017-09-28 21:20:14.296778+00:00,59,9,2017-06-08,196523,0,11523,185000,0,0,11523,0,0,0,0,0,0,0,173159,196841
2017-09-28 21:20:14.296416+00:00,2017-09-28 21:20:14.296778+00:00,59,9,2017-06-09,185000,0,11502,173498,0,0,11502,0,0,0,0,0,0,0,158890,188105
2017-09-28 21:20:14.296416+00:00,2017-09-28 21:20:14.296778+00:00,59,9,2017-06-10,173498,0,11500,161998,0,0,11500,0,0,0,0,0,0,0,145137,178858
2017-09-28 21:20:14.296416+00:00,2017-09-28 21:20:14.296778+00:00,59,9,2017-06-11,161998,0,11343,150654,0,0,11343,0,0,0,0,0,0,0,131559,169749
2017-09-28 21:20:14.296416+00:00,2017-09-28 21:20:14.296778+00:00,59,9,2017-06-12,150654,0,11591,139063,0,0,11591,0,0,0,0,0,0,0,117842,160284
2017-09-28 21:20:14.296416+00:00,2017-09-28 21:20:14.296778+00:00,59,9,2017-06-13,139063,0,11591,127472,0,0,11591,0,0,0,0,0,0,0,104298,150645
2017-09-28 21:20:14.296416+00:00,2017-09-28 21:20:14.296778+00:00,59,9,2017-06-14,127472,0,11591,115880,0,0,11591,0,0,0,0,0,0,0,90776,140985
2017-09-28 21:20:14.296416+00:00,2017-09-28 21:20:14.296778+00:00,59,9,2017-06-15,115880,0,11578,104303,0,0,11578,0,0,0,0,0,0,0,77292,131313
2017-09-28 21:20:14.296416+00:00,2017-09-28 21:20:14.296778+00:00,59,9,2017-06-16,104303,0,11599,92703,0,0,11599,0,0,0,0,0,0,0,64013,121393
2017-09-28 21:20:14.296416+00:00,2017-09-28 21:20:14.296778+00:00,59,9,2017-06-17,92703,0,11545,81158,0,0,11545,0,0,0,0,0,0,0,51372,110945
2017-09-28 21:20:14.296416+00:00,2017-09-28 21:20:14.296778+00:00,59,9,2017-06-18,81158,0,11434,69725,0,0,11434,0,0,0,0,0,0,0,38850,100599
2017-09-28 21:20:14.296416+00:00,2017-09-28 21:20:14.296778+00:00,59,9,2017-06-19,69725,0,11492,58233,0,0,11492,0,0,0,0,0,0,0,26959,89506
2017-09-28 21:20:14.296416+00:00,2017-09-28 21:20:14.296778+00:00,59,9,2017-06-20,58233,0,11561,46671,0,0,11561,0,0,0,0,0,0,0,15259,78084
2017-09-28 21:20:14.296416+00:00,2017-09-28 21:20:14.296778+00:00,59,9,2017-06-21,46671,0,11582,35089,0,0,11582,0,0,0,0,0,0,0,3536,66642
2017-09-28 21:20:14.296416+00:00,2017-09-28 21:20:14.296778+00:00,59,9,2017-06-22,35089,0,11604,23485,0,0,11604,0,0,0,0,0,0,0,-8212,55181
2017-09-28 21:20:14.296416+00:00,2017-09-28 21:20:14.296778+00:00,59,9,2017-06-23,23485,0,11523,11961,0,0,11523,0,0,0,0,0,0,0,-19883,43806
2017-09-28 21:20:14.296416+00:00,2017-09-28 21:20:14.296778+00:00,59,9,2017-06-24,11961,0,11413,549,0,0,11413,0,0,0,0,0,0,0,-31443,32541
2017-09-28 21:20:14.296416+00:00,2017-09-28 21:20:14.296778+00:00,59,9,2017-06-25,549,0,11424,-10875,0,0,11424,0,0,0,0,0,0,0,-43027,21277
2017-09-28 21:20:14.296416+00:00,2017-09-28 21:20:14.296778+00:00,59,9,2017-06-26,-10875,0,11508,-22383,0,0,11508,0,0,0,0,0,0,0,-54672,9905
2017-09-28 21:20:14.296416+00:00,2017-09-28 21:20:14.296778+00:00,59,9,2017-06-27,-22383,0,11473,-33856,0,0,11473,0,0,0,0,0,0,0,-66278,-1435
2017-09-28 21:20:14.296416+00:00,2017-09-28 21:20:14.296778+00:00,59,9,2017-06-28,-33856,0,11471,-45328,0,0,11471,0,0,0,0,0,0,0,-77882,-12774
2017-09-28 21:20:14.296416+00:00,2017-09-28 21:20:14.296778+00:00,59,9,2017-06-29,-45328,0,11469,-56796,0,0,11469,0,0,0,0,0,0,0,-89479,-24113
2017-09-28 21:20:14.296416+00:00,2017-09-28 21:20:14.296778+00:00,59,9,2017-06-30,-56796,0,11467,-68264,0,0,11467,0,0,0,0,0,0,0,-101073,-35455
2017-09-28 21:20:14.296416+00:00,2017-09-28 21:20:14.296778+00:00,59,8,2017-06-06,16591,0,639,15952,0,0,639,0,0,0,0,0,0,0,15577,16327
2017-09-28 21:20:14.296416+00:00,2017-09-28 21:20:14.296778+00:00,59,8,2017-06-07,15952,0,635,15317,0,0,635,0,0,0,0,0,0,0,14587,16048
2017-09-28 21:20:14.296416+00:00,2017-09-28 21:20:14.296778+00:00,59,8,2017-06-08,15317,0,633,14685,0,0,633,0,0,0,0,0,0,0,13626,15744
2017-09-28 21:20:14.296416+00:00,2017-09-28 21:20:14.296778+00:00,59,8,2017-06-09,14685,0,631,14054,0,0,631,0,0,0,0,0,0,0,12666,15442
2017-09-28 21:20:14.296416+00:00,2017-09-28 21:20:14.296778+00:00,59,8,2017-06-10,14054,0,629,13425,0,0,629,0,0,0,0,0,0,0,11741,15110
2017-09-28 21:20:14.296416+00:00,2017-09-28 21:20:14.296778+00:00,59,8,2017-06-11,13425,0,662,12763,0,0,662,0,0,0,0,0,0,0,10792,14734
2017-09-28 21:20:14.296416+00:00,2017-09-28 21:20:14.296778+00:00,59,8,2017-06-12,12763,0,666,12097,0,0,666,0,0,0,0,0,0,0,9861,14334
2017-09-28 21:20:14.296416+00:00,2017-09-28 21:20:14.296778+00:00,59,8,2017-06-13,12097,0,658,11439,0,0,658,0,0,0,0,0,0,0,8941,13938
2017-09-28 21:20:14.296416+00:00,2017-09-28 21:20:14.296778+00:00,59,8,2017-06-14,11439,0,648,10791,0,0,648,0,0,0,0,0,0,0,8048,13534
2017-09-28 21:20:14.296416+00:00,2017-09-28 21:20:14.296778+00:00,59,8,2017-06-15,10791,0,660,10131,0,0,660,0,0,0,0,0,0,0,7174,13089
2017-09-28 21:20:14.296416+00:00,2017-09-28 21:20:14.296778+00:00,59,8,2017-06-16,10131,0,661,9470,0,0,661,0,0,0,0,0,0,0,6315,12625
2017-09-28 21:20:14.296416+00:00,2017-09-28 21:20:14.296778+00:00,59,8,2017-06-17,9470,0,650,8820,0,0,650,0,0,0,0,0,0,0,5511,12130
2017-09-28 21:20:14.296416+00:00,2017-09-28 21:20:14.296778+00:00,59,8,2017-06-18,8820,0,644,8177,0,0,644,0,0,0,0,0,0,0,4784,11569
2017-09-28 21:20:14.296416+00:00,2017-09-28 21:20:14.296778+00:00,59,8,2017-06-19,8177,0,653,7523,0,0,653,0,0,0,0,0,0,0,4102,10945
2017-09-28 21:20:14.296416+00:00,2017-09-28 21:20:14.296778+00:00,59,8,2017-06-20,7523,0,650,6873,0,0,650,0,0,0,0,0,0,0,3426,10320
2017-09-28 21:20:14.296416+00:00,2017-09-28 21:20:14.296778+00:00,59,8,2017-06-21,6873,0,642,6231,0,0,642,0,0,0,0,0,0,0,2759,9703
2017-09-28 21:20:14.296416+00:00,2017-09-28 21:20:14.296778+00:00,59,8,2017-06-22,6231,0,653,5578,0,0,653,0,0,0,0,0,0,0,2082,9074
2017-09-28 21:20:14.296416+00:00,2017-09-28 21:20:14.296778+00:00,59,8,2017-06-23,5578,0,646,4932,0,0,646,0,0,0,0,0,0,0,1414,8450
2017-09-28 21:20:14.296416+00:00,2017-09-28 21:20:14.296778+00:00,59,8,2017-06-24,4932,0,636,4296,0,0,636,0,0,0,0,0,0,0,759,7833
2017-09-28 21:20:14.296416+00:00,2017-09-28 21:20:14.296778+00:00,59,8,2017-06-25,4296,0,648,3648,0,0,648,0,0,0,0,0,0,0,94,7202
2017-09-28 21:20:14.296416+00:00,2017-09-28 21:20:14.296778+00:00,59,8,2017-06-26,3648,0,655,2994,0,0,655,0,0,0,0,0,0,0,-577,6564
2017-09-28 21:20:14.296416+00:00,2017-09-28 21:20:14.296778+00:00,59,8,2017-06-27,2994,0,654,2340,0,0,654,0,0,0,0,0,0,0,-1244,5924
2017-09-28 21:20:14.296416+00:00,2017-09-28 21:20:14.296778+00:00,59,8,2017-06-28,2340,0,653,1686,0,0,653,0,0,0,0,0,0,0,-1911,5284
2017-09-28 21:20:14.296416+00:00,2017-09-28 21:20:14.296778+00:00,59,8,2017-06-29,1686,0,653,1033,0,0,653,0,0,0,0,0,0,0,-2577,4644
2017-09-28 21:20:14.296416+00:00,2017-09-28 21:20:14.296778+00:00,59,8,2017-06-30,1033,0,653,381,0,0,653,0,0,0,0,0,0,0,-3242,4004
2017-09-28 21:20:14.296416+00:00,2017-09-28 21:20:14.296778+00:00,59,14,2017-06-06,119459,0,3714,115745,0,0,3714,0,0,0,0,0,0,0,113090,118401
2017-09-28 21:20:14.296416+00:00,2017-09-28 21:20:14.296778+00:00,59,14,2017-06-07,115745,0,3711,112034,0,0,3711,0,0,0,0,0,0,0,106876,117193
2017-09-28 21:20:14.296416+00:00,2017-09-28 21:20:14.296778+00:00,59,14,2017-06-08,112034,0,3466,108568,0,0,3466,0,0,0,0,0,0,0,100920,116217
2017-09-28 21:20:14.296416+00:00,2017-09-28 21:20:14.296778+00:00,59,14,2017-06-09,108568,0,3316,105252,0,0,3316,0,0,0,0,0,0,0,95280,115225
2017-09-28 21:20:14.296416+00:00,2017-09-28 21:20:14.296778+00:00,59,14,2017-06-10,105252,0,2792,102460,0,0,2792,0,0,0,0,0,0,0,90416,114505
2017-09-28 21:20:14.296416+00:00,2017-09-28 21:20:14.296778+00:00,59,14,2017-06-11,102460,0,3049,99411,0,0,3049,0,0,0,0,0,0,0,85461,113362
2017-09-28 21:20:14.296416+00:00,2017-09-28 21:20:14.296778+00:00,59,14,2017-06-12,99411,0,3679,95733,0,0,3679,0,0,0,0,0,0,0,80131,111335
2017-09-28 21:20:14.296416+00:00,2017-09-28 21:20:14.296778+00:00,59,14,2017-06-13,95733,0,3679,92054,0,0,3679,0,0,0,0,0,0,0,74888,109220
2017-09-28 21:20:14.296416+00:00,2017-09-28 21:20:14.296778+00:00,59,14,2017-06-14,92054,0,3679,88375,0,0,3679,0,0,0,0,0,0,0,69641,107108
2017-09-28 21:20:14.296416+00:00,2017-09-28 21:20:14.296778+00:00,59,14,2017-06-15,88375,0,3376,84999,0,0,3376,0,0,0,0,0,0,0,64846,105153
2017-09-28 21:20:14.296416+00:00,2017-09-28 21:20:14.296778+00:00,59,14,2017-06-16,84999,0,2963,82037,0,0,2963,0,0,0,0,0,0,0,60824,103250
2017-09-28 21:20:14.296416+00:00,2017-09-28 21:20:14.296778+00:00,59,14,2017-06-17,82037,0,2819,79217,0,0,2819,0,0,0,0,0,0,0,56937,101498
2017-09-28 21:20:14.296416+00:00,2017-09-28 21:20:14.296778+00:00,59,14,2017-06-18,79217,0,3041,76176,0,0,3041,0,0,0,0,0,0,0,52959,99393
2017-09-28 21:20:14.296416+00:00,2017-09-28 21:20:14.296778+00:00,59,14,2017-06-19,76176,0,3679,72497,0,0,3679,0,0,0,0,0,0,0,48601,96393
2017-09-28 21:20:14.296416+00:00,2017-09-28 21:20:14.296778+00:00,59,14,2017-06-20,72497,0,3679,68818,0,0,3679,0,0,0,0,0,0,0,44227,93410
2017-09-28 21:20:14.296416+00:00,2017-09-28 21:20:14.296778+00:00,59,14,2017-06-21,68818,0,3702,65116,0,0,3702,0,0,0,0,0,0,0,39834,90399
2017-09-28 21:20:14.296416+00:00,2017-09-28 21:20:14.296778+00:00,59,14,2017-06-22,65116,0,3351,61766,0,0,3351,0,0,0,0,0,0,0,35793,87738
2017-09-28 21:20:14.296416+00:00,2017-09-28 21:20:14.296778+00:00,59,14,2017-06-23,61766,0,2964,58801,0,0,2964,0,0,0,0,0,0,0,32143,85460
2017-09-28 21:20:14.296416+00:00,2017-09-28 21:20:14.296778+00:00,59,14,2017-06-24,58801,0,2817,55984,0,0,2817,0,0,0,0,0,0,0,28611,83357
2017-09-28 21:20:14.296416+00:00,2017-09-28 21:20:14.296778+00:00,59,14,2017-06-25,55984,0,3041,52943,0,0,3041,0,0,0,0,0,0,0,24860,81025
2017-09-28 21:20:14.296416+00:00,2017-09-28 21:20:14.296778+00:00,59,14,2017-06-26,52943,0,3679,49264,0,0,3679,0,0,0,0,0,0,0,20471,78057
2017-09-28 21:20:14.296416+00:00,2017-09-28 21:20:14.296778+00:00,59,14,2017-06-27,49264,0,3679,45585,0,0,3679,0,0,0,0,0,0,0,16082,75088
2017-09-28 21:20:14.296416+00:00,2017-09-28 21:20:14.296778+00:00,59,14,2017-06-28,45585,0,3702,41883,0,0,3702,0,0,0,0,0,0,0,11670,72096
2017-09-28 21:20:14.296416+00:00,2017-09-28 21:20:14.296778+00:00,59,14,2017-06-29,41883,0,3351,38532,0,0,3351,0,0,0,0,0,0,0,7605,69459
2017-09-28 21:20:14.296416+00:00,2017-09-28 21:20:14.296778+00:00,59,14,2017-06-30,38532,0,2964,35568,0,0,2964,0,0,0,0,0,0,0,3928,67208