path_id,grade_id,volume,transaction,origin_start,origin_end,destination_start,destination_end,pump_rate,status
3,3,29700,PH-V95-989-PA,,,2017-06-05 00:00,2017-06-05 09:54,3000,scheduled
3,3,61000,PH-V95-990-PA,,,2017-06-12 07:28,2017-06-13 06:55,2600,scheduled
3,3,61000,PH-V95-914-PA,,,2017-06-23 13:30,2017-06-24 12:58,2600,scheduled
2,3,29100,PH-V95-852-PA,,,2017-06-05 00:00,2017-06-06 01:18,1150,scheduled
2,3,18600,PH-V95-852-PA,,,2017-06-09 10:00,2017-06-10 02:10,1150,scheduled
2,3,66400,PH-V95-853-PA,,,2017-06-10 02:10,2017-06-12 11:55,1150,scheduled
2,3,18600,PH-V95-853-PA,,,2017-06-13 10:00,2017-06-14 02:10,1150,scheduled
2,3,66400,PH-V95-854-PA,,,2017-06-14 02:10,2017-06-16 11:55,1150,scheduled
2,3,18600,PH-V95-854-PA,,,2017-06-18 10:00,2017-06-19 02:10,1150,scheduled
2,3,66400,PH-V95-855-PA,,,2017-06-19 02:10,2017-06-21 11:55,1150,scheduled
2,3,18600,PH-V95-855-PA,,,2017-06-24 10:00,2017-06-25 02:10,1150,scheduled
2,3,25000,PH-V95-860-PA,,,2017-06-25 02:10,2017-06-25 23:55,1150,scheduled
2,3,85000,PH-V95-856-PA,,,2017-06-27 13:18,2017-06-30 15:13,1150,scheduled
2,3,66400,PH-V95-858-PA,,,2017-06-30 15:13,2017-07-03 00:57,1150,scheduled
1,3,13000,PH-V95-701-PA,,,2017-06-08 18:06,2017-06-09 05:56,1100,scheduled
1,3,12000,PH-V95-707-PA,,,2017-06-11 04:19,2017-06-11 11:49,1600,scheduled
1,3,14000,PH-V95-709-PA,,,2017-06-16 10:49,2017-06-16 19:34,1600,scheduled
1,3,6000,PH-V95-713-PA,,,2017-06-17 09:57,2017-06-17 13:42,1600,scheduled
1,3,12000,PH-V95-718-PA,,,2017-06-18 10:57,2017-06-18 18:27,1600,scheduled
1,3,4000,PH-V95-715-PA,,,2017-06-22 06:17,2017-06-22 09:56,1100,scheduled
1,3,9000,PH-V95-719-PA,,,2017-06-24 14:50,2017-06-24 23:01,1100,scheduled
1,3,8000,PH-V95-722-PA,,,2017-06-26 23:01,2017-06-27 06:17,1100,scheduled
1,3,14000,PH-V95-724-PA,,,2017-06-30 23:01,2017-07-01 11:45,1100,scheduled
4,3,700,PH-V95-787-PA,,,2017-06-05 00:00,2017-06-05 00:38,1100,scheduled
4,3,4000,PH-V95-789-PA,,,2017-06-05 03:35,2017-06-05 07:10,1100,scheduled
4,3,1800,PH-V95-791-PA,,,2017-06-17 18:33,2017-06-17 19:40,1600,scheduled
4,3,2000,PH-V95-793-PA,,,2017-06-18 09:44,2017-06-18 10:57,1600,scheduled
4,3,2000,PH-V95-793-PA,,,2017-06-18 18:27,2017-06-18 19:42,1600,scheduled
4,3,2000,PH-V95-793-PA,,,2017-06-22 04:28,2017-06-22 06:17,1100,scheduled
4,3,10000,PH-V95-793-PA,,,2017-06-22 09:56,2017-06-22 19:01,1100,scheduled
4,3,500,PH-V95-793-PA,,,2017-06-24 12:06,2017-06-24 12:32,1100,scheduled
4,3,800,PH-V95-795-PA,,,2017-06-24 14:04,2017-06-24 14:50,1100,scheduled
4,3,1700,PH-V95-795-PA,,,2017-06-24 23:01,2017-06-25 00:33,1100,scheduled
4,3,5000,PH-V95-797-PA,,,2017-06-27 08:08,2017-06-27 12:39,1100,scheduled
4,3,2000,PH-V95-797-PA,,,2017-06-30 21:12,2017-06-30 23:01,1100,scheduled
4,3,1000,PH-V95-797-PA,,,2017-07-01 11:45,2017-07-01 12:39,1100,scheduled
13,3,60000,PH-V95-126-05,,,2017-06-06 19:04,2017-06-07 15:04,3000,scheduled
13,3,80000,PH-V95-131-05,,,2017-06-10 11:29,2017-06-11 14:09,3000,scheduled
13,3,70000,PH-V95-165-05,,,2017-06-14 07:29,2017-06-15 06:48,3000,scheduled
13,3,70000,PH-V95-175-05,,,2017-06-18 00:09,2017-06-18 23:29,3000,scheduled
13,3,70000,PH-V95-182-05,,,2017-06-21 16:49,2017-06-22 16:09,3000,scheduled
13,3,70000,PH-V95-190-05,,,2017-06-25 09:29,2017-06-26 08:49,3000,scheduled
13,3,70000,PH-V95-197-05,,,2017-06-29 02:09,2017-06-30 01:28,3000,scheduled
13,3,70000,PH-V95-222-05,,,2017-07-02 18:49,2017-07-03 18:08,3000,scheduled
5,3,9300,PH-V95-626-21,,,2017-06-05 00:00,2017-06-05 03:26,2700,scheduled
5,3,900,PH-V95-664-21,,,2017-06-05 11:35,2017-06-05 11:55,2700,scheduled
5,3,24000,PH-V95-664-21,,,2017-06-05 11:55,2017-06-05 17:56,4000,scheduled
5,3,6000,PH-V95-664-21,,,2017-06-05 17:56,2017-06-05 19:56,3000,scheduled
5,3,64000,PH-V95-664-21,,,2017-06-05 19:56,2017-06-06 11:56,4000,scheduled
5,3,45000,PH-V95-529-21,,,2017-06-10 03:09,2017-06-10 14:24,4000,scheduled
5,3,110800,PH-V95-584-21,,,2017-06-12 07:19,2017-06-13 14:58,3500,scheduled
5,3,12600,PH-V95-584-21,,,2017-06-13 14:59,2017-06-13 19:09,3000,scheduled
5,3,50000,PH-V95-601-21,,,2017-06-14 01:34,2017-06-14 15:51,3500,scheduled
5,3,32000,PH-V95-630-21,,,2017-06-16 21:49,2017-06-17 06:58,3500,scheduled
5,3,14900,PH-V95-630-21,,,2017-06-17 06:58,2017-06-17 11:56,3000,scheduled
5,3,50000,PH-V95-636-21,,,2017-06-17 18:19,2017-06-18 08:37,3500,scheduled
5,3,46900,PH-V95-674-21,,,2017-06-20 17:36,2017-06-21 07:00,3500,scheduled
5,3,25000,PH-V95-646-21,,,2017-06-21 13:17,2017-06-21 20:26,3500,scheduled
5,3,200,PH-V95-602-21,,,2017-06-23 19:55,2017-06-23 19:59,3500,scheduled
5,3,20000,PH-V95-602-21,,,2017-06-23 19:59,2017-06-24 02:39,3000,scheduled
5,3,66000,PH-V95-602-21,,,2017-06-24 02:39,2017-06-24 21:31,3500,scheduled
5,3,50000,PH-V95-660-21,,,2017-06-25 03:48,2017-06-25 18:05,3500,scheduled
5,3,52200,PH-V95-657-21,,,2017-06-27 19:44,2017-06-28 10:39,3500,scheduled
5,3,9000,PH-V95-657-21,,,2017-06-28 10:39,2017-06-28 13:39,3000,scheduled
5,3,25000,PH-V95-653-21,,,2017-06-28 20:05,2017-06-29 03:14,3500,scheduled
5,3,46900,PH-V95-681-21,,,2017-07-01 21:46,2017-07-02 13:24,3000,scheduled
5,3,25000,PH-V95-683-21,,,2017-07-02 20:44,2017-07-03 05:04,3000,scheduled
11,3,3000,CO-V95-847-PC,,,2017-06-05 00:00,2017-06-05 01:49,1651,scheduled
11,3,5100,CO-V95-847-PC,,,2017-06-05 01:49,2017-06-05 04:53,1667,scheduled
11,3,900,CO-V95-847-PC,,,2017-06-05 04:53,2017-06-05 05:24,1695,scheduled
11,3,4600,CO-V95-850-PC,,,2017-06-06 06:29,2017-06-06 08:59,1839,scheduled
11,3,7500,CO-V95-850-PC,,,2017-06-06 08:59,2017-06-06 12:59,1868,scheduled
11,3,7700,CO-V95-850-PC,,,2017-06-06 12:59,2017-06-06 16:59,1917,scheduled
11,3,600,CO-V95-850-PC,,,2017-06-06 16:59,2017-06-06 17:18,1966,scheduled
11,3,4700,CO-V95-850-PC,,,2017-06-06 17:18,2017-06-06 19:39,1970,scheduled
11,3,2300,CO-V95-855-PC,,,2017-06-09 22:44,2017-06-10 00:00,1806,scheduled
11,3,7300,CO-V95-855-PC,,,2017-06-10 00:00,2017-06-10 04:00,1821,scheduled
11,3,7500,CO-V95-855-PC,,,2017-06-10 04:00,2017-06-10 08:00,1868,scheduled
11,3,7700,CO-V95-855-PC,,,2017-06-10 08:00,2017-06-10 12:00,1916,scheduled
11,3,5300,CO-V95-855-PC,,,2017-06-10 12:00,2017-06-10 14:42,1966,scheduled
11,3,7400,CO-V95-857-PC,,,2017-06-11 16:21,2017-06-11 20:21,1839,scheduled
11,3,6900,CO-V95-857-PC,,,2017-06-11 20:21,2017-06-12 00:00,1886,scheduled
11,3,4800,CO-V95-857-PC,,,2017-06-12 00:00,2017-06-12 02:28,1931,scheduled
11,3,5800,CO-V95-857-PC,,,2017-06-12 02:28,2017-06-12 05:26,1961,scheduled
11,3,200,CO-V95-857-PC,,,2017-06-12 05:26,2017-06-12 05:31,1999,scheduled
11,3,7200,CO-V95-860-PC,,,2017-06-13 04:40,2017-06-13 08:40,1806,scheduled
11,3,1600,CO-V95-860-PC,,,2017-06-13 08:40,2017-06-13 09:31,1853,scheduled
11,3,7500,CO-V95-860-PC,,,2017-06-13 09:31,2017-06-13 13:31,1863,scheduled
11,3,7600,CO-V95-860-PC,,,2017-06-13 13:31,2017-06-13 17:31,1911,scheduled
11,3,600,CO-V95-860-PC,,,2017-06-13 17:31,2017-06-13 17:50,1961,scheduled
11,3,5500,CO-V95-860-PC,,,2017-06-13 17:50,2017-06-13 20:38,1965,scheduled
11,3,7100,CO-V95-865-PC,,,2017-06-15 20:09,2017-06-16 00:00,1839,scheduled
11,3,3800,CO-V95-865-PC,,,2017-06-16 00:00,2017-06-16 02:01,1884,scheduled
11,3,7600,CO-V95-865-PC,,,2017-06-16 02:01,2017-06-16 06:01,1909,scheduled
11,3,6500,CO-V95-865-PC,,,2017-06-16 06:01,2017-06-16 09:20,1958,scheduled
11,3,7200,CO-V95-867-PC,,,2017-06-17 11:00,2017-06-17 15:00,1806,scheduled
11,3,7400,CO-V95-867-PC,,,2017-06-17 15:00,2017-06-17 19:00,1853,scheduled
11,3,7600,CO-V95-867-PC,,,2017-06-17 19:00,2017-06-17 23:00,1901,scheduled
11,3,1800,CO-V95-867-PC,,,2017-06-17 23:00,2017-06-17 23:54,1950,scheduled
11,3,200,CO-V95-867-PC,,,2017-06-17 23:54,2017-06-18 00:00,1961,scheduled
11,3,1200,CO-V95-867-PC,,,2017-06-18 00:00,2017-06-18 00:36,1963,scheduled
11,3,4600,CO-V95-867-PC,,,2017-06-18 00:36,2017-06-18 02:57,1970,scheduled
11,3,1000,CO-V95-870-PC,,,2017-06-19 02:06,2017-06-19 02:40,1839,scheduled
11,3,6100,CO-V95-870-PC,,,2017-06-19 02:40,2017-06-19 05:58,1845,scheduled
11,3,3100,CO-V95-870-PC,,,2017-06-19 05:58,2017-06-19 07:37,1885,scheduled
11,3,7600,CO-V95-870-PC,,,2017-06-19 07:37,2017-06-19 11:37,1905,scheduled
11,3,5200,CO-V95-870-PC,,,2017-06-19 11:37,2017-06-19 14:17,1954,scheduled
11,3,1900,CO-V95-870-PC,,,2017-06-19 14:17,2017-06-19 15:15,1987,scheduled
11,3,7200,CO-V95-875-PC,,,2017-06-22 18:28,2017-06-22 22:28,1806,scheduled
11,3,2800,CO-V95-875-PC,,,2017-06-22 22:28,2017-06-23 00:00,1853,scheduled
11,3,4800,CO-V95-875-PC,,,2017-06-23 00:00,2017-06-23 02:33,1871,scheduled
11,3,7600,CO-V95-875-PC,,,2017-06-23 02:33,2017-06-23 06:33,1902,scheduled
11,3,3400,CO-V95-875-PC,,,2017-06-23 06:33,2017-06-23 08:17,1951,scheduled
11,3,4200,CO-V95-875-PC,,,2017-06-23 08:17,2017-06-23 10:24,1973,scheduled
11,3,600,CO-V95-877-PC,,,2017-06-24 12:02,2017-06-24 12:22,1839,scheduled
11,3,7400,CO-V95-877-PC,,,2017-06-24 12:22,2017-06-24 16:22,1843,scheduled
11,3,7600,CO-V95-877-PC,,,2017-06-24 16:22,2017-06-24 20:22,1890,scheduled
11,3,600,CO-V95-877-PC,,,2017-06-24 20:22,2017-06-24 20:41,1939,scheduled
11,3,2800,CO-V95-877-PC,,,2017-06-24 20:41,2017-06-24 22:08,1943,scheduled
11,3,900,CO-V95-877-PC,,,2017-06-24 22:08,2017-06-24 22:36,1961,scheduled
11,3,2700,CO-V95-877-PC,,,2017-06-24 22:36,2017-06-25 00:00,1967,scheduled
11,3,2300,CO-V95-877-PC,,,2017-06-25 00:00,2017-06-25 01:11,1985,scheduled
11,3,800,CO-V95-880-PC,,,2017-06-26 00:20,2017-06-26 00:47,1806,scheduled
11,3,7200,CO-V95-880-PC,,,2017-06-26 00:47,2017-06-26 04:47,1812,scheduled
11,3,1800,CO-V95-880-PC,,,2017-06-26 04:47,2017-06-26 05:45,1858,scheduled
11,3,7500,CO-V95-880-PC,,,2017-06-26 05:45,2017-06-26 09:45,1870,scheduled
11,3,7700,CO-V95-880-PC,,,2017-06-26 09:45,2017-06-26 13:45,1918,scheduled
11,3,5000,CO-V95-880-PC,,,2017-06-26 13:45,2017-06-26 16:17,1968,scheduled
11,3,900,CO-V95-885-PC,,,2017-06-29 04:16,2017-06-29 04:44,1839,scheduled
11,3,7400,CO-V95-885-PC,,,2017-06-29 04:44,2017-06-29 08:44,1844,scheduled
11,3,7600,CO-V95-885-PC,,,2017-06-29 08:44,2017-06-29 12:44,1892,scheduled
11,3,600,CO-V95-885-PC,,,2017-06-29 12:44,2017-06-29 13:03,1941,scheduled
11,3,1900,CO-V95-885-PC,,,2017-06-29 13:03,2017-06-29 14:01,1945,scheduled
11,3,6700,CO-V95-885-PC,,,2017-06-29 14:01,2017-06-29 17:26,1957,scheduled
11,3,7200,CO-V95-887-PC,,,2017-07-01 07:35,2017-07-01 11:35,1806,scheduled
11,3,7400,CO-V95-887-PC,,,2017-07-01 11:35,2017-07-01 15:35,1853,scheduled
11,3,7600,CO-V95-887-PC,,,2017-07-01 15:35,2017-07-01 19:35,1901,scheduled
11,3,1800,CO-V95-887-PC,,,2017-07-01 19:35,2017-07-01 20:29,1950,scheduled
9,3,12000,CO-V95-453-PC,,,2017-06-06 22:48,2017-06-08 14:48,300,scheduled
9,3,1900,CO-V95-458-PC,,,2017-06-12 08:01,2017-06-12 13:11,360,scheduled
9,3,0,CO-V95-458-PC,,,2017-06-12 13:11,2017-06-12 13:14,340,scheduled
9,3,0,CO-V95-458-PC,,,2017-06-12 13:14,2017-06-12 13:18,360,scheduled
9,3,8100,CO-V95-458-PC,,,2017-06-12 13:18,2017-06-13 13:07,340,scheduled
9,3,10000,CO-V95-463-PC,,,2017-06-17 03:46,2017-06-18 15:04,283,scheduled
9,3,10000,CO-V95-468-PC,,,2017-06-21 13:39,2017-06-23 00:57,283,scheduled
9,3,10000,CO-V95-473-PC,,,2017-06-26 09:32,2017-06-27 20:50,283,scheduled
9,3,10000,CO-V95-478-PC,,,2017-06-30 19:25,2017-07-02 06:42,283,scheduled
10,3,8200,CO-V95-420-PC,,,2017-06-05 00:00,2017-06-05 05:28,1500,scheduled
10,3,5000,CO-V95-420-PC,,,2017-06-05 05:28,2017-06-05 13:28,625,scheduled
10,3,1000,CO-V95-420-PC,,,2017-06-05 13:28,2017-06-05 14:08,1500,scheduled
10,3,1000,CO-V95-420-PC,,,2017-06-06 22:08,2017-06-06 22:48,1500,scheduled
10,3,23000,CO-V95-420-PC,,,2017-06-06 22:48,2017-06-07 17:58,1200,scheduled
10,3,14000,CO-V95-453-PC,,,2017-06-09 22:08,2017-06-10 07:28,1500,scheduled
10,3,16000,CO-V95-453-PC,,,2017-06-11 12:44,2017-06-11 22:09,1700,scheduled
10,3,4700,CO-V95-453-PC,,,2017-06-11 22:09,2017-06-12 06:30,567,scheduled
10,3,300,CO-V95-453-PC,,,2017-06-12 07:34,2017-06-12 08:01,600,scheduled
10,3,7400,CO-V95-453-PC,,,2017-06-12 08:01,2017-06-12 13:11,1440,scheduled
10,3,100,CO-V95-453-PC,,,2017-06-12 13:11,2017-06-12 13:14,1360,scheduled
10,3,100,CO-V95-453-PC,,,2017-06-12 13:14,2017-06-12 13:18,1440,scheduled
10,3,5400,CO-V95-453-PC,,,2017-06-12 13:18,2017-06-12 17:16,1360,scheduled
10,3,31300,CO-V95-458-PC,,,2017-06-14 21:28,2017-06-15 15:53,1700,scheduled
10,3,1000,CO-V95-458-PC,,,2017-06-16 20:07,2017-06-16 20:42,1700,scheduled
10,3,6000,CO-V95-458-PC,,,2017-06-16 20:43,2017-06-17 03:46,850,scheduled
10,3,1700,CO-V95-458-PC,,,2017-06-17 03:46,2017-06-17 04:58,1417,scheduled
10,3,16000,CO-V95-463-PC,,,2017-06-19 17:32,2017-06-20 02:57,1700,scheduled
10,3,1000,CO-V95-463-PC,,,2017-06-21 07:11,2017-06-21 07:46,1700,scheduled
10,3,5000,CO-V95-463-PC,,,2017-06-21 07:46,2017-06-21 13:39,850,scheduled
10,3,28000,CO-V95-463-PC,,,2017-06-21 13:39,2017-06-22 09:25,1417,scheduled
10,3,31000,CO-V95-468-PC,,,2017-06-24 03:25,2017-06-24 21:39,1700,scheduled
10,3,1000,CO-V95-468-PC,,,2017-06-26 01:53,2017-06-26 02:28,1700,scheduled
10,3,5000,CO-V95-468-PC,,,2017-06-26 02:28,2017-06-26 09:32,708,scheduled
10,3,13000,CO-V95-468-PC,,,2017-06-26 09:32,2017-06-26 18:42,1417,scheduled
10,3,16000,CO-V95-473-PC,,,2017-06-28 23:18,2017-06-29 08:42,1700,scheduled
10,3,1000,CO-V95-473-PC,,,2017-06-30 12:57,2017-06-30 13:32,1700,scheduled
10,3,5000,CO-V95-473-PC,,,2017-06-30 13:32,2017-06-30 19:25,850,scheduled
10,3,28000,CO-V95-473-PC,,,2017-06-30 19:25,2017-07-01 15:11,1417,scheduled
10,3,50000,CO-V95-478-PC,,,2017-07-03 09:11,2017-07-04 14:35,1700,scheduled
12,3,25000,CO-V95-501-PC,,,2017-07-13 20:24,2017-07-14 14:49,1451,scheduled
12,3,10200,CO-V95-501-PC,,,2017-07-13 20:24,2017-07-14 03:26,1451,scheduled
12,3,14800,CO-V95-501-PC,,,2017-07-14 03:26,2017-07-14 14:49,1300,scheduled
12,3,25000,CO-V95-503-PC,,,2017-07-15 10:03,2017-07-16 05:17,1300,scheduled
12,3,25000,CO-V95-506-PC,,,2017-07-17 13:35,2017-07-18 08:49,1300,scheduled
12,3,25000,CO-V95-508-PC,,,2017-07-19 04:03,2017-07-19 23:17,1300,scheduled
12,3,50000,CO-V95-510-PC,,,2017-07-20 18:31,2017-07-22 08:58,1300,scheduled
12,3,25000,CO-V95-512-PC,,,2017-07-23 23:26,2017-07-24 18:40,1300,scheduled
12,3,50000,CO-V95-515-PC,,,2017-07-25 13:54,2017-07-27 04:21,1300,scheduled
12,3,60200,CO-V95-517-PC,,,2017-07-29 08:40,2017-07-31 06:58,1300,scheduled
6,3,4550,089KK-34-2600,,,2017-06-09 10:47,2017-06-09 17:03,725,scheduled
6,3,450,089KK-34-2700,,,2017-06-14 05:32,2017-06-14 06:09,725,scheduled
6,3,4207,089KK-34-2700,,,2017-06-15 18:01,2017-06-15 23:49,725,scheduled
6,3,343,089KK-34-2700,,,2017-06-16 13:37,2017-06-16 14:05,725,scheduled
6,3,450,089KK-34-2800,,,2017-06-21 03:14,2017-06-21 03:48,800,scheduled
6,3,4550,089KK-34-2800,,,2017-06-22 08:06,2017-06-22 14:23,725,scheduled
6,3,450,089KK-34-2900,,,2017-06-29 15:16,2017-06-29 15:53,725,scheduled
6,3,4550,089KK-34-2900,,,2017-07-01 01:43,2017-07-01 08:00,725,scheduled
7,3,14999,089KK-34-2700,,,2017-06-12 14:09,2017-06-13 10:50,725,scheduled
7,3,5001,089KK-34-2700,,,2017-06-14 06:26,2017-06-14 13:20,725,scheduled
7,3,9999,089KK-34-2800,,,2017-06-19 16:39,2017-06-20 06:26,725,scheduled
7,3,4956,089KK-34-2800,,,2017-06-21 04:04,2017-06-21 10:15,800,scheduled
7,3,45,089KK-34-2800,,,2017-06-21 10:15,2017-06-21 10:19,725,scheduled
7,3,14999,089KK-34-2900,,,2017-06-26 19:09,2017-06-27 15:50,725,scheduled
7,3,757,089KK-34-2900,,,2017-06-28 16:49,2017-06-28 17:46,800,scheduled
7,3,4244,089KK-34-2900,,,2017-06-28 17:46,2017-06-28 23:37,725,scheduled
8,3,1515,089KK-34-2600,,,2017-06-13 20:12,2017-06-13 22:06,800,scheduled
8,3,837,089KK-34-2600,,,2017-06-13 22:06,2017-06-13 23:15,725,scheduled
8,3,207,089KK-34-2600,,,2017-06-14 06:09,2017-06-14 06:26,725,scheduled
8,3,7000,089KK-34-2600,,,2017-06-14 21:37,2017-06-15 07:16,725,scheduled
8,3,208,089KK-34-2600,,,2017-06-15 14:10,2017-06-15 14:27,725,scheduled
8,3,2550,089KK-34-2700,,,2017-06-20 17:48,2017-06-20 21:20,725,scheduled
8,3,206,089KK-34-2700,,,2017-06-21 03:48,2017-06-21 04:04,800,scheduled
8,3,7244,089KK-34-2700,,,2017-06-21 18:36,2017-06-22 04:35,725,scheduled
8,3,4754,089KK-34-2800,,,2017-06-28 10:52,2017-06-28 16:49,800,scheduled
8,3,796,089KK-34-2800,,,2017-06-29 07:53,2017-06-29 08:59,725,scheduled
8,3,4204,089KK-34-2800,,,2017-06-29 15:53,2017-06-29 21:41,725,scheduled
8,3,246,089KK-34-2800,,,2017-06-30 05:58,2017-06-30 06:18,725,scheduled
8,3,2350,089KK-34-2900,,,2017-07-05 02:04,2017-07-05 05:18,725,scheduled
8,3,7650,089KK-34-2900,,,2017-07-06 02:00,2017-07-06 12:33,725,scheduled
14,3,3,PH-V95-309-PC,,,2017-10-06 01:56,2017-10-06 02:51,2800,scheduled
14,3,50,PH-V95-309-PC,,,2017-10-06 02:51,2017-10-06 19:31,3000,scheduled
14,3,47,PH-V95-309-PC,,,2017-10-06 19:31,2017-11-06 12:27,2800,scheduled
14,3,3,PH-V95-311-PC,,,2017-11-06 12:27,2017-11-06 13:23,2800,scheduled
14,3,47,PH-V95-311-PC,,,2017-12-06 15:00,2017-12-06 21:48,3000,scheduled
14,3,3,PH-V95-313-PC,,,2017-06-18 01:48,2017-06-18 06:48,3000,scheduled
14,3,40,PH-V95-313-PC,,,2017-06-18 02:40,2017-06-18 16:57,2800,scheduled
14,3,7,PH-V95-313-PC,,,2017-06-18 16:57,2017-06-18 19:25,3000,scheduled
14,3,33,PH-V95-317-PC,,,2017-06-27 06:05,2017-06-27 16:57,3000,scheduled
3,5,13000,PH-K81-993-PA,,,2017-06-13 06:56,2017-06-13 11:56,2600,scheduled
3,5,30000,PH-K81-993-PA,,,2017-06-13 11:56,2017-06-13 21:55,3000,scheduled
3,5,44000,PH-K81-910-PA,,,2017-06-17 14:20,2017-06-18 05:00,3000,scheduled
2,5,43000,PH-K81-859-PA,,,2017-06-25 23:55,2017-06-27 13:18,1150,scheduled
13,5,21600,PH-K81-127-05,,,2017-06-07 15:04,2017-06-07 22:17,3000,scheduled
13,5,22000,PH-K81-132-05,,,2017-06-11 14:09,2017-06-11 21:29,3000,scheduled
13,5,22000,PH-K81-166-05,,,2017-06-15 06:49,2017-06-15 14:09,3000,scheduled
13,5,22000,PH-K81-176-05,,,2017-06-18 23:29,2017-06-19 06:49,3000,scheduled
13,5,22000,PH-K81-184-05,,,2017-06-22 16:09,2017-06-22 23:28,3000,scheduled
13,5,22000,PH-K81-191-05,,,2017-06-26 08:49,2017-06-26 16:08,3000,scheduled
13,5,22000,PH-K81-198-05,,,2017-06-30 01:29,2017-06-30 08:48,3000,scheduled
13,5,22000,PH-K81-223-05,,,2017-07-03 18:09,2017-07-04 01:28,3000,scheduled
5,5,22000,PH-K81-663-21,,,2017-06-05 03:26,2017-06-05 11:35,2700,scheduled
5,5,21600,PH-K81-577-21,,,2017-06-09 15:29,2017-06-09 20:54,4000,scheduled
5,5,2400,PH-K81-604-21,,,2017-06-13 19:10,2017-06-13 19:58,3000,scheduled
5,5,19600,PH-K81-604-21,,,2017-06-13 19:59,2017-06-14 01:34,3500,scheduled
5,5,2100,PH-K81-635-21,,,2017-06-17 11:56,2017-06-17 12:38,3000,scheduled
5,5,19900,PH-K81-635-21,,,2017-06-17 12:38,2017-06-17 18:19,3500,scheduled
5,5,22000,PH-K81-644-21,,,2017-06-21 07:00,2017-06-21 13:17,3500,scheduled
5,5,22000,PH-K81-659-21,,,2017-06-24 21:31,2017-06-25 03:48,3500,scheduled
5,5,3000,PH-K81-678-21,,,2017-06-28 13:40,2017-06-28 14:39,3000,scheduled
5,5,19000,PH-K81-678-21,,,2017-06-28 14:39,2017-06-28 20:05,3500,scheduled
5,5,22000,PH-K81-682-21,,,2017-07-02 13:24,2017-07-02 20:44,3000,scheduled
11,5,18200,CO-K81-852-PC,,,2017-06-08 00:54,2017-06-08 18:06,1060,scheduled
11,5,4800,CO-K81-852-PC,,,2017-06-08 18:06,2017-06-08 22:06,1189,scheduled
11,5,2000,CO-K81-852-PC,,,2017-06-08 22:06,2017-06-08 23:37,1333,scheduled
11,5,500,CO-K81-853-PC,,,2017-06-08 23:37,2017-06-09 00:00,1394,scheduled
11,5,5600,CO-K81-853-PC,,,2017-06-09 00:00,2017-06-09 04:00,1410,scheduled
11,5,2800,CO-K81-853-PC,,,2017-06-09 04:00,2017-06-09 05:47,1581,scheduled
11,5,2400,CO-K81-853-PC,,,2017-06-09 05:47,2017-06-09 07:12,1666,scheduled
11,5,6900,CO-K81-853-PC,,,2017-06-09 07:12,2017-06-09 11:12,1723,scheduled
11,5,1700,CO-K81-853-PC,,,2017-06-09 11:12,2017-06-09 12:07,1888,scheduled
11,5,4000,CO-K81-863-PC,,,2017-06-15 00:36,2017-06-15 03:11,1545,scheduled
11,5,200,CO-K81-863-PC,,,2017-06-15 03:11,2017-06-15 03:18,1666,scheduled
11,5,600,CO-K81-863-PC,,,2017-06-15 03:18,2017-06-15 03:39,1671,scheduled
11,5,6700,CO-K81-863-PC,,,2017-06-15 03:39,2017-06-15 07:39,1685,scheduled
11,5,3500,CO-K81-863-PC,,,2017-06-15 07:39,2017-06-15 09:32,1846,scheduled
11,5,3500,CO-K81-872-PC,,,2017-06-20 20:40,2017-06-21 00:00,1060,scheduled
11,5,8500,CO-K81-872-PC,,,2017-06-21 00:00,2017-06-21 08:00,1060,scheduled
11,5,2000,CO-K81-872-PC,,,2017-06-21 08:00,2017-06-21 09:53,1060,scheduled
11,5,4200,CO-K81-872-PC,,,2017-06-21 09:53,2017-06-21 13:53,1060,scheduled
11,5,300,CO-K81-872-PC,,,2017-06-21 13:53,2017-06-21 14:09,1189,scheduled
11,5,4800,CO-K81-872-PC,,,2017-06-21 14:09,2017-06-21 18:09,1198,scheduled
11,5,1700,CO-K81-872-PC,,,2017-06-21 18:09,2017-06-21 19:23,1343,scheduled
11,5,4300,CO-K81-873-PC,,,2017-06-21 19:23,2017-06-21 22:28,1394,scheduled
11,5,2300,CO-K81-873-PC,,,2017-06-21 22:28,2017-06-22 00:00,1524,scheduled
11,5,2400,CO-K81-873-PC,,,2017-06-22 00:00,2017-06-22 01:29,1595,scheduled
11,5,6700,CO-K81-873-PC,,,2017-06-22 01:29,2017-06-22 05:29,1666,scheduled
11,5,4300,CO-K81-873-PC,,,2017-06-22 05:29,2017-06-22 07:51,1826,scheduled
11,5,400,CO-K81-883-PC,,,2017-06-28 08:42,2017-06-28 08:57,1545,scheduled
11,5,3600,CO-K81-883-PC,,,2017-06-28 08:57,2017-06-28 11:16,1557,scheduled
11,5,6700,CO-K81-883-PC,,,2017-06-28 11:16,2017-06-28 15:16,1666,scheduled
11,5,4300,CO-K81-883-PC,,,2017-06-28 15:16,2017-06-28 17:38,1826,scheduled
10,5,15000,CO-K81-460-PC,,,2017-06-14 09:43,2017-06-14 18:32,1700,scheduled
14,5,30,PH-K81-321-PC,,,2017-06-06 12:53,2017-06-06 23:36,2800,scheduled
1,8,6000,PH-P1U-710-PA,,,2017-06-07 22:06,2017-06-08 03:34,1100,scheduled
1,8,7000,PH-P1U-729-PA,,,2017-06-23 13:12,2017-06-23 19:34,1100,scheduled
13,8,15000,PH-P1U-206-05,,,2017-06-13 14:59,2017-06-13 19:59,3000,scheduled
13,8,17000,PH-P1U-214-05,,,2017-06-17 06:59,2017-06-17 12:38,3000,scheduled
13,8,12000,PH-P1U-195-05,,,2017-06-28 10:39,2017-06-28 14:38,3000,scheduled
13,8,17000,PH-P1U-220-05,,,2017-07-02 01:39,2017-07-02 07:18,3000,scheduled
5,8,6000,PH-P1U-631-21,,,2017-06-07 19:03,2017-06-07 21:03,3000,scheduled
5,8,15000,PH-P1U-670-21,,,2017-06-15 20:07,2017-06-16 00:24,3500,scheduled
5,8,17000,PH-P1U-638-21,,,2017-06-19 12:12,2017-06-19 17:52,3000,scheduled
5,8,12000,PH-P1U-654-21,,,2017-06-30 16:46,2017-06-30 20:46,3000,scheduled
11,8,7300,CO-P1U-849-PC,,,2017-06-05 19:29,2017-06-05 23:29,1833,scheduled
11,8,900,CO-P1U-849-PC,,,2017-06-05 23:29,2017-06-06 00:00,1788,scheduled
11,8,5700,CO-P1U-849-PC,,,2017-06-06 00:00,2017-06-06 03:13,1782,scheduled
11,8,6000,CO-P1U-849-PC,,,2017-06-06 03:13,2017-06-06 06:29,1839,scheduled
11,8,6500,CO-P1U-854-PC,,,2017-06-09 12:07,2017-06-09 15:31,1929,scheduled
11,8,7500,CO-P1U-854-PC,,,2017-06-09 15:31,2017-06-09 19:31,1887,scheduled
11,8,4900,CO-P1U-854-PC,,,2017-06-09 19:31,2017-06-09 22:11,1838,scheduled
11,8,1000,CO-P1U-854-PC,,,2017-06-09 22:11,2017-06-09 22:44,1806,scheduled
11,8,7700,CO-P1U-859-PC,,,2017-06-12 18:04,2017-06-12 22:04,1929,scheduled
11,8,3600,CO-P1U-859-PC,,,2017-06-12 22:04,2017-06-13 00:00,1879,scheduled
11,8,7400,CO-P1U-859-PC,,,2017-06-13 00:00,2017-06-13 04:00,1856,scheduled
11,8,200,CO-P1U-859-PC,,,2017-06-13 04:00,2017-06-13 04:07,1808,scheduled
11,8,1000,CO-P1U-859-PC,,,2017-06-13 04:07,2017-06-13 04:40,1806,scheduled
11,8,4700,CO-P1U-864-PC,,,2017-06-15 09:32,2017-06-15 11:58,1929,scheduled
11,8,7600,CO-P1U-864-PC,,,2017-06-15 11:58,2017-06-15 15:58,1899,scheduled
11,8,1700,CO-P1U-864-PC,,,2017-06-15 15:58,2017-06-15 16:53,1850,scheduled
11,8,1500,CO-P1U-864-PC,,,2017-06-15 16:53,2017-06-15 17:42,1839,scheduled
11,8,4500,CO-P1U-864-PC,,,2017-06-15 17:42,2017-06-15 20:09,1839,scheduled
11,8,800,CO-P1U-869-PC,,,2017-06-18 15:29,2017-06-18 15:55,1929,scheduled
11,8,7700,CO-P1U-869-PC,,,2017-06-18 15:55,2017-06-18 19:55,1924,scheduled
11,8,5500,CO-P1U-869-PC,,,2017-06-18 19:55,2017-06-18 22:50,1874,scheduled
11,8,6000,CO-P1U-869-PC,,,2017-06-18 22:50,2017-06-19 02:06,1839,scheduled
11,8,7700,CO-P1U-874-PC,,,2017-06-22 07:51,2017-06-22 11:51,1929,scheduled
11,8,7500,CO-P1U-874-PC,,,2017-06-22 11:51,2017-06-22 15:51,1879,scheduled
11,8,3800,CO-P1U-874-PC,,,2017-06-22 15:51,2017-06-22 17:55,1831,scheduled
11,8,1000,CO-P1U-874-PC,,,2017-06-22 17:55,2017-06-22 18:28,1806,scheduled
11,8,5300,CO-P1U-879-PC,,,2017-06-25 13:43,2017-06-25 16:28,1929,scheduled
11,8,7600,CO-P1U-879-PC,,,2017-06-25 16:28,2017-06-25 20:28,1895,scheduled
11,8,6100,CO-P1U-879-PC,,,2017-06-25 20:28,2017-06-25 23:47,1846,scheduled
11,8,400,CO-P1U-879-PC,,,2017-06-25 23:47,2017-06-26 00:00,1806,scheduled
11,8,600,CO-P1U-879-PC,,,2017-06-26 00:00,2017-06-26 00:20,1806,scheduled
11,8,7700,CO-P1U-884-PC,,,2017-06-28 17:38,2017-06-28 21:38,1929,scheduled
11,8,4400,CO-P1U-884-PC,,,2017-06-28 21:38,2017-06-29 00:00,1879,scheduled
11,8,1800,CO-P1U-884-PC,,,2017-06-29 00:00,2017-06-29 01:00,1851,scheduled
11,8,3100,CO-P1U-884-PC,,,2017-06-29 01:00,2017-06-29 02:40,1839,scheduled
11,8,2900,CO-P1U-884-PC,,,2017-06-29 02:40,2017-06-29 04:16,1839,scheduled
9,8,7000,CO-P1U-419-PC,,,2017-06-05 05:28,2017-06-05 13:28,875,scheduled
9,8,9500,CO-P1U-457-PC,,,2017-06-11 22:09,2017-06-12 06:30,1133,scheduled
9,8,500,CO-P1U-457-PC,,,2017-06-12 07:34,2017-06-12 08:01,1200,scheduled
9,8,6000,CO-P1U-462-PC,,,2017-06-16 20:43,2017-06-17 03:46,850,scheduled
9,8,5000,CO-P1U-467-PC,,,2017-06-21 07:46,2017-06-21 13:39,850,scheduled
9,8,7000,CO-P1U-472-PC,,,2017-06-26 02:28,2017-06-26 09:32,992,scheduled
9,8,5000,CO-P1U-477-PC,,,2017-06-30 13:32,2017-06-30 19:25,850,scheduled
10,8,5000,CO-P1U-419-PC,,,2017-06-09 17:28,2017-06-09 20:48,1500,scheduled
10,8,5000,CO-P1U-457-PC,,,2017-06-14 18:32,2017-06-14 21:28,1700,scheduled
10,8,6000,CO-P1U-462-PC,,,2017-06-19 14:00,2017-06-19 17:32,1700,scheduled
10,8,5000,CO-P1U-467-PC,,,2017-06-24 00:28,2017-06-24 03:25,1700,scheduled
10,8,5000,CO-P1U-472-PC,,,2017-06-28 20:21,2017-06-28 23:18,1700,scheduled
10,8,5000,CO-P1U-477-PC,,,2017-07-03 06:14,2017-07-03 09:11,1700,scheduled
12,8,17000,CO-P1U-505-PC,,,2017-07-17 00:31,2017-07-17 13:35,1300,scheduled
12,8,18000,CO-P1U-514-PC,,,2017-07-28 18:49,2017-07-29 08:40,1300,scheduled
6,8,450,089KK-22-2800,,,2017-06-24 14:39,2017-06-24 15:16,725,scheduled
6,8,4550,089KK-22-2800,,,2017-06-27 18:18,2017-06-28 00:35,725,scheduled
7,8,5000,089KK-22-2700,,,2017-06-15 23:49,2017-06-16 06:43,725,scheduled
7,8,5000,089KK-22-2800,,,2017-06-23 23:00,2017-06-24 05:54,725,scheduled
7,8,999,089KK-22-2900,,,2017-06-30 04:35,2017-06-30 05:58,725,scheduled
7,8,5001,089KK-22-2900,,,2017-07-01 08:54,2017-07-01 15:48,725,scheduled
8,8,1957,089KK-22-2400,,,2017-06-11 15:24,2017-06-11 18:06,725,scheduled
8,8,1925,089KK-22-2600,,,2017-06-16 20:54,2017-06-16 23:34,725,scheduled
8,8,2000,089KK-22-2700,,,2017-06-24 17:16,2017-06-24 20:02,725,scheduled
8,8,2000,089KK-22-2800,,,2017-07-02 01:47,2017-07-02 04:33,725,scheduled
8,8,3000,089KK-22-2900,,,2017-07-07 00:58,2017-07-07 05:06,725,scheduled
14,8,6,PH-P1U-327-PC,,,2017-05-06 17:56,2017-05-06 19:56,3000,scheduled
11,9,14000,CO-D6S-848-PC,,,2017-06-05 05:24,2017-06-05 13:39,1700,scheduled
11,9,7600,CO-D6S-848-PC,,,2017-06-05 13:39,2017-06-05 17:39,1900,scheduled
11,9,3400,CO-D6S-848-PC,,,2017-06-05 17:39,2017-06-05 19:29,1853,scheduled
11,9,27000,CO-D6S-851-PC,,,2017-06-06 19:39,2017-06-07 09:09,2000,scheduled
11,9,7000,CO-D6S-851-PC,,,2017-06-07 09:09,2017-06-07 13:09,1757,scheduled
11,9,6200,CO-D6S-851-PC,,,2017-06-07 13:09,2017-06-07 17:09,1544,scheduled
11,9,3800,CO-D6S-851-PC,,,2017-06-07 17:09,2017-06-07 19:57,1357,scheduled
11,9,5000,CO-D6S-851-PC,,,2017-06-07 19:57,2017-06-07 23:57,1242,scheduled
11,9,100,CO-D6S-851-PC,,,2017-06-07 23:57,2017-06-08 00:00,1091,scheduled
11,9,1000,CO-D6S-851-PC,,,2017-06-08 00:00,2017-06-08 00:54,1090,scheduled
11,9,21300,CO-D6S-856-PC,,,2017-06-10 14:42,2017-06-11 01:20,2000,scheduled
11,9,7900,CO-D6S-856-PC,,,2017-06-11 01:20,2017-06-11 05:20,1985,scheduled
11,9,7700,CO-D6S-856-PC,,,2017-06-11 05:20,2017-06-11 09:20,1934,scheduled
11,9,600,CO-D6S-856-PC,,,2017-06-11 09:20,2017-06-11 09:39,1884,scheduled
11,9,6400,CO-D6S-856-PC,,,2017-06-11 09:39,2017-06-11 13:05,1880,scheduled
11,9,6000,CO-D6S-856-PC,,,2017-06-11 13:05,2017-06-11 16:21,1839,scheduled
11,9,16400,CO-D6S-858-PC,,,2017-06-12 05:31,2017-06-12 13:44,2000,scheduled
11,9,7900,CO-D6S-858-PC,,,2017-06-12 13:44,2017-06-12 17:44,1984,scheduled
11,9,600,CO-D6S-858-PC,,,2017-06-12 17:44,2017-06-12 18:04,1933,scheduled
11,9,22500,CO-D6S-861-PC,,,2017-06-13 20:38,2017-06-14 07:53,2000,scheduled
11,9,7600,CO-D6S-861-PC,,,2017-06-14 07:53,2017-06-14 11:53,1894,scheduled
11,9,3900,CO-D6S-861-PC,,,2017-06-14 11:53,2017-06-14 14:14,1664,scheduled
11,9,6200,CO-D6S-861-PC,,,2017-06-14 14:14,2017-06-14 18:14,1545,scheduled
11,9,6200,CO-D6S-861-PC,,,2017-06-14 18:14,2017-06-14 22:14,1545,scheduled
11,9,3600,CO-D6S-861-PC,,,2017-06-14 22:14,2017-06-15 00:36,1545,scheduled
11,9,24900,CO-D6S-866-PC,,,2017-06-16 09:20,2017-06-16 21:47,2000,scheduled
11,9,4300,CO-D6S-866-PC,,,2017-06-16 21:47,2017-06-17 00:00,1962,scheduled
11,9,7700,CO-D6S-866-PC,,,2017-06-17 00:00,2017-06-17 04:00,1934,scheduled
11,9,4000,CO-D6S-866-PC,,,2017-06-17 04:00,2017-06-17 06:06,1884,scheduled
11,9,7400,CO-D6S-866-PC,,,2017-06-17 06:06,2017-06-17 10:06,1858,scheduled
11,9,600,CO-D6S-866-PC,,,2017-06-17 10:06,2017-06-17 10:27,1810,scheduled
11,9,1000,CO-D6S-866-PC,,,2017-06-17 10:27,2017-06-17 11:00,1806,scheduled
11,9,22000,CO-D6S-868-PC,,,2017-06-18 02:57,2017-06-18 13:57,2000,scheduled
11,9,3000,CO-D6S-868-PC,,,2017-06-18 13:57,2017-06-18 15:29,1948,scheduled
11,9,22600,CO-D6S-871-PC,,,2017-06-19 15:15,2017-06-20 02:34,2000,scheduled
11,9,7600,CO-D6S-871-PC,,,2017-06-20 02:34,2017-06-20 06:34,1890,scheduled
11,9,5800,CO-D6S-871-PC,,,2017-06-20 06:34,2017-06-20 10:03,1661,scheduled
11,9,5900,CO-D6S-871-PC,,,2017-06-20 10:03,2017-06-20 14:03,1485,scheduled
11,9,2100,CO-D6S-871-PC,,,2017-06-20 14:03,2017-06-20 15:39,1305,scheduled
11,9,3400,CO-D6S-871-PC,,,2017-06-20 15:39,2017-06-20 18:22,1242,scheduled
11,9,2600,CO-D6S-871-PC,,,2017-06-20 18:22,2017-06-20 20:40,1140,scheduled
11,9,27000,CO-D6S-876-PC,,,2017-06-23 10:24,2017-06-23 23:54,2000,scheduled
11,9,200,CO-D6S-876-PC,,,2017-06-23 23:54,2017-06-24 00:00,1948,scheduled
11,9,7800,CO-D6S-876-PC,,,2017-06-24 00:00,2017-06-24 04:00,1947,scheduled
11,9,7600,CO-D6S-876-PC,,,2017-06-24 04:00,2017-06-24 08:00,1897,scheduled
11,9,1400,CO-D6S-876-PC,,,2017-06-24 08:00,2017-06-24 08:46,1848,scheduled
11,9,6000,CO-D6S-876-PC,,,2017-06-24 08:46,2017-06-24 12:02,1839,scheduled
11,9,22000,CO-D6S-878-PC,,,2017-06-25 01:11,2017-06-25 12:11,2000,scheduled
11,9,3000,CO-D6S-878-PC,,,2017-06-25 12:11,2017-06-25 13:43,1948,scheduled
11,9,52000,CO-D6S-881-PC,,,2017-06-26 16:17,2017-06-27 18:17,2000,scheduled
11,9,1100,CO-D6S-881-PC,,,2017-06-27 18:17,2017-06-27 18:55,1757,scheduled
11,9,5900,CO-D6S-881-PC,,,2017-06-27 18:55,2017-06-27 22:20,1724,scheduled
11,9,15900,CO-D6S-881-PC,,,2017-06-27 22:20,2017-06-28 08:38,1545,scheduled
11,9,100,CO-D6S-881-PC,,,2017-06-28 08:38,2017-06-28 08:42,1545,scheduled
11,9,50900,CO-D6S-886-PC,,,2017-06-29 17:26,2017-06-30 18:53,2000,scheduled
11,9,7800,CO-D6S-886-PC,,,2017-06-30 18:53,2017-06-30 22:52,1956,scheduled
11,9,2200,CO-D6S-886-PC,,,2017-06-30 22:52,2017-07-01 00:00,1905,scheduled
11,9,7600,CO-D6S-886-PC,,,2017-07-01 00:00,2017-07-01 04:00,1891,scheduled
11,9,5600,CO-D6S-886-PC,,,2017-07-01 04:00,2017-07-01 07:02,1843,scheduled
11,9,1000,CO-D6S-886-PC,,,2017-07-01 07:02,2017-07-01 07:35,1806,scheduled
9,9,48000,CO-D6S-452-PC,,,2017-06-05 14:08,2017-06-06 22:08,1500,scheduled
9,9,13200,CO-D6S-459-PC,,,2017-06-10 07:28,2017-06-10 16:16,1500,scheduled
9,9,34800,CO-D6S-459-PC,,,2017-06-10 16:16,2017-06-11 12:44,1700,scheduled
9,9,48000,CO-D6S-464-PC,,,2017-06-15 15:53,2017-06-16 20:07,1700,scheduled
9,9,48000,CO-D6S-469-PC,,,2017-06-20 02:57,2017-06-21 07:11,1700,scheduled
9,9,48000,CO-D6S-474-PC,,,2017-06-24 21:39,2017-06-26 01:53,1700,scheduled
9,9,48000,CO-D6S-479-PC,,,2017-06-29 08:43,2017-06-30 12:57,1700,scheduled
10,9,2000,CO-D6S-452-PC,,,2017-06-09 20:48,2017-06-09 22:08,1500,scheduled
10,9,2000,CO-D6S-459-PC,,,2017-06-14 08:32,2017-06-14 09:42,1700,scheduled
10,9,2000,CO-D6S-464-PC,,,2017-06-19 12:50,2017-06-19 14:00,1700,scheduled
10,9,2000,CO-D6S-469-PC,,,2017-06-23 23:18,2017-06-24 00:28,1700,scheduled
10,9,2000,CO-D6S-474-PC,,,2017-06-28 19:11,2017-06-28 20:21,1700,scheduled
10,9,2000,CO-D6S-479-PC,,,2017-07-03 05:04,2017-07-03 06:14,1700,scheduled
6,9,450,089KK-20-2600,,,2017-06-09 17:03,2017-06-09 17:40,725,scheduled
6,9,4550,089KK-20-2600,,,2017-06-12 00:04,2017-06-12 06:20,725,scheduled
6,9,450,089KK-20-2620,,,2017-06-12 06:20,2017-06-12 06:57,725,scheduled
6,9,4550,089KK-20-2620,,,2017-06-13 23:15,2017-06-14 05:32,725,scheduled
6,9,450,089KK-20-2700,,,2017-06-16 14:05,2017-06-16 14:42,725,scheduled
6,9,4550,089KK-20-2700,,,2017-06-17 05:53,2017-06-17 12:09,725,scheduled
6,9,450,089KK-20-2710,,,2017-06-17 12:09,2017-06-17 12:46,725,scheduled
6,9,4550,089KK-20-2710,,,2017-06-19 02:34,2017-06-19 08:51,725,scheduled
6,9,450,089KK-20-2720,,,2017-06-19 08:51,2017-06-19 09:28,725,scheduled
6,9,1762,089KK-20-2720,,,2017-06-20 21:20,2017-06-20 23:45,725,scheduled
6,9,2788,089KK-20-2720,,,2017-06-20 23:45,2017-06-21 03:14,800,scheduled
6,9,450,089KK-20-2800,,,2017-06-22 14:23,2017-06-22 15:00,725,scheduled
6,9,4550,089KK-20-2800,,,2017-06-23 03:25,2017-06-23 09:41,725,scheduled
6,9,450,089KK-20-2820,,,2017-06-28 00:35,2017-06-28 01:12,725,scheduled
6,9,4550,089KK-20-2820,,,2017-06-29 08:59,2017-06-29 15:16,725,scheduled
6,9,450,089KK-20-2900,,,2017-07-01 08:00,2017-07-01 08:37,725,scheduled
6,9,4550,089KK-20-2900,,,2017-07-02 12:12,2017-07-02 18:29,725,scheduled
6,9,450,089KK-20-2910,,,2017-07-02 18:29,2017-07-02 19:06,725,scheduled
6,9,4550,089KK-20-2910,,,2017-07-04 11:23,2017-07-04 17:39,725,scheduled
6,9,450,089KK-20-2920,,,2017-07-04 17:39,2017-07-04 18:16,725,scheduled
6,9,4550,089KK-20-2920,,,2017-07-05 05:18,2017-07-05 11:35,725,scheduled
7,9,1167,089KK-20-2610,,,2017-06-09 08:00,2017-06-09 09:36,725,scheduled
7,9,5000,089KK-20-2610,,,2017-06-10 18:00,2017-06-11 00:54,725,scheduled
7,9,4000,089KK-20-2620,,,2017-06-11 00:54,2017-06-11 06:25,725,scheduled
7,9,5000,089KK-20-2620,,,2017-06-12 07:15,2017-06-12 14:09,725,scheduled
7,9,5999,089KK-20-2700,,,2017-06-14 13:20,2017-06-14 21:37,725,scheduled
7,9,5001,089KK-20-2700,,,2017-06-15 07:16,2017-06-15 14:10,725,scheduled
7,9,4999,089KK-20-2710,,,2017-06-16 06:43,2017-06-16 13:37,725,scheduled
7,9,5001,089KK-20-2710,,,2017-06-17 20:30,2017-06-18 03:24,725,scheduled
7,9,3999,089KK-20-2720,,,2017-06-18 03:24,2017-06-18 08:55,725,scheduled
7,9,5001,089KK-20-2720,,,2017-06-19 09:45,2017-06-19 16:39,725,scheduled
7,9,5999,089KK-20-2800,,,2017-06-21 10:19,2017-06-21 18:36,725,scheduled
7,9,5001,089KK-20-2800,,,2017-06-22 15:17,2017-06-22 22:11,725,scheduled
7,9,4999,089KK-20-2810,,,2017-06-24 05:54,2017-06-24 12:48,725,scheduled
7,9,5001,089KK-20-2810,,,2017-06-25 09:21,2017-06-25 16:15,725,scheduled
7,9,3999,089KK-20-2820,,,2017-06-25 16:15,2017-06-25 21:46,725,scheduled
7,9,5001,089KK-20-2820,,,2017-06-26 12:15,2017-06-26 19:09,725,scheduled
7,9,5999,089KK-20-2900,,,2017-06-28 23:37,2017-06-29 07:53,725,scheduled
7,9,5001,089KK-20-2900,,,2017-06-29 21:41,2017-06-30 04:35,725,scheduled
7,9,4999,089KK-20-2910,,,2017-07-01 15:48,2017-07-01 22:42,725,scheduled
7,9,5001,089KK-20-2910,,,2017-07-03 05:19,2017-07-03 12:13,725,scheduled
7,9,3999,089KK-20-2920,,,2017-07-03 12:13,2017-07-03 17:44,725,scheduled
8,9,852,089KK-20-2400,,,2017-06-09 09:36,2017-06-09 10:47,725,scheduled
8,9,1614,089KK-20-2400,,,2017-06-09 17:40,2017-06-09 19:54,725,scheduled
8,9,9451,089KK-20-2420,,,2017-06-10 04:58,2017-06-10 18:00,725,scheduled
8,9,366,089KK-20-2420,,,2017-06-11 06:25,2017-06-11 06:55,725,scheduled
8,9,145,089KK-20-2420,,,2017-06-11 15:12,2017-06-11 15:24,725,scheduled
8,9,4325,089KK-20-2430,,,2017-06-11 18:06,2017-06-12 00:04,725,scheduled
8,9,210,089KK-20-2430,,,2017-06-12 06:57,2017-06-12 07:15,725,scheduled
8,9,557,089KK-20-2430,,,2017-06-13 10:50,2017-06-13 11:36,725,scheduled
8,9,6885,089KK-20-2430,,,2017-06-13 11:36,2017-06-13 20:12,800,scheduled
8,9,2585,089KK-20-2600,,,2017-06-15 14:27,2017-06-15 18:01,725,scheduled
8,9,4496,089KK-20-2600,,,2017-06-16 14:42,2017-06-16 20:54,725,scheduled
8,9,4580,089KK-20-2610,,,2017-06-16 23:34,2017-06-17 05:53,725,scheduled
8,9,5606,089KK-20-2610,,,2017-06-17 12:46,2017-06-17 20:30,725,scheduled
8,9,397,089KK-20-2610,,,2017-06-18 08:55,2017-06-18 09:28,725,scheduled
8,9,2417,089KK-20-2610,,,2017-06-18 17:45,2017-06-18 21:05,725,scheduled
8,9,1554,089KK-20-2620,,,2017-06-19 00:25,2017-06-19 02:34,725,scheduled
8,9,206,089KK-20-2620,,,2017-06-19 09:28,2017-06-19 09:45,725,scheduled
8,9,8244,089KK-20-2620,,,2017-06-20 06:26,2017-06-20 17:48,725,scheduled
8,9,2550,089KK-20-2700,,,2017-06-22 04:35,2017-06-22 08:06,725,scheduled
8,9,205,089KK-20-2700,,,2017-06-22 15:00,2017-06-22 15:17,725,scheduled
8,9,3795,089KK-20-2700,,,2017-06-22 22:11,2017-06-23 03:25,725,scheduled
8,9,1000,089KK-20-2700,,,2017-06-23 17:12,2017-06-23 18:35,725,scheduled
8,9,1450,089KK-20-2700,,,2017-06-24 15:16,2017-06-24 17:16,725,scheduled
8,9,9552,089KK-20-2710,,,2017-06-24 20:02,2017-06-25 09:12,725,scheduled
8,9,448,089KK-20-2710,,,2017-06-26 05:54,2017-06-26 06:31,725,scheduled
8,9,1754,089KK-20-2720,,,2017-06-26 09:50,2017-06-26 12:15,725,scheduled
8,9,1796,089KK-20-2720,,,2017-06-27 15:50,2017-06-27 18:18,725,scheduled
8,9,2761,089KK-20-2720,,,2017-06-28 01:12,2017-06-28 05:01,725,scheduled
8,9,4689,089KK-20-2720,,,2017-06-28 05:01,2017-06-28 10:52,800,scheduled
8,9,3659,089KK-20-2800,,,2017-06-30 06:18,2017-06-30 11:21,725,scheduled
8,9,892,089KK-20-2800,,,2017-07-01 00:30,2017-07-01 01:43,725,scheduled
8,9,204,089KK-20-2800,,,2017-07-01 08:37,2017-07-01 08:54,725,scheduled
8,9,2245,089KK-20-2800,,,2017-07-01 22:42,2017-07-02 01:47,725,scheduled
8,9,5550,089KK-20-2810,,,2017-07-02 04:33,2017-07-02 12:12,725,scheduled
8,9,6001,089KK-20-2810,,,2017-07-02 19:06,2017-07-03 03:23,725,scheduled
8,9,1449,089KK-20-2810,,,2017-07-04 00:04,2017-07-04 02:04,725,scheduled
8,9,4350,089KK-20-2820,,,2017-07-04 05:23,2017-07-04 11:23,725,scheduled
8,9,5650,089KK-20-2820,,,2017-07-04 18:16,2017-07-05 02:04,725,scheduled
8,9,9000,089KK-20-2900,,,2017-07-06 12:33,2017-07-07 00:58,725,scheduled
8,9,10000,089KK-20-2910,,,2017-07-07 05:06,2017-07-07 18:54,725,scheduled
8,9,11000,089KK-20-2920,,,2017-07-07 00:41,2017-07-08 15:52,725,scheduled
4,11,1100,PH-Y2 -702-PA,,,2017-06-05 07:10,2017-06-05 08:09,1100,scheduled
4,11,1000,PH-Y2 -702-PA,,,2017-06-07 21:12,2017-06-07 22:06,1100,scheduled
4,11,3000,PH-Y2 -702-PA,,,2017-06-08 15:23,2017-06-08 18:06,1100,scheduled
4,11,2000,PH-Y2 -702-PA,,,2017-06-09 05:56,2017-06-09 07:45,1100,scheduled
4,11,2000,PH-Y2 -702-PA,,,2017-06-11 03:04,2017-06-11 04:19,1600,scheduled
4,11,9000,PH-Y2 -702-PA,,,2017-06-11 11:49,2017-06-11 17:27,1600,scheduled
4,11,1700,PH-Y2 -702-PA,,,2017-06-12 04:42,2017-06-12 05:45,1600,scheduled
4,11,1300,PH-Y2 -702-PA,,,2017-06-16 10:00,2017-06-16 10:49,1600,scheduled
4,11,1000,PH-Y2 -702-PA,,,2017-06-16 19:34,2017-06-16 20:12,1600,scheduled
4,11,5900,PH-Y2 -702-PA,,,2017-06-17 13:42,2017-06-17 17:24,1600,scheduled
3,25,20000,PH-P8Y-957-PA,,,2017-06-07 14:22,2017-06-07 21:02,3000,scheduled
3,25,20000,PH-P8Y-995-PA,,,2017-06-11 06:36,2017-06-11 13:15,3000,scheduled
3,25,20000,PH-P8Y-999-PA,,,2017-06-22 17:38,2017-06-23 00:18,3000,scheduled
3,25,10000,PH-P8Y-908-PA,,,2017-06-26 11:28,2017-06-26 15:19,2600,scheduled
13,25,20000,PH-P8Y-133-05,,,2017-06-05 04:31,2017-06-05 11:55,2700,scheduled
13,25,20000,PH-P8Y-170-05,,,2017-06-08 21:59,2017-06-09 04:38,3000,scheduled
13,25,20000,PH-P8Y-216-05,,,2017-06-20 03:19,2017-06-20 09:58,3000,scheduled
13,25,20000,PH-P8Y-211-05,,,2017-06-23 19:59,2017-06-24 02:38,3000,scheduled
13,25,20000,PH-P8Y-226-05,,,2017-07-04 21:59,2017-07-05 04:38,3000,scheduled
5,25,20000,PH-P8Y-576-21,,,2017-06-07 04:22,2017-06-07 11:02,3000,scheduled
5,25,20000,PH-P8Y-610-21,,,2017-06-10 20:36,2017-06-11 03:16,3000,scheduled
5,25,20000,PH-P8Y-649-21,,,2017-06-22 07:38,2017-06-22 14:18,3000,scheduled
5,25,20000,PH-P8Y-676-21,,,2017-06-26 00:18,2017-06-26 06:58,3000,scheduled
3,42,10000,PH-D94-901-PA,,,2017-06-05 09:54,2017-06-05 13:14,3000,scheduled
3,42,30000,PH-D94-901-PA,,,2017-06-06 16:00,2017-06-07 02:00,3000,scheduled
3,42,37100,PH-D94-956-PA,,,2017-06-07 02:00,2017-06-07 14:22,3000,scheduled
3,42,35000,PH-D94-958-PA,,,2017-06-07 21:02,2017-06-08 08:42,3000,scheduled
3,42,20000,PH-D94-903-PA,,,2017-06-13 21:56,2017-06-14 04:36,3000,scheduled
3,42,30000,PH-D94-903-PA,,,2017-06-16 10:00,2017-06-16 20:00,3000,scheduled
3,42,55000,PH-D94-998-PA,,,2017-06-16 20:00,2017-06-17 14:20,3000,scheduled
3,42,20000,PH-D94-906-PA,,,2017-06-19 20:00,2017-06-20 02:40,3000,scheduled
3,42,30000,PH-D94-906-PA,,,2017-06-21 20:00,2017-06-22 06:00,3000,scheduled
3,42,34900,PH-D94-900-PA,,,2017-06-22 06:00,2017-06-22 17:38,3000,scheduled
3,42,5000,PH-D94-915-PA,,,2017-06-24 12:58,2017-06-24 14:53,2600,scheduled
3,42,12900,PH-D94-915-PA,,,2017-06-25 20:00,2017-06-26 00:58,2600,scheduled
3,42,17100,PH-D94-915-PA,,,2017-06-26 00:58,2017-06-26 06:40,3000,scheduled
13,42,12200,PH-D94-140-05,,,2017-06-05 00:00,2017-06-05 04:31,2700,scheduled
13,42,8400,PH-D94-156-05,,,2017-06-07 23:27,2017-06-08 05:26,1400,scheduled
13,42,49600,PH-D94-156-05,,,2017-06-08 05:27,2017-06-08 21:59,3000,scheduled
13,42,58000,PH-D94-162-05,,,2017-06-11 22:39,2017-06-12 17:59,3000,scheduled
13,42,58000,PH-D94-158-05,,,2017-06-15 15:19,2017-06-16 10:38,3000,scheduled
13,42,58000,PH-D94-178-05,,,2017-06-19 07:59,2017-06-20 03:19,3000,scheduled
13,42,58000,PH-D94-186-05,,,2017-06-23 00:39,2017-06-23 19:58,3000,scheduled
13,42,58000,PH-D94-193-05,,,2017-06-26 17:19,2017-06-27 12:39,3000,scheduled
13,42,58000,PH-D94-200-05,,,2017-06-30 09:59,2017-07-01 05:18,3000,scheduled
13,42,58000,PH-D94-225-05,,,2017-07-04 02:39,2017-07-04 21:59,3000,scheduled
5,42,58000,PH-D94-665-21,,,2017-06-06 13:52,2017-06-07 04:22,4000,scheduled
5,42,15500,PH-D94-578-21,,,2017-06-11 16:18,2017-06-11 21:29,3000,scheduled
5,42,34500,PH-D94-578-21,,,2017-06-11 21:29,2017-06-12 07:19,3500,scheduled
5,42,27400,PH-D94-633-21,,,2017-06-14 22:59,2017-06-15 06:49,3500,scheduled
5,42,22000,PH-D94-633-21,,,2017-06-15 06:49,2017-06-15 14:09,3000,scheduled
5,42,600,PH-D94-633-21,,,2017-06-15 14:09,2017-06-15 14:19,3500,scheduled
5,42,50000,PH-D94-637-21,,,2017-06-18 08:37,2017-06-18 22:54,3500,scheduled
5,42,23300,PH-D94-639-21,,,2017-06-20 02:12,2017-06-20 09:59,3000,scheduled
5,42,26700,PH-D94-639-21,,,2017-06-20 09:59,2017-06-20 17:36,3500,scheduled
5,42,39200,PH-D94-647-21,,,2017-06-21 20:26,2017-06-22 07:38,3500,scheduled
5,42,6400,PH-D94-650-21,,,2017-06-22 14:18,2017-06-22 16:09,3500,scheduled
5,42,18600,PH-D94-650-21,,,2017-06-22 16:09,2017-06-22 22:19,3000,scheduled
5,42,21800,PH-D94-675-21,,,2017-06-25 18:05,2017-06-26 00:18,3500,scheduled
5,42,6400,PH-D94-677-21,,,2017-06-26 06:58,2017-06-26 08:49,3500,scheduled
5,42,22000,PH-D94-677-21,,,2017-06-26 08:49,2017-06-26 16:09,3000,scheduled
5,42,21600,PH-D94-677-21,,,2017-06-26 16:09,2017-06-26 22:18,3500,scheduled
5,42,75000,PH-D94-656-21,,,2017-06-29 03:14,2017-06-30 00:39,3500,scheduled
5,42,50000,PH-D94-680-21,,,2017-07-01 05:06,2017-07-01 21:46,3000,scheduled
5,42,55000,PH-D94-684-21,,,2017-07-03 05:04,2017-07-03 23:24,3000,scheduled
14,42,3,PH-D94-312-PC,,,2017-06-13 06:48,2017-06-13 07:40,3000,scheduled
14,42,47,PH-D94-312-PC,,,2017-06-17 10:00,2017-06-18 01:48,3000,scheduled
14,42,43,PH-D94-314-PC,,,2017-06-18 19:25,2017-06-19 09:37,3000,scheduled
14,42,7,PH-D94-314-PC,,,2017-06-26 10:00,2017-06-26 12:39,2800,scheduled
14,42,33,PH-D94-316-PC,,,2017-06-26 12:39,2017-06-27 00:17,2800,scheduled
14,42,17,PH-D94-316-PC,,,2017-06-27 00:17,2017-06-27 06:05,3000,scheduled
3,43,120000,PH-D8O-902-PA,,,2017-06-08 08:42,2017-06-10 00:42,3000,scheduled
3,43,30000,PH-D8O-902-PA,,,2017-06-10 10:00,2017-06-10 20:00,3000,scheduled
3,43,31800,PH-D8O-994-PA,,,2017-06-10 20:00,2017-06-11 06:35,3000,scheduled
3,43,20000,PH-D8O-996-PA,,,2017-06-11 13:16,2017-06-11 19:55,3000,scheduled
3,43,30000,PH-D8O-996-PA,,,2017-06-11 19:56,2017-06-12 07:28,2600,scheduled
3,43,5000,PH-D8O-904-PA,,,2017-06-18 05:00,2017-06-18 06:40,3000,scheduled
3,43,30000,PH-D8O-904-PA,,,2017-06-19 10:00,2017-06-19 20:00,3000,scheduled
3,43,5000,PH-D8O-905-PA,,,2017-06-23 00:18,2017-06-23 01:58,3000,scheduled
3,43,30000,PH-D8O-905-PA,,,2017-06-23 01:58,2017-06-23 13:30,2600,scheduled
3,43,2900,PH-D8O-907-PA,,,2017-06-26 06:40,2017-06-26 07:38,3000,scheduled
3,43,10000,PH-D8O-907-PA,,,2017-06-26 07:38,2017-06-26 11:28,2600,scheduled
1,43,20000,PH-D8O-700-PA,,,2017-06-05 08:09,2017-06-07 21:12,1100,scheduled
1,43,7700,PH-D8O-700-PA,,,2017-06-05 08:09,2017-06-05 15:08,1100,scheduled
1,43,12300,PH-D8O-700-PA,,,2017-06-07 10:00,2017-06-07 21:12,1100,scheduled
1,43,20000,PH-D8O-706-PA,,,2017-06-09 07:45,2017-06-11 03:04,1100,scheduled
1,43,8700,PH-D8O-706-PA,,,2017-06-09 07:45,2017-06-09 15:38,1100,scheduled
1,43,11300,PH-D8O-706-PA,,,2017-06-10 20:00,2017-06-11 03:04,1600,scheduled
1,43,18000,PH-D8O-708-PA,,,2017-06-11 17:27,2017-06-12 04:42,1600,scheduled
1,43,20000,PH-D8O-712-PA,,,2017-06-16 20:12,2017-06-17 08:42,1600,scheduled
1,43,20000,PH-D8O-717-PA,,,2017-06-17 21:12,2017-06-18 09:42,1600,scheduled
1,43,23000,PH-D8O-714-PA,,,2017-06-18 19:42,2017-06-22 04:28,1600,scheduled
1,43,2700,PH-D8O-714-PA,,,2017-06-18 19:42,2017-06-18 21:22,1600,scheduled
1,43,20300,PH-D8O-714-PA,,,2017-06-21 10:00,2017-06-22 04:28,1100,scheduled
1,43,20000,PH-D8O-716-PA,,,2017-06-22 19:01,2017-06-23 13:12,1100,scheduled
1,43,10700,PH-D8O-730-PA,,,2017-06-23 19:34,2017-06-24 05:16,1100,scheduled
1,43,2300,PH-D8O-730-PA,,,2017-06-24 10:00,2017-06-24 12:06,1100,scheduled
1,43,20000,PH-D8O-721-PA,,,2017-06-25 02:39,2017-06-26 21:12,1100,scheduled
1,43,18700,PH-D8O-721-PA,,,2017-06-25 02:39,2017-06-25 19:38,1100,scheduled
1,43,1300,PH-D8O-721-PA,,,2017-06-26 20:00,2017-06-26 21:12,1100,scheduled
1,43,20000,PH-D8O-723-PA,,,2017-06-27 12:39,2017-06-30 21:12,1100,scheduled
1,43,18700,PH-D8O-723-PA,,,2017-06-27 12:39,2017-06-28 05:38,1100,scheduled
1,43,1300,PH-D8O-723-PA,,,2017-06-30 20:00,2017-06-30 21:12,1100,scheduled
1,43,18700,PH-D8O-725-PA,,,2017-07-01 12:39,2017-07-02 05:38,1100,scheduled
4,43,3200,PH-D8O-788-PA,,,2017-06-05 00:38,2017-06-05 03:35,1100,scheduled
4,43,800,PH-D8O-790-PA,,,2017-06-17 17:24,2017-06-17 17:54,1600,scheduled
4,43,1000,PH-D8O-799-PA,,,2017-06-17 17:54,2017-06-17 18:33,1600,scheduled
4,43,2500,PH-D8O-792-PA,,,2017-06-17 19:40,2017-06-17 21:12,1600,scheduled
4,43,0,PH-D8O-792-PA,,,2017-06-18 09:42,2017-06-18 09:44,1600,scheduled
4,43,1700,PH-D8O-794-PA,,,2017-06-24 12:32,2017-06-24 14:04,1100,scheduled
4,43,2300,PH-D8O-796-PA,,,2017-06-25 00:33,2017-06-25 02:39,1100,scheduled
4,43,2000,PH-D8O-796-PA,,,2017-06-26 21:12,2017-06-26 23:01,1100,scheduled
4,43,2000,PH-D8O-796-PA,,,2017-06-27 06:17,2017-06-27 08:08,1100,scheduled
13,43,8200,PH-D8O-141-05,,,2017-06-05 11:55,2017-06-05 14:57,2700,scheduled
13,43,84400,PH-D8O-141-05,,,2017-06-05 14:57,2017-06-06 19:04,3000,scheduled
13,43,3500,PH-D8O-136-05,,,2017-06-07 22:17,2017-06-07 23:27,3000,scheduled
13,43,92500,PH-D8O-171-05,,,2017-06-09 04:39,2017-06-10 11:29,3000,scheduled
13,43,3500,PH-D8O-161-05,,,2017-06-11 21:29,2017-06-11 22:39,3000,scheduled
13,43,58000,PH-D8O-205-05,,,2017-06-12 17:59,2017-06-13 13:19,3000,scheduled
13,43,34500,PH-D8O-207-05,,,2017-06-13 19:59,2017-06-14 07:29,3000,scheduled
13,43,3500,PH-D8O-157-05,,,2017-06-15 14:09,2017-06-15 15:18,3000,scheduled
13,43,58000,PH-D8O-213-05,,,2017-06-16 10:39,2017-06-17 05:59,3000,scheduled
13,43,34500,PH-D8O-215-05,,,2017-06-17 12:39,2017-06-18 00:09,3000,scheduled
13,43,3500,PH-D8O-177-05,,,2017-06-19 06:49,2017-06-19 07:59,3000,scheduled
13,43,92500,PH-D8O-217-05,,,2017-06-20 09:59,2017-06-21 16:49,3000,scheduled
13,43,3500,PH-D8O-185-05,,,2017-06-22 23:29,2017-06-23 00:39,3000,scheduled
13,43,92500,PH-D8O-212-05,,,2017-06-24 02:39,2017-06-25 09:29,3000,scheduled
13,43,3500,PH-D8O-192-05,,,2017-06-26 16:09,2017-06-26 17:18,3000,scheduled
13,43,58000,PH-D8O-194-05,,,2017-06-27 12:39,2017-06-28 07:58,3000,scheduled
13,43,34500,PH-D8O-196-05,,,2017-06-28 14:39,2017-06-29 02:09,3000,scheduled
13,43,3500,PH-D8O-199-05,,,2017-06-30 08:49,2017-06-30 09:59,3000,scheduled
13,43,58000,PH-D8O-218-05,,,2017-07-01 05:19,2017-07-02 00:38,3000,scheduled
13,43,34500,PH-D8O-221-05,,,2017-07-02 07:19,2017-07-02 18:48,3000,scheduled
13,43,3500,PH-D8O-224-05,,,2017-07-04 01:29,2017-07-04 02:38,3000,scheduled
13,43,92500,PH-D8O-227-05,,,2017-07-05 04:39,2017-07-06 11:29,3000,scheduled
5,43,7700,PH-D8O-662-21,,,2017-06-06 11:56,2017-06-06 13:52,4000,scheduled
5,43,24000,PH-D8O-628-21,,,2017-06-07 11:02,2017-06-07 19:03,3000,scheduled
5,43,3700,PH-D8O-501-21,,,2017-06-07 21:03,2017-06-07 22:17,3000,scheduled
5,43,94800,PH-D8O-501-21,,,2017-06-07 22:17,2017-06-08 21:59,4000,scheduled
5,43,20000,PH-D8O-501-21,,,2017-06-08 21:59,2017-06-09 04:39,3000,scheduled
5,43,43400,PH-D8O-501-21,,,2017-06-09 04:39,2017-06-09 15:29,4000,scheduled
5,43,25000,PH-D8O-581-21,,,2017-06-09 20:54,2017-06-10 03:08,4000,scheduled
5,43,24800,PH-D8O-669-21,,,2017-06-10 14:24,2017-06-10 20:36,4000,scheduled
5,43,43500,PH-D8O-607-21,,,2017-06-11 03:16,2017-06-11 14:08,4000,scheduled
5,43,6500,PH-D8O-607-21,,,2017-06-11 14:09,2017-06-11 16:18,3000,scheduled
5,43,25000,PH-D8O-605-21,,,2017-06-14 15:51,2017-06-14 22:59,3500,scheduled
5,43,20200,PH-D8O-634-21,,,2017-06-15 14:19,2017-06-15 20:06,3500,scheduled
5,43,75000,PH-D8O-671-21,,,2017-06-16 00:24,2017-06-16 21:49,3500,scheduled
5,43,2000,PH-D8O-672-21,,,2017-06-18 22:54,2017-06-18 23:29,3500,scheduled
5,43,22000,PH-D8O-672-21,,,2017-06-18 23:29,2017-06-19 06:48,3000,scheduled
5,43,18900,PH-D8O-672-21,,,2017-06-19 06:49,2017-06-19 12:12,3500,scheduled
5,43,25000,PH-D8O-673-21,,,2017-06-19 17:52,2017-06-20 02:12,3000,scheduled
5,43,3400,PH-D8O-652-21,,,2017-06-22 22:20,2017-06-22 23:29,3000,scheduled
5,43,71600,PH-D8O-652-21,,,2017-06-22 23:29,2017-06-23 19:55,3500,scheduled
5,43,75000,PH-D8O-655-21,,,2017-06-26 22:18,2017-06-27 19:44,3500,scheduled
5,43,2900,PH-D8O-640-21,,,2017-06-30 00:39,2017-06-30 01:28,3500,scheduled
5,43,45900,PH-D8O-640-21,,,2017-06-30 01:28,2017-06-30 16:46,3000,scheduled
5,43,25000,PH-D8O-679-21,,,2017-06-30 20:46,2017-07-01 05:06,3000,scheduled
5,43,7200,PH-D8O-685-21,,,2017-07-03 23:24,2017-07-04 01:48,3000,scheduled
10,43,25000,CO-D8O-451-PC,,,2017-06-07 17:58,2017-06-08 14:48,1200,scheduled
10,43,8300,CO-D8O-451-PC,,,2017-06-08 14:48,2017-06-08 20:21,1500,scheduled
10,43,16700,CO-D8O-451-PC,,,2017-06-08 20:21,2017-06-09 07:28,1500,scheduled
10,43,14900,CO-D8O-481-PC,,,2017-06-09 07:32,2017-06-09 17:28,1500,scheduled
10,43,27000,CO-D8O-456-PC,,,2017-06-12 17:16,2017-06-13 13:07,1360,scheduled
10,43,33000,CO-D8O-456-PC,,,2017-06-13 13:07,2017-06-14 08:32,1700,scheduled
10,43,14900,CO-D8O-490-PC,,,2017-06-17 05:02,2017-06-17 15:33,1417,scheduled
10,43,23000,CO-D8O-461-PC,,,2017-06-17 22:50,2017-06-18 15:04,1417,scheduled
10,43,37000,CO-D8O-461-PC,,,2017-06-18 15:04,2017-06-19 12:50,1700,scheduled
10,43,22000,CO-D8O-466-PC,,,2017-06-22 09:25,2017-06-23 00:57,1417,scheduled
10,43,38000,CO-D8O-466-PC,,,2017-06-23 00:57,2017-06-23 23:18,1700,scheduled
10,43,14900,CO-D8O-491-PC,,,2017-06-26 18:47,2017-06-27 05:18,1417,scheduled
10,43,22000,CO-D8O-471-PC,,,2017-06-27 05:18,2017-06-27 20:50,1417,scheduled
10,43,38000,CO-D8O-471-PC,,,2017-06-27 20:50,2017-06-28 19:11,1700,scheduled
10,43,22000,CO-D8O-476-PC,,,2017-07-01 15:11,2017-07-02 06:42,1417,scheduled
10,43,38000,CO-D8O-476-PC,,,2017-07-02 06:43,2017-07-03 05:04,1700,scheduled
12,43,27900,CO-D8O-500-PC,,,2017-07-13 00:00,2017-07-13 20:24,1284,scheduled
12,43,13100,CO-D8O-500-PC,,,2017-07-13 00:00,2017-07-13 10:12,1284,scheduled
12,43,14800,CO-D8O-500-PC,,,2017-07-13 10:12,2017-07-13 20:24,1451,scheduled
12,43,25000,CO-D8O-502-PC,,,2017-07-14 14:49,2017-07-15 10:03,1300,scheduled
12,43,25000,CO-D8O-504-PC,,,2017-07-16 05:17,2017-07-17 00:31,1300,scheduled
12,43,25000,CO-D8O-507-PC,,,2017-07-18 08:49,2017-07-19 04:03,1300,scheduled
12,43,25000,CO-D8O-509-PC,,,2017-07-19 23:17,2017-07-20 18:31,1300,scheduled
12,43,50000,CO-D8O-511-PC,,,2017-07-22 08:58,2017-07-23 23:26,1300,scheduled
12,43,25000,CO-D8O-513-PC,,,2017-07-24 18:40,2017-07-25 13:54,1300,scheduled
12,43,50000,CO-D8O-516-PC,,,2017-07-27 04:21,2017-07-28 18:49,1300,scheduled
14,43,3000,PH-D8O-326-PC,,,2017-05-06 14:00,2017-05-06 14:56,3000,scheduled
14,43,32000,PH-D8O-329-PC,,,2017-05-06 19:56,2017-06-06 06:40,3000,scheduled
14,43,17000,PH-D8O-329-PC,,,2017-06-06 06:40,2017-06-06 12:53,2800,scheduled
14,43,50000,PH-D8O-330-PC,,,2017-06-06 23:36,2017-07-06 17:27,2800,scheduled
14,43,3000,PH-D8O-308-PC,,,2017-07-06 17:27,2017-07-06 18:23,2800,scheduled
14,43,47000,PH-D8O-308-PC,,,2017-09-06 09:00,2017-10-06 01:56,2800,scheduled
11,9,40074,CO-D6S-827-PC,,,,2017-06-02 00:00,,actual
11,9,49964,CO-D6S-846-PC,,,,2017-06-04 00:00,,actual
11,9,25289,CO-D6S-848-PC,,,,2017-06-05 00:00,,actual
11,5,14901,CO-K81-829-PC,,,,2017-06-02 00:00,,actual
11,8,17973,CO-V95-887-PC,,,,2017-06-02 00:00,,actual
11,3,1800,CO-V95-831-PC,,,,2017-06-03 00:00,,actual
11,3,1800,CO-V95-887-PC,,,,2017-06-05 00:00,,actual