"id","coordinates"
1,"-86.34538754499994,39.75739957300004,-86.32403949199994,39.93145222600003,-86.16204502499994,40.036935647000064,-85.43615411199994,40.90134704600007"
2,"-84.10630050599997,40.712765647000026,-83.79268646199995,40.59885048800004,-83.09723518199996,39.96693648400003"
3,"-84.08481582999997,40.70821869500003,-83.69784788299995,41.113626715000066,-83.45151067199998,41.65195171700003,-83.57785368799995,41.81550631400006,-83.61549649599993,41.89812132700007,-83.41118036699999,42.26237329600008,-83.448668,42.474861625000074,-83.55769294099997,43.08551044600006,-83.67453911099994,43.09173551900005,-83.95016361199998,43.08777138200003,-84.19640879199994,42.99768678200007"
4,"-83.67453911099994,43.09173551900005,-83.86441195399999,43.623414714000035"
5,"-83.57785368799995,41.81550631400006,-83.12176283799994,42.275540540000065"
6,"-83.45151067199998,41.65195171700003,-82.79920605399997,41.25210881300006"
7,"-83.63569841999998,41.24318214300007,-82.79920605399997,41.25210881300006,-82.22342425899996,41.27552471200005,-81.22718019499996,41.28728126800007,-80.82466161199994,41.209224102000064,-80.58606576099999,40.71243199200006,-80.14957571499997,40.506736164000074"
8,"-82.22342425899996,41.27552471200005,-81.65441393199995,41.43381732000006"
9,"-83.41118036699999,42.26237329600008,-83.12176283799994,42.275540540000065"
10,"-81.68152130999994,41.48577431500007,-81.22718019499996,41.28728126800007"
11,"-87.48567634699998,41.608467579000035,-87.35491672699999,41.426191267000036,-85.44186205499994,40.886046950000036,-84.09543708599995,40.70325558800005"
12,"-75.43263023499998,40.63273555300003,-75.57353234399994,40.629786170000045,-75.54870788899996,40.81108982200004,-75.63319953899997,40.95396671900005,-75.74307075199994,41.335555946000056,-75.85285384599996,41.70488973300007,-75.99417192699997,42.10351489300007"
13,"-75.99735207199996,42.10392686300003,-76.51383697299997,42.96462331500004,-76.22923345899994,43.131281331000025,-75.24592240999993,43.129707747000054"
14,"-76.20931077099993,43.13385238200004,-76.14453755299996,43.24161460900007"
15,"-75.98998398899994,42.136385878000056,-76.08950383199993,42.097202639000045,-76.65316960199993,42.509233936000044,-76.85608690199996,42.922561795000036"
16,"-76.83875387999996,42.92917175800005,-77.70093342599995,42.96017482700006,-78.21594502299996,42.96691895200007,-78.83110894099997,42.86587728300003"
17,"-77.68896769099996,42.94333394300003,-77.65367966199994,43.13096419400006"
18,"-76.83875387999996,42.92917175800005,-76.46410515199995,43.09570365700006,-76.30365831699999,43.09647687000006,-76.22923345899994,43.131281331000025"
19,"-72.55313738799998,42.18209785200003,-72.50277800599997,42.18997606700003,-72.56098837699994,42.10705823200004,-72.52755324399999,42.077210937000075,-72.52345089099998,41.943707034000056,-72.58575835599999,41.856558233000044,-72.63620561099998,41.776366573000075,-72.64888647099997,41.718336814000054,-72.63291431499994,41.65457834700004,-72.64635842199993,41.572825787000056,-72.90829310599997,41.29944008800004"
20,"-72.59310563399998,41.85514127000005,-72.67727035999997,41.924917307000044"
21,"-94.44165864599995,39.12206941000005,-94.39734241099995,39.15673912400007,-94.40532148899996,39.20784235200006,-94.32032577399997,39.276561205000064,-94.23803412299998,39.38039741000006,-94.11107301399994,39.459274479000044,-94.00262604799997,39.55719718200004,-93.58260807499994,39.976894697000034,-92.90359701499995,40.60597217900005,-92.71253021299998,40.80865644700003,-92.49697322399999,41.004660648000026,-91.78586359199994,41.61068013200003,-91.59299209199997,41.83204339500003,-91.43528649599995,41.93330974600008,-90.99703263899994,42.33443815000004,-90.81561362799994,42.449210390000076,-90.78928726199996,42.48258852500004"
22,"-94.44142063899994,39.122188409000046,-94.43246522299995,39.200579307000055,-94.41113864199997,39.208073316000025,-94.45529852699997,39.27392016300007,-94.59152289999997,39.675615812000046,-94.79634422099997,40.04025915100004,-94.93688959399998,40.23149759100005,-95.10934470799998,40.45156693800004,-95.37619858199997,40.71287163400007,-95.53274490899997,40.90238562400003,-95.64972730699998,41.077921195000044,-95.74798173899995,41.18411050700007,-95.83174354199997,41.21150053100007"
23,"-95.10441162099994,40.44940984600004,-94.66817398799998,40.76637554100006,-94.37142425799999,41.018200171000046,-94.09827071899997,41.21997057100003,-93.80809744199996,41.49640382700005,-93.73210578299995,41.60827096700007"
24,"-91.35438872899994,40.606355079000025,-91.24888856699994,40.61545604200006,-90.61438428399998,40.86012359000006,-90.43055817599998,40.91809619000003,-89.42603981799994,40.937695261000044,-88.99424422099997,41.02031018200006,-88.82948803299996,41.07151406200006,-88.73762523999994,41.13985165200006,-87.77702475899997,41.45127685700004,-87.47156325499998,41.51178066800003"
25,"-90.37335074399994,38.754300974000046,-90.07998717699996,38.82822012300005,-89.74870282399996,39.20164006300007,-89.15006800499998,39.830006430000026,-88.78028195199994,40.202564610000024,-88.28792713399997,40.751920288000065,-87.89249689199994,41.20468625900003,-87.73964039999998,41.29740830700007,-87.51780245199996,41.46417332600004,-87.48378017499994,41.601364587000035"
26,"-90.18367801899996,38.58268844100007,-90.17338598799995,38.54352473100005,-90.01829241799999,38.56342220400006,-89.85348419199994,38.80391333100005,-89.69031654199995,39.07235581700007,-89.10287874499994,39.74105558700006,-88.41381988999996,40.56961926100007,-87.88593572599996,41.16194732400004,-87.71336950899996,41.28654844400006,-87.48992106099996,41.481564510000055,-87.47544565699997,41.63632061900006"
27,"-86.02195260699995,41.66899290400005,-86.01231292399996,41.62757785900004,-87.34493355899997,41.49955152900003,-87.458194,41.512182755000026,-87.47747426599994,41.613153615000044"
28,"-87.74254550799998,41.298905295000054,-87.78351600599996,41.45260679200004,-87.78592792999996,41.524810847000026,-87.81484665899995,41.55907930700005,-87.81725886499999,41.68877454900007,-87.84135790299996,41.69957027600003,-87.86063791299995,41.75532082500007,-87.93293211199995,41.74992729000007,-87.95944293599996,41.84513931500004,-87.96426771799997,42.029769360000046"
29,"-90.16667162299996,38.55910752200003,-90.05096424999994,38.840014788000076,-88.86743095599996,39.07490066300005,-87.44893756699997,39.54640697200006,-84.12253495099998,40.71011854100004"
30,"-80.15346487799997,40.51179909800004,-79.79762651299995,40.568396206000045,-79.53281526399996,40.379550995000045,-78.38254768399997,40.39846552900008,-77.38950729399994,40.209153909000065,-76.82678659199996,40.15858338500004,-76.05717093999993,40.28495318000006,-75.85027587599996,40.47406691200007,-75.46960213899996,40.52441126600007,-75.12203811599994,40.51812439400004,-74.79929967299995,40.47407733800003,-74.50966186299996,40.536995459000025,-74.31056200499995,40.55913629200006,-74.21146926799997,40.61812462800003,-74.12594296699996,40.604880216000026,-73.89708387699994,40.65898163300005,-73.82104973599996,40.66293961200006,-73.82165575399995,40.64888586100005,-73.77302839899994,40.625395282000056,-73.74588464699997,40.63500209100005"
31,"-76.61163048899994,40.19019910900005,-76.15648400899994,40.07632282900005,-75.61030484299994,40.03199254400005"
32,"-73.89727788299996,40.65967061900005,-73.90612314899994,40.68776007400004,-73.88898567299998,40.709133688000065,-73.94039716499998,40.735108095000044,-73.88898560299998,40.77279552300007"
33,"-75.56296696599998,40.63939820600007,-75.52380898799998,40.227149059000055,-75.55645634399997,40.062545012000044,-75.43899378699996,39.89253543600006,-75.19753555999995,39.857481258000064"
34,"-76.05893402299995,40.28690019000004,-75.75875202899994,40.13242131700008,-75.46509732699997,39.87751349400003,-75.23669098399995,39.85748116100007"
35,"-117.36805341499996,47.73290195900006,-117.70127429399997,47.65164222300007,-118.15043770399996,47.25373644000007,-119.03193926299997,46.207472867000035,-118.71213840499996,45.94506247600003,-118.33859048,45.40549868200003,-118.01162617699998,45.22861711200005,-117.85533865599996,44.77076086300008,-117.45336867799995,44.572648730000026,-117.15840029099996,44.219852367000044,-116.55806202899998,43.77957885300003,-116.24936720899996,43.60622755500003,-116.18439756299995,43.56338156900006,-115.70018388299997,43.17510842300004,-115.03777041999996,42.79980454300005,-114.74307289699999,42.60424281400003,-114.20567453299998,42.45480438700008,-113.71637062699995,42.51962023300007,-113.46846933599994,42.51988993600003,-113.393172403,42.46396893200006,-112.95276073999997,42.13688616500008,-112.57955333499996,41.69164500200003,-112.07787292199998,41.53591575100006,-112.02585924199997,41.22689556200004,-112.03189606899997,41.11775782400008,-111.90441385799994,40.96849831600008,-111.91352265199998,40.86180515400008,-111.98493591999994,40.79339143400006"
36,"-113.393172403,42.46396893200006,-112.52190553399998,42.919200140000044"
37,"-108.77133728199999,45.65714524900005,-108.43656785999997,45.81489836000003,-108.01378661599995,45.89427561600007,-107.83631107099995,45.89904198800008,-107.48487070299996,46.048891456000035,-107.11720736199999,46.242345724000074,-106.39960378199999,46.24714828100008,-105.97668962299997,46.32594008700005,-105.71878282799997,46.48395156600003,-105.38498076199994,46.74904142300005,-105.11169401899997,46.85721316000007,-104.71343837199998,47.10152106100003,-104.18489702199997,47.67632060900007,-101.30175600099994,48.23416553900006,-101.10932887099995,48.138352144000066,-100.63031035699998,48.084945779000066,-99.00682784099996,47.63066410600004,-97.18727083499994,47.014664190000076,-96.88261648199995,46.876689585000065"
38,"-84.68431413799999,33.86023477700007,-85.09694715999996,34.288944780000065,-85.19505192399998,35.074523157000044,-83.99186899199998,35.96743143100008"
39,"-85.19505192399998,35.074523157000044,-85.34351306299999,34.94222317600003,-85.43675851199998,35.21150743100003,-86.51517917799998,35.955543824000074,-86.66621879999997,36.122087012000065,-86.78508273399996,36.182050134000065"
40,"-84.68431413799999,33.86023477700007,-84.25877942499994,33.27810749900004,-83.72649689699995,32.88327831000004,-84.09845003699996,31.983763131000046,-84.22835671199994,31.521630380000033,-84.53575006899996,30.91565931300005"
41,"-82.53322380599997,34.52895553400003,-81.92384526199999,33.55458575100005"
42,"-79.94384923299998,36.08827625300006,-78.81594490299995,35.71928171600007,-78.29759065399998,35.55529123500003"
43,"-78.81594490299995,35.71928171600007,-78.92740195499994,35.11526288300007"
44,"-78.24645091599996,37.65077785700004,-79.72126718699997,37.38102428000008"
45,"-78.24645091599996,37.65077785700004,-77.44016865499998,37.44613086700008,-77.42768106699998,37.47234847000004,-77.42926610199999,37.47948039000005,-77.43010104899997,37.50399506900004,-76.59183872299997,37.199851970000054,-76.69465911499998,37.14594263300006,-76.67570661999997,36.95928597900007,-76.45770093899995,36.81057880600008,-76.34490821799994,36.75304970600007,-76.30876306899995,36.773517438000056,-76.28376246099998,36.82264803100003"
46,"-76.59183872299997,37.199851970000054,-76.53990014599998,37.166655827000056,-76.45074570599996,37.19443217700007,-76.50581697199993,37.24673629700004"
47,"-74.66547560199996,40.146617656000046,-74.75186349599994,40.18662131000008"
48,"-74.93469751299995,39.94334388300007,-75.09328580499994,39.97069559800008"
49,"-74.25595813299998,40.56659547400005,-74.25779803899997,40.543659915000035,-74.26438708599994,40.51679339700007,-74.29009498899995,40.51551224100007"
50,"-75.20168906999999,39.81915242700006,-75.20421817499994,39.82829737600008,-75.20843237399998,39.838653315000045,-75.22529117299996,39.868742146000045,-75.20801100499995,39.88523810800007,-75.21761133899997,39.91220198100007,-75.21032774699995,39.93680287900003"
51,"-75.20843237399998,39.838653315000045,-75.24839785499995,39.84534817100007"
52,"-75.20421817499994,39.82829737600008,-75.16502156199994,39.85127337600005,-75.16333642899997,39.86421430400003,-75.13299059399998,39.87747628200003,-75.12751230199996,39.89332218100003"
53,"-76.49840643799996,39.54989509700005,-76.55696727199995,39.305565251000075,-76.56883833899997,39.273898333000034"
54,"-76.90731152899997,39.50092895200004,-76.88876471699996,39.342052985000066,-76.83060396099995,39.23571644200007,-76.73029882399999,39.186734555000044,-76.58456143399997,39.209547953000026,-76.56856191299994,39.22960374000007"
55,"-77.03711319599995,39.365514646000065,-76.88876471699996,39.342052985000066"
56,"-76.83060396099995,39.23571644200007,-76.99496423399995,38.94655595900008"
57,"-77.50580504999994,38.80235638000005,-77.40123837699997,38.83239816500003,-77.27527566399993,38.848112351000054"
58,"-77.40798151699994,38.919016261000024,-77.40123837699997,38.83239816500003"
59,"-78.81594490299995,35.71928171600007,-78.78971910599995,35.874894804000064"
60,"-82.49176430599994,34.55294734300003,-82.09614568999996,33.741438050000056,-81.95216892999997,33.594172900000046,-81.92943682599997,33.465837502000056"
61,"-84.68431413799999,33.86023477700007,-84.48463965399998,33.80857957300003,-84.49167667099994,33.66568033000004,-84.40551651099997,33.64462236700007"
62,"-84.47564346399997,33.88093461700004,-84.27336570099999,33.914580873000034"
63,"-86.77992081399998,33.28324009700003,-86.87814911299995,33.44922886000006"
64,"-89.51527440899997,31.626525384000047,-89.51399995699995,30.18409758000007,-89.73674528699996,29.880210833000035,-89.97926223099995,29.691469519000066"
65,"-91.12724821599994,30.54116840100005,-91.27078601999995,30.714242502000047"
66,"-95.19209422599994,29.74904274900007,-95.15812177199996,29.821685264000052,-94.28835424699997,29.90500286300005,-93.29668974499998,30.161241821000033,-92.50588070599997,30.416489047000027,-91.88060633899994,30.518259770000043,-91.27078601999995,30.714242502000047,-89.51061125799998,31.626259358000027,-88.74561253699994,32.35052760100007,-88.04847848299994,32.78382136000005,-87.62822645199998,32.98218452700007,-86.77992081399998,33.28324009700003,-85.77609923299997,33.614860272000044,-84.68431413799999,33.86023477700007,-84.47564346399997,33.88093461700004,-84.39811560399994,33.95177747100007,-83.41956833399996,33.985711768000044,-81.87442292499998,34.92337328600007,-80.92743611199995,35.27932822500003,-79.91781017999995,36.077018149000025,-78.24645091599996,37.65077785700004,-77.71085657499998,38.59203324200007,-77.50580504999994,38.80235638000005,-77.40798151699994,38.919016261000024,-77.03711319599995,39.365514646000065,-76.90731152899997,39.50092895200004,-76.68310155499995,39.55944319900004,-76.49840643799996,39.54989509700005,-75.95068323399994,39.72180317300007,-75.79173304199998,39.76417671000007,-75.65265313299994,39.83023482300007,-75.58311280699996,39.84738711800003,-75.49039026799994,39.84512296100007,-75.41612279599997,39.788945169000044,-75.20168906999999,39.81915242700006,-75.17956165199996,39.806203579000055,-75.09990650399999,39.85523751900007,-75.03268347199997,39.86623658100007,-74.93469751299995,39.94334388300007,-74.89613457899998,39.975971413000025,-74.84134681899997,40.00567687300003,-74.81374174599995,40.02859351200004,-74.66547560199996,40.146617656000046,-74.63694463599995,40.173339475000034,-74.52018563899998,40.24633699200007,-74.44582007399998,40.412343461000034,-74.38955740699998,40.49299895900003,-74.36068750699997,40.517433710000034,-74.32549736699997,40.534091654000065,-74.27681973999995,40.54802470900006,-74.25595813299998,40.56659547400005,-74.22919658799998,40.596043003000034,-74.21297132199999,40.62051957400007,-74.18178456399994,40.632035458000075,-74.18161974799995,40.66654376300005,-74.12599340299994,40.70824711100005"
67,"-122.76437317399996,45.49461897200007,-122.83889078899995,46.692220571000064,-122.59247003499996,46.99899958200007,-122.32550029199996,47.175724553000066,-122.088195284,47.48232608200004,-122.03628630499998,48.06046740600004,-122.31809050599998,48.70566514800004,-122.74599976599995,48.99390027100003"
68,"-95.43080001399994,47.691900383000075,-95.70279967199997,47.822816594000074,-96.07720390399999,47.940795741000045,-97.54169386899997,49.024452739000026,-104.59424192899996,50.43801077400008,-109.14610633599995,51.92500502400003,-111.32746407699995,52.66541290200007,-113.50633038399997,53.52105001800004"
69,"-90.46030043599995,32.731899777000024,-91.06560537699994,32.875370977000046"
70,"-87.50897586999997,41.60511544800005,-88.66882946199996,41.15573846500007,-88.78809882099995,42.78674502200005,-89.07425964399994,43.21402573000006,-89.99236660099996,44.45250614500003,-91.13701389,45.43986687100005,-91.59012173699995,45.95617893300005,-92.06857663499994,46.68245218800007,-92.06857663499994,46.68245218800007,-92.07147963199998,46.68685919700005,-92.06768762299998,46.68275018000003,-92.06857663499994,46.68245218800007,-92.06857663499994,46.68245218800007,-92.23506525999994,46.62653347000003,-92.54396816699995,46.707186240000055,-93.10545338899999,47.10803269500008,-93.61218699699998,47.338799290000054,-94.72274669499996,47.410734184000034,-95.16088659999997,47.65953518300006,-95.43080001399994,47.691900383000075"
71,"-94.89470046499997,29.885388068000054,-94.77959000399994,30.573530539000046,-94.83770295599999,31.340104835000034,-94.24998193599998,32.16265107400005,-94.60407484599995,32.39958469800007"
72,"-94.24998193599998,32.16265107400005,-94.13697708799998,32.424366700000064"
73,"-98.13552691299998,27.39638472300004,-97.37615279699997,28.072750421000023,-97.06033753899999,28.317811068000026,-96.46024738099999,28.776418447000026,-94.91104704299994,29.74499570900008"
74,"-97.37615279699997,28.072750421000023,-97.18862683299994,27.873442789000023"
75,"-97.06033753899999,28.317811068000026,-97.16524418099999,28.376959689000046"
76,"-97.06033753899999,28.317811068000026,-96.99538752399997,28.13571598200008"
77,"-93.96254608099997,30.071818871000062,-93.72307264199998,30.856865793000054,-93.02690524299999,32.46273696700007,-92.60775896899997,33.01344375000008,-92.17739587999995,34.77357220400006,-91.79797791799996,35.11901846000006,-90.81880582499997,35.96690381600007,-89.51446325199998,37.22027574700007,-89.05540706799997,37.52587081100006,-88.37459920599997,37.92291182500003,-87.82673047099996,38.20455510600004,-86.58283562099996,38.556343370000036,-85.83552881999998,39.02121896300008,-84.6697756,39.40700100600003,-84.39777040299998,39.46076283700006,-84.21676917199994,39.48690951300006,-82.62286128799997,39.76498508100008,-82.46855798199994,40.02343298900007,-80.61873503299995,40.40456775600006,-79.86736871699998,40.24742618100004,-79.54292122499999,40.29931425600006,-79.18244796899995,40.44543393400005,-78.42666718499999,40.427462465000076,-77.71811883699996,40.331515841000055,-77.34023281199995,40.355521776000046,-76.97406878899994,40.21928391700004,-76.45849110599994,40.27148845700003,-76.03215626599996,40.315053341000066,-75.61274729299998,40.029729614000075,-75.42568620999998,39.849416218000044"
78,"-79.54292122499999,40.29931425600006,-76.96023373099996,42.128825482000025,-76.91532419199996,42.38678399100007,-73.76606483399996,42.586088078000046"
79,"-84.21676917199994,39.48690951300006,-83.99860622099999,39.756204395000054,-83.94196681899996,40.233741973000065,-84.11323980699996,40.72171571700005"
80,"-85.83552881999998,39.02121896300008,-85.89867743599996,39.44132111400006,-86.32941076499998,39.808018538000056,-87.74672725399995,41.46842927000006"
81,"-89.05540706799997,37.52587081100006,-88.38653418499996,37.03061261000005"
82,"-91.79797791799996,35.11901846000006,-90.16626497099998,35.12996706900003"
83,"-96.94073324499999,32.96457470300004,-96.93269490099999,32.837405904000036,-96.88315645599994,32.77573773800003"
84,"-97.04468560299995,32.955044430000044,-97.11970486299998,32.919021789000055,-97.32654238799995,32.78828439000006"
85,"-97.04269353899997,32.95519341900007,-96.94073324499999,32.96457470300004,-96.19832631999998,33.03287919600007"
86,"-95.18574086999996,29.773586942000065,-95.57088521899999,30.107685365000066,-96.37575315099997,30.654362395000078,-96.51496083199999,30.83924724900004,-97.09294939299997,31.590079829000047,-97.09243269599995,32.83525434300003,-97.04774370299998,32.95590541200005,-97.16517673399994,34.20517048600004"
87,"-93.30597492299995,30.177027317000068,-94.04272366099997,29.99963666800005,-94.01405390899998,29.90648960200008,-94.94855500699998,29.863003481000078,-95.18574086999996,29.773586942000065,-95.44163965899997,30.317757010000037,-95.55060046199998,30.723300048000056,-95.47830030999995,31.49170033100006,-95.63060047999994,31.761899907000043,-96.19832631999998,33.03287919600007,-96.41848368399997,34.893066273000045,-95.99410274699994,35.652017141000044,-95.99410163399995,36.04514262400005,-95.72126775099997,36.085606719000054,-95.34438315599994,36.34285684100007,-94.96011383999996,36.65656994300008,-94.80179069399998,36.89019371100005,-90.78032417599997,38.59988883900007,-90.65907019999997,38.804910765000045,-90.33088979699994,38.899604873000044,-90.09835777499995,38.821293335000064"
88,"-90.08837242899995,38.818188289000034,-88.75669103799999,40.19408450100008,-88.38915317099998,40.55337825700008,-87.84198406399997,41.15670951100003,-87.46734597099999,41.44345658200007,-87.47754659699996,41.63075961200008"
89,"-90.21493618399995,38.573680797000065,-90.09150659899996,38.84106108200007"
90,"-71.33349982499993,41.78591893600003,-71.31557536199995,41.881333131000076,-71.41124698199997,41.94554713700006,-71.54407197399996,41.98866935900003,-71.66879733899998,42.05256927800008,-71.90550611999998,42.11380818900005,-72.11215006599997,42.114260527000056,-72.25070171999994,42.12131425200005,-72.433244,42.17109746700004,-72.53832289099995,42.16083434900003,-72.56298850099995,42.12810681900004"
91,"-89.53388200999996,31.633372334000057,-88.78474978299994,31.113455859000055,-88.50857677199997,30.355055794000066"
92,"-86.81863872299994,33.290513978000035,-86.66783282199998,32.835467090000066,-86.38453714899998,32.35259769600003"
93,"-85.14155969399997,33.70408721100006,-85.19157076299996,35.071254260000046,-83.99806016399998,35.96350833500003"
94,"-85.14293269099994,33.70053428700004,-84.46204141799996,33.16217359400002,-83.64770236699997,32.720357998000054"
95,"-85.14293269099994,33.70053428700004,-84.90369399699995,32.522687516000076"
96,"-79.82607619799995,36.14190651800004,-79.82388625799996,36.69012134800005,-79.98930060599997,37.21331642500007,-79.92320395599995,37.27890414500007"
97,"-77.19053488999998,38.733883509000066,-77.35472642199994,38.75307258500004,-77.44227273699994,38.937100876000045"
98,"-91.19236277699997,30.48430689500003,-89.53388200999996,31.633372334000057,-88.72508982799997,32.407088370000054,-86.81863872299994,33.290513978000035,-85.14293269099994,33.70053428700004,-84.14250156599996,33.96704671700007,-83.40438272899996,33.99725937300008,-81.87442292499998,34.92337328600007,-80.92538409399998,35.28122320800003,-79.82607619799995,36.14190651800004,-77.57898292299996,37.47112617200003,-77.26475075799993,38.55967480400005,-77.19053488999998,38.733883509000066,-77.03279884499995,38.84171275600005"
99,"-118.56273504099994,39.38035192800004,-119.05023233099996,39.555573855000034,-119.52088068999996,39.56676415700008,-120.05701366299996,39.54558520300003,-120.18127328699995,39.33616045700006,-120.55979398699998,39.32930806400003,-120.93650151499997,39.138225454000064,-121.24731477299997,38.781266767000034,-121.49633739599994,38.581733179000025,-121.79010939599999,38.31575583600005,-122.02572227499996,38.263312204000044,-122.09839543199996,38.01194240900003"
100,"-121.81514940899996,39.71708370700003,-121.48051896299995,39.06619647400004,-121.24731477299997,38.781266767000034"
101,"-122.09839543199996,38.01194240900003,-122.33985483899994,37.97971200300003,-122.19309399499997,37.721698866000054,-122.39558892299999,37.639771265000036"
102,"-122.09839543199996,38.01194240900003,-121.89176327999996,37.69265315300004,-121.89262830899997,37.39983074300005"
103,"-122.09839543199996,38.01194240900003,-121.67763067199996,37.918276037000055,-121.29540813499995,37.98937611500003,-121.24733375899996,38.780095792000054"
104,"-121.67763067199996,37.918276037000055,-121.10152452999995,37.435213420000025,-120.75919097799999,37.43580175300008,-120.47263768799996,37.29540626600004,-119.74668399899997,36.67477691600004,-119.45694112899997,36.405666662000044,-119.12792476799996,35.44156019700006"
105,"-106.46620015199994,31.77100745100006,-106.36300666199998,31.765607212000077,-106.33902679,31.894272740000076,-106.45858901599996,32.01592224600006,-106.57008821499994,32.02461540100006,-107.58454484699996,32.29091347000008,-108.38447327299997,32.18067698800007,-108.73317567999999,32.337568748000024,-110.09514450499995,32.00288009600007,-110.59440389899999,31.990518029000043,-111.45887218599995,32.69202908300008,-112.04529426999994,33.09068535500006,-112.17784014799997,33.437202339000066,-112.69184295399998,33.27568234200004,-113.93716535699997,32.78430156300004,-114.72201598599997,32.74492679000008,-115.511423778,33.24205745000006,-116.53943166999994,33.892374819000054,-117.06137563699997,33.95499705200007,-117.33536160199998,34.066449815000055"
106,"-115.511423778,33.24205745000006,-115.65530923999995,32.81139495200006"
107,"-115.05158820999998,36.25479423300004,-115.41234388099997,35.53745506400003,-115.69966979699996,35.44246632100004,-116.02093509799994,35.27538182100005,-116.38946576899997,35.08012135800004,-116.99572867199998,34.86084224000007,-117.40080779999994,34.60879924000005,-117.47651353199996,34.279575083000054,-117.33536160199998,34.066449815000055"
108,"-117.91316545399997,34.84489420400007,-117.85819332799997,34.72196685000006,-117.81251409499998,34.73922155200006,-117.69281333099997,34.59796448700007,-117.40080779999994,34.60879924000005"
109,"-117.33536160199998,34.066449815000055,-117.77973331099997,34.05169183700008,-118.27954480499994,33.78952162300004,-118.27726516799999,33.97158449700004"
110,"-118.05545284599998,33.90768711100003,-117.78666938899994,33.68760214400004,-117.65856391299997,33.54071320200006,-117.46265611199999,33.36046938900006,-117.25498351599998,33.08026900600004,-117.13122893799999,32.79883639500002,-117.14996566199994,32.69289710800007"
111,"-119.74668399899997,36.67477691600004,-119.88060461199996,36.67746974600004,-119.93146656799996,36.32424707600006"
112,"-113.51243160299998,53.51733295100007,-116.95737869099997,53.50993787500005,-117.44717647599998,53.38842570700007,-117.63950435999999,53.46884599600003,-118.16693320999997,53.129925582000055,-118.25715582699996,52.98725619600003,-118.58680715099996,52.97870093200004,-118.88528597699997,53.087666220000074,-119.49809827799999,53.06823756500006,-119.20933665599995,52.88560841300006,-119.13368932499998,52.68676423100004,-119.06272913,52.31448090900005,-119.20454867699999,52.02912434700005,-119.26285748899994,51.776051033000044,-119.38299995299997,51.57336798000006,-119.59892362999994,51.547747464000054,-119.91933852199998,51.55626126000004,-120.10875950299999,51.43318458300007,-120.07932468999996,51.12494928800004,-120.14777362999996,50.87717677900008,-120.66253619699995,50.07400543300008,-120.83067084099997,49.93677825000003,-120.87272871599998,49.679959788000076,-121.12845617299996,49.46233893800007,-121.84382748099995,49.11931234300005,-122.32198587299996,49.07312476100003,-123.11111910399995,49.268080834000045"
113,"-123.08767269999998,44.024759998000036,-122.98364472799994,44.39845193800005,-123.05341867599998,44.65821112400005,-122.88959015699999,44.797118899000054,-122.89107683599997,45.09110106700007,-122.76049745199998,45.45786334700006"
114,"-82.43216227199997,27.91772864400008,-82.43060523499997,27.90122322700006,-82.38856745599998,27.90122351100007,-82.32628823099998,27.857207390000042,-81.95728832699996,27.848956228000077,-81.84985880699998,27.829699737000055,-81.66146699799998,27.82832311800007,-81.55559074599995,28.119928782000045,-81.55091970199999,28.24372375400003,-81.56544387699995,28.273700633000033,-81.58748724099996,28.28207025900008,-81.55312561499994,28.326965684000072,-81.51184893499999,28.347318074000043,-81.39039581299994,28.348078903000044,-81.37126931799997,28.42254006400003"
115,"-82.43371930199999,27.92048053800005,-82.43527534599997,27.95074147500003,-81.94171601099998,28.049779225000066,-81.86542699799998,28.042901494000034,-81.79847789999997,28.056656876000034,-81.76110901299995,28.08966852800006,-81.65990681499994,28.11580222200007,-81.62565420699997,28.108924365000064,-81.56112183299996,28.249730535000026,-81.54296850099996,28.263047087000075,-81.52481518599996,28.267992950000064,-81.49888174199998,28.260764279000057,-81.46560120099997,28.258101346000046,-81.40336212899996,28.29462592400006,-81.38823476899995,28.351351776000058,-81.37289046199999,28.36827011200006,-81.37116131599998,28.422349070000053"
116,"-94.04272366099997,29.99963666800005,-93.81675657399995,30.436831690000076,-93.22427687299995,30.59508303000007,-91.20542279699998,33.16797539500004,-90.89796381899998,33.36840875300004,-89.67468419099998,34.93811604200005,-89.32067585599998,35.84398124200004,-88.87283053799996,37.206054266000024,-88.85249487199997,37.71646166700003,-88.55253041799995,38.47518903300005,-88.38707639099994,39.68454893000006"
117,"-87.71207328899999,39.00702630500007,-87.94676915699995,39.344097677000036,-88.09790662399996,39.56116265500003,-88.31220097599999,39.96365604400006,-88.32339715199998,40.07682958200007"
118,"-87.70846817499995,39.001346408000074,-86.68349588999996,38.59132524800003,-86.14201386199994,38.40939589200008,-85.85035380899996,38.17463390900008,-85.70874534099994,38.12596848900006,-84.53967424199999,38.06097984300004"
119,"-89.08604100099996,38.79306465500008,-88.26173703299997,38.67422619900003,-87.70235470599994,38.70976817300004"
120,"-87.94453637699996,37.923567554000044,-87.70211069899995,38.709370173000025,-87.71795438599997,39.00281236300003"
121,"-87.70235470599994,38.70976817300004,-87.68531340199996,38.608887356000025,-87.63371389699995,38.590961314000026,-87.61938452599998,38.45697302600007,-87.56894473099999,38.409078427000054,-87.49754478399996,38.31264630600003,-87.39375998599996,38.30840102700006"
122,"-82.59924202099995,38.36703247500003,-82.59394543099995,38.444247605000044,-82.55382504499994,38.57158822100007,-82.46989266499997,38.66339276600007,-82.41609529799996,38.79567970700003,-82.54265397299997,38.932677209000076,-82.60141020699996,39.139097132000074,-82.58427286599994,39.599777793000044,-82.95893926599996,39.76463821500005,-83.09547895699995,39.82082163600006,-83.11869601999996,39.96236925200003"
123,"-84.16021736099998,39.78568057500007,-84.05370706199994,39.851156754000044,-83.64977894899994,39.89127512300007,-83.31423607999994,40.00971665600008,-83.11833140599998,40.06962691500007,-82.63869962299998,40.082397455000034,-82.47009127899997,40.03555498700007"
124,"-82.46855798199994,40.02343298900007,-82.47138459099995,40.102748062000046,-81.77973855,40.481173832000025,-81.46694986499995,40.65567985200005,-80.99127845899994,40.67597542400006,-80.72091053699995,40.68964276300005,-80.60470446699998,40.77241292900004,-80.52053622099999,40.79133574000008,-80.46283343499994,40.64290323200004"
125,"-82.46855798199994,40.02343298900007,-82.73290366499998,40.15239601900004,-83.09614586799995,40.37975062800007,-83.26174343499997,40.70964712700004,-83.66015429699996,41.00418057300004"
126,"-90.09484572999997,38.84849403100003,-90.04862927699997,38.86696151600006,-89.92229044099997,38.88218493000005,-89.69418642299996,38.98682119100005,-88.96653410799996,38.99536275500003,-88.85436590799998,39.03594302100004,-88.41156975599995,39.15124569000005,-87.93391875399999,39.31673093000006,-87.56280941599994,39.52753203900005,-87.07198619299999,39.76457519200005,-86.79488715699995,39.87247076400007,-86.61572434399994,39.923217899000065,-86.40200097799999,39.91217555500003,-86.32856673499998,39.80801353000004"
127,"-88.41971864799996,39.05807357500004,-88.08741647599999,39.14645782200006,-87.84379470199997,39.24943880200004,-87.41413518499996,39.39678472700007,-87.08635694899993,39.50623957000005,-86.81172923399998,39.61211087000004,-86.32403949199994,39.93145222600003,-85.98784198699997,40.12884793500007,-85.30570592899994,40.335137030000055,-84.13367625999996,40.708631472000036"
128,"-87.70846817499995,39.001346408000074,-87.41413518499996,39.39678472700007,-86.81615824599999,39.64963686500005,-86.39535492799996,39.79613531900003,-86.22840595799994,39.78596015800008,-86.23589396899996,39.90495367300008,-86.16059190499999,39.93892318300004,-85.84166868099999,40.00342236800003,-85.72207273999999,40.14916987400005,-85.36480598799994,40.27712061700004,-85.25698259999996,40.33513724300008,-84.12357683999994,40.69741139100006"
129,"-87.93391875399999,39.31673093000006,-86.32403949199994,39.93145222600003"
130,"-90.08378535799994,38.84621197200005,-89.37243279099994,39.31184610500003,-88.32342216199999,40.08288363400004,-87.46619354099994,41.53281869500006,-87.17189966899997,41.539429787000074,-86.61466815599994,41.77339756600003,-86.23948665999995,42.30698742900006,-86.06445083599993,42.65942088300005,-86.08602230699995,43.06451413000008,-86.18414965699998,43.310237735000044"
131,"-80.61873503299995,40.40456775600006,-80.70841874599995,40.47633385900008,-80.68958118199998,40.695062033000056,-80.66998252399998,40.857634344000076,-80.70542818899997,41.08586416900005"
132,"-100.90631982699995,38.598400010000034,-98.69170264599995,38.37098905500005"
133,"-100.90631982699995,38.598400010000034,-98.05109773799995,37.82925352700005,-97.37230278599998,37.81787610600003"
134,"-98.69170264599995,38.37098905500005,-98.57937020899999,37.925937385000054,-98.43860772799997,37.83309215100007,-97.37230278599998,37.81787610600003"
135,"-97.37230278599998,37.81787610600003,-96.87747350799998,37.820809722000035"
136,"-96.88515475099996,37.823497693000036,-95.69065930999994,38.909067675000074"
137,"-95.69065930999994,38.909067675000074,-94.60459011199998,39.13989377400003"
138,"-95.69065930999994,38.909067675000074,-94.95425441299994,39.75955492200006"
139,"-94.95425441299994,39.75955492200006,-93.52980678799997,41.56150659800005"
140,"-94.60459011199998,39.13989377400003,-93.52980678799997,41.56150659800005"
141,"-93.52980678799997,41.56150659800005,-92.73639735999996,41.63053112400007,-91.56572659799997,41.68274960300005,-90.48438558399994,41.68369266600007,-89.17197028299995,41.79156804300004,-87.88965437699994,41.94004427100003"
142,"-92.71848996899996,41.63047841400004,-92.41977100799994,42.43790924000007"
143,"-91.56572659799997,41.68274960300005,-90.73352705999997,42.40857222600005"
144,"-90.48750668699995,41.68369765800003,-90.46961060399997,41.53214052800007"
145,"-93.52980678799997,41.56150659800005,-93.35407249799994,43.13696667800008"
146,"-94.60459011199998,39.13989377400003,-94.79250431999998,39.14682130800003,-95.16266794099994,39.521636949000026,-95.53841109099994,39.999112910000065,-95.73592401099995,40.33761584600006,-95.92403430399997,40.72078718800003"
147,"-95.92403430399997,40.72078718800003,-96.70098091899996,40.70002446500007,-98.37502324399998,40.75147983800008"
148,"-95.92171524099996,40.72163017500003,-95.96341697599996,41.12787586800005,-96.07413196099998,41.23031995400004,-96.06619403099995,41.36494180200003"
149,"-96.06619403099995,41.36494180200003,-96.35672370199995,42.54067361400007,-96.40567821799999,43.175099516000046,-96.79169740699996,43.543891606000045"
150,"-96.35672370199995,42.54067361400007,-95.14735867399997,43.35642462100003"
151,"-96.79169740699996,43.543891606000045,-95.78123738799997,44.45588377200005,-95.08186267099995,45.10478958700003"
152,"-95.08186267099995,45.10478958700003,-95.38732708699996,45.892697843000064"
153,"-95.78123738799997,44.45588377200005,-97.08876809399999,44.88851151600005"
154,"-95.38732708699996,45.892697843000064,-95.92039472899995,46.134087065000074,-96.88261648199995,46.876689585000065"
155,"-96.88261648199995,46.876689585000065,-97.08657866899995,47.93338632500007"
156,"-93.35506651399999,43.13727866200003,-93.38945563499999,43.55507102900003"
157,"-93.38945563499999,43.55507102900003,-93.19733416599996,44.72467018000003,-93.18083852199999,44.798546412000064,-93.04804872099999,44.862538133000044,-92.99432402199994,44.88010429700006,-92.99861914799999,44.992145598000036,-93.18570489099994,45.01678260400007"
158,"-93.38945563499999,43.55507102900003,-94.06931285599995,44.15519285600004"
159,"-95.07481424199995,45.099326606000034,-93.19733416599996,44.72467018000003"
160,"-93.19733416599996,44.72467018000003,-92.24933964599995,44.003476473000035"
161,"-93.19819638599995,45.02142259900006,-92.77217121599995,46.477360213000054,-92.49055466799996,46.66427990500006,-92.28862198999997,46.70972711700006"
162,"-92.49055466799996,46.66427990500006,-92.39132215799998,46.631993014000045,-92.29339141899999,46.602465970000026,-92.10981238399995,46.653688603000035,-92.10332160099995,46.73034036400003"
163,"-92.98775470899994,44.88072232900004,-91.79084692499998,44.821048733000055,-91.20931843999995,44.90854402100007,-89.65938530999995,44.84055013300008"
164,"-93.19733416599996,44.72467018000003,-92.99245987699999,44.81809967500004,-92.99432402199994,44.88010429700006"
165,"-96.10507206399996,36.554785200000026,-96.02967635699997,36.131719634000035"
166,"-96.73222267399996,36.04348000400006,-97.44197554399994,35.46711416900007"
167,"-97.44197554399994,35.46711416900007,-97.83715545599995,36.409949304000065"
168,"-97.08481619299994,36.68870211800004,-96.10507206399996,36.554785200000026"
169,"-96.87747350799998,37.820809722000035,-96.10507206399996,36.554785200000026"
170,"-97.83715545599995,36.409949304000065,-97.08481619299994,36.68870211800004"
171,"-96.88515475099996,37.823497693000036,-96.73222267399996,36.04348000400006"
172,"-97.44197554399994,35.46711416900007,-97.13581947799997,34.64223917400005"
173,"-96.58160394099997,35.97268658100006,-96.36549110899995,35.84865599900007,-96.42359058699998,34.88391138500003"
174,"-96.73221047299995,36.03676812000003,-96.58160394099997,35.97268658100006"
175,"-96.58160394099997,35.97268658100006,-96.02967635699997,36.131719634000035"
176,"-96.02967635699997,36.131719634000035,-96.02065299599997,35.99206945100008"
177,"-96.87747350799998,37.820809722000035,-95.32608783399996,37.79614309800007"
178,"-96.10507206399996,36.554785200000026,-95.87774607499995,37.02920244400008,-95.75078581199995,37.21597666200006"
179,"-95.75078581199995,37.21597666200006,-95.64465280199994,37.059853143000055"
180,"-95.87774607499995,37.02920244400008,-95.64465280199994,37.059853143000055"
181,"-95.75078581199995,37.21597666200006,-95.32608783399996,37.79614309800007"
182,"-95.31043153799999,37.82028207400003,-94.74551838899998,38.883540252000046,-94.60459011199998,39.13989377400003"
183,"-94.74551838899998,38.883540252000046,-94.54584507599998,38.86378862000004"
184,"-95.32608783399996,37.79614309800007,-94.30339570999996,37.314035846000024,-93.42457326599998,37.15864104100007"
185,"-92.26386626499999,38.88562416600007,-91.37469612699994,39.61132986800004,-91.52524415499994,39.881175330000076"
186,"-88.11529273099995,41.271688717000075,-88.94735633799996,40.29798842900004,-89.55657157699994,40.08476730600006,-91.37469612699994,39.61132986800004"
187,"-92.26386626499999,38.88562416600007,-93.52764057,38.34913315400007,-94.55767500499996,37.40982095700008"
188,"-94.55767500499996,37.40982095700008,-95.11158016599995,36.99677115700007"
189,"-95.11158016599995,36.99677115700007,-96.02967635699997,36.131719634000035"
190,"-94.39602164099995,35.308217744000046,-94.65862420799999,35.21886160500003,-96.42359058699998,34.88391138500003"
191,"-96.42359058699998,34.88391138500003,-97.13581947799997,34.64223917400005,-98.00361964199999,34.413875946000076"
192,"-94.65862420799999,35.21886160500003,-94.57625675199995,34.89746799000005"
193,"-98.00361964199999,34.413875946000076,-98.27220759899996,33.82895880600006"
194,"-97.81841309699996,33.28180735500007,-97.62350448299998,32.731326617000036,-97.35614025499996,32.429516327000044,-96.83961452399996,32.165675803000056"
195,"-98.27220759899996,33.82895880600006,-97.81841309699996,33.28180735500007"
196,"-97.28815436499997,32.805546125000035,-96.88921962699999,32.77896165800007,-97.10868828199995,31.61024726900007,-96.57961347899999,30.863377056000047"
197,"-102.33002188699999,31.82391014700005,-101.67458805299998,32.08770684500007,-100.22705790199996,32.464439148000054,-97.92434058699996,32.05802139000008,-96.88885409099998,32.06131328300006,-96.47436465899995,32.07095045900007"
198,"-96.47436465899995,32.07095045900007,-95.28639648499995,29.788820840000028"
199,"-106.21639420499997,31.813620799000034,-102.39218038999996,31.423456417000068"
200,"-106.21639420499997,31.813620799000034,-102.33002188699999,31.82391014700005"
201,"-102.39218038999996,31.423456417000068,-102.33002188699999,31.82391014700005"
202,"-94.98394080699995,33.15728338500003,-96.19832631999998,33.03287919600007"
203,"-104.81387859399996,39.760307225000076,-104.49414845999996,39.73229486500003,-100.90631982699995,38.598400010000034"
204,"-101.88828934799994,35.261977158000036,-105.19769136199994,35.08465442700003,-105.77555071199998,34.997803615000066,-106.41672226899999,34.84117521400003,-106.66548957899994,34.99204230200007"
205,"-101.88483524199995,35.96705701700006,-103.61386310699999,34.13232021600004,-104.42292076599995,33.27377554100008,-106.26071842699997,31.818534386000067,-105.99128761499998,32.72671722800004"
206,"-101.89001630499996,35.26833204400003,-101.88142960899995,33.61103277500007"
207,"-101.89070371399998,35.955246259000035,-101.60952150199995,35.967735051000034,-101.37562230999998,35.68515630500008,-99.66682024199997,34.75818450500003,-98.96713906299999,34.173627027000066,-98.49079359199999,33.937296942000046,-97.11649676999997,32.921163716000024"
208,"-98.14744008299999,26.380425122000076,-98.11448939999997,27.421057164000047,-97.47355988399994,27.814241510000045,-97.22129992399994,28.31373265900004,-96.63870889299994,28.837841923000042,-95.73791546199999,29.271022765000055,-95.43926664999998,29.617922859000032,-95.21426783299995,29.725448407000044"
209,"-97.38949712099998,25.96387674600004,-97.41794192899994,26.103794737000044,-97.47875739599999,26.114295758000026,-97.51543466699997,26.186035295000067,-97.59884705699994,26.199744044000056,-97.63044489699996,26.271197692000044,-98.00910767,26.33071790400004,-98.07139346699995,26.377321787000028,-98.14611303199996,26.378781178000054"
210,"-98.14611303199996,26.378781178000054,-98.39989124299996,26.41669317700007,-98.472316,26.042286"
211,"-98.18012885399997,28.45832277200003,-98.86299063199999,27.970664768000063,-99.34793888899998,27.738016514000037,-99.540359,27.635855"
212,"-97.47355988399994,27.814241510000045,-97.76909587799997,28.620335889000046,-98.40182974899994,29.44935644000003"
213,"-97.47318188799994,27.816036429000064,-98.18012885399997,28.45832277200003,-98.47558073299996,29.311098112000025,-98.40141573799997,29.449356441000077"
214,"-101.88828934799994,35.261977158000036,-101.88483524199995,35.96705701700006,-102.92392682999997,37.30079456400006,-104.66229143499999,38.77315281800003,-104.63894385199995,38.937595713000064,-104.50576306299996,39.14843120200004,-104.50258825599997,39.32885373500005,-104.52877185999995,39.71348718400003,-104.93901045599995,39.79760543800006"
215,"-97.40074880399999,43.03037879200008,-96.19467984299996,42.77049036200003,-95.14735867399997,43.35642462100003"
216,"-96.19467984299996,42.77049036200003,-96.31111850599996,43.43296890000005"
217,"-96.19467984299996,42.77049036200003,-96.74131523299997,43.509231260000035"
218,"-97.59227540499995,40.55658712200005,-98.52567921299999,40.54818721500004,-99.72730196199996,40.57509560300008,-99.90390332699997,40.68132543100006,-100.57871191999999,40.692968327000074,-100.83010008699995,41.14478578100005"
219,"-97.59130230999995,40.54151292100005,-97.17579843299995,41.43986524600007"
220,"-97.87305452499999,38.04309126600003,-97.02224657399995,37.92812231900007,-96.87230871399998,37.79801770300003,-97.00379349699995,37.68341058300007,-97.30711406699999,37.75224148700005"
221,"-97.02224657399995,37.92812231900007,-97.00379349699995,37.68341058300007,-97.02907949099995,37.04444455200007"
222,"-97.87322058199999,38.03167036200006,-97.65419846299994,38.88779043900007,-97.75633511799998,39.30600253400007,-97.57302079499999,40.58036219100006,-97.55127205199994,41.168389415000036,-97.42685940899997,42.05128434000005,-97.40074880399999,43.03037879200008,-98.00287308699995,43.702188696000064,-98.45034125699999,44.457131521000065,-98.53098673299996,45.47414590100004,-98.71231021399996,46.90217695700005"
223,"-100.87065615399996,46.84481032700006,-98.71317609899995,46.865255844000046,-96.74109878299998,46.863560955000025,-95.76966998599994,46.011266490000025,-94.97042896499994,45.736934990000066,-93.19858538499994,45.02046759800004"
224,"-101.89167650499996,35.26071018300007,-101.88483524199995,35.96705701700006,-103.50056610599995,37.99986183800007,-104.47140521599994,39.38444796600004,-104.70205643299994,39.583324177000065,-104.82030322599996,39.72095055400007,-104.83974961299998,39.76546507900008,-104.94356463999998,39.797944425000026"
225,"-101.89440059799995,35.26157316800004,-101.35488765499997,35.67167555700007,-101.22300627499999,36.05061084300007,-97.36032255199996,37.75420935600005,-94.86884817699996,38.52072653400006,-94.37262886899998,38.69221949100006,-92.21531938299995,38.54845148700008,-90.30453078199997,38.500246136000044,-90.17773078099998,38.58633435400003"
226,"-119.27829076899997,47.131803930000046,-117.70427505199996,47.626842958000054,-117.39112212299995,47.58867754100004,-117.28669849699997,47.67930780100005,-116.82615837599997,47.71605845400006,-116.26137751699997,47.55782230700004,-116.12391697299995,47.654482105000056,-115.55767917099996,47.53999171000004,-115.30164744399997,47.58250841300003"
227,"-113.99340162199996,46.87664278800003,-111.91993201999998,46.57329816300006,-111.03298330899997,45.69543447500007,-108.49259733699995,45.812911790000044"
228,"-111.96952706899998,46.586862377000045,-111.22071640099995,47.52127521500006"
229,"-108.43419481199999,45.80660024500003,-106.90195349299995,44.664559679000035,-106.25686118899995,42.84379622000006,-107.11209202999999,41.77682718900007"
230,"-122.37075829399998,37.916455943000074,-122.38226559199995,37.92672366000005,-122.24290187999998,38.040202288000046"
231,"-107.11209202999999,41.77682718900007,-108.33143178799997,41.634690842000055,-108.85264696999997,41.704185332000066,-109.29443947899995,41.54900259200008,-109.57025745899995,41.51870555700003,-110.06663955999994,41.53994182300005,-110.35137604099998,41.36871457400008,-110.64446143099997,41.27403717400006,-111.28383564199999,41.21148794000004,-111.52475607299999,41.09410961000003,-111.65035457999994,41.03291708100005,-111.80331903599995,41.12472936000006,-111.92826394899998,41.13326282000003,-111.90463332099995,41.02422699200008,-111.88892591899997,40.791664850000075"
232,"-106.63932257499994,35.05780637100003,-106.84820549099999,33.827928075000045,-107.02542049099998,33.45756061700007,-106.55119660099996,32.01695564400006,-106.45990697499997,32.00819042300003,-106.35880264199994,31.94944202000005"
233,"-103.15181397899994,44.09425974800007,-103.34376467599998,43.270518587000026,-104.30317966199999,43.249494852000055,-104.38082808299998,43.09409111900004,-104.85874658499995,43.03703250700005,-105.13188622699994,42.82721761800008,-105.49869951399995,42.759849186000054,-105.49869951399995,42.759849186000054,-105.49869951399995,42.759849186000054"
234,"-106.25686118899995,42.84379622000006,-105.49869951399995,42.759849186000054,-105.05092319499994,42.417609225000035,-105.04822148499994,42.26143994500006,-104.86110878299996,42.09161640600007,-104.82827708199994,41.10838688300004,-104.93749363399996,40.969161247000045,-104.93781816899997,40.719153876000064,-104.98614368099999,40.36264427900005,-104.93901045599995,39.79760543800006,-104.79293946799999,39.79878469500005,-104.76515397899999,39.42986063800004,-104.70090840499995,39.35497658200006,-104.70395907799997,38.66509006100006"
235,"-104.82827708199994,41.10838688300004,-103.10312355399998,41.21606942000005,-100.83010008699995,41.14478578100005,-100.83010008699995,41.14478578100005"
236,"-76.03474532999996,40.32457539200004,-76.72962465099994,40.898283725000056,-76.95158187999994,41.23289528500004,-76.87484576699995,41.61694433100007,-76.89667383499994,42.00560608400008,-76.96023373099996,42.128825482000025,-77.62601554199995,42.59854647600008,-77.82753213699993,42.947986170000036,-77.66771333199995,43.14618205800008"
237,"-77.82753213699993,42.947986170000036,-78.92487268699995,42.99200686700004"
238,"-76.03529235899998,40.32487839300006,-76.03093499199997,40.60355885600006,-75.96648562799999,40.72164281200003,-75.97964396199995,40.82410325300003,-76.02572493199995,40.87299375400005,-76.02883112599994,40.99006395200007,-76.10297683799996,41.09280251800004,-76.15817246599994,41.16388713900005,-75.90796763799995,41.26760730900003"
239,"-75.42568620999998,39.849416218000044,-75.46716063699995,40.05589357000008,-75.03209720299998,40.19010395300006,-74.82200571699997,40.29465254100006,-74.65001741499998,40.335657334000075,-74.48257280899998,40.51373490700007,-74.34269649399994,40.61419412400005,-74.28521076299995,40.65517861500007,-74.19040524399998,40.71180282200004,-74.16113242899996,40.714758861000064,-74.13266759499999,40.70884707700003,-74.12185637199997,40.728993702000025"
240,"-74.28515076099995,40.65521261500004,-74.23994417099993,40.64121906200006,-74.24421624999997,40.63609714800003,-74.22742965099997,40.612615678000054,-74.21298222499996,40.60468489100003"
241,"-75.17540231199996,39.82275750500003,-75.15825418199995,39.82134757500006,-75.10402274499995,39.85204653300008,-75.01102030999994,39.87613052200004,-74.86411564199994,39.99613205400004,-74.66017542399999,40.151614625000036,-74.64066682699996,40.27194869500005,-74.47448805599998,40.420162084000026,-74.46606186299994,40.43897369000007,-74.41163617399997,40.48838890500008,-74.32444734899997,40.53692061100003,-74.27614573499994,40.55068466200004,-74.26100850999995,40.595446878000075,-74.23839786899998,40.602564838000035,-74.24032595399996,40.60757773000006"
242,"-76.03215626599996,40.315053341000066,-75.99232355699996,40.24516018500003,-75.58866095599996,40.00803572400008,-75.39256429599999,39.872006095000074,-75.25554911099994,39.86286907500005,-75.18425689199995,39.82364946800004"
243,"-75.58866095599996,40.00803572400008,-75.57748725599998,40.234884100000045,-75.56410989699998,40.383940979000045,-75.53335464799994,40.470806853000056,-75.54905278599995,40.566590861000066,-75.5518146799999,40.62238742900007,-75.48146151599997,40.64489991600004"
244,"-75.42394622199998,39.85805409400007,-75.53875047599996,40.040607013000056,-75.82647775199996,40.06299332000003,-75.83951343199999,40.14980766300005,-76.03385632599998,40.319228364000026"
245,"-76.04799717999998,40.313155324000036,-76.51156982399993,40.27251536000006,-76.87950535199997,40.19232714200007,-77.43649001199998,40.24593195500006,-78.41726193599999,40.46072757500008,-78.74121394399998,40.442718659000036,-78.84384893199996,40.418846495000025,-79.42184173899994,40.43856535200007,-79.74333091499994,40.41774762000006,-79.94538425099995,40.48551480800006"
246,"-79.94497125499998,40.487180797000065,-79.95532310899995,40.60300838100005,-80.28467921799995,40.71669394400004,-80.37132420999995,40.71437918200007,-80.65574896999993,41.03385280900005,-81.48819172199995,41.09849400400003,-81.51557469099998,41.19131592200006,-83.44408675199998,41.203008139000076,-83.44744209999999,41.61852835900004,-83.49695558099995,41.63575341100005"
247,"-83.50307412499996,41.66611687100004,-83.50949026199999,41.74369644800004,-83.50147528799994,41.80443071800005,-83.45620246299995,41.888777756000025,-83.37469508899994,42.03427609200003,-83.34765642599996,42.09959840000005,-83.31374454899998,42.10861217100006,-83.30862598599998,42.25304241600003,-83.21504661999995,42.25919543400005,-83.19031987799997,42.29133609300004,-83.15364338699999,42.293837189000044"
248,"-82.54300452499996,27.86156109800004,-82.52690114899997,27.87400368400006,-82.52287503999997,27.984203769000032"
249,"-97.38299317799994,25.96636928600003,-97.38399341599995,25.976038261000042,-97.41833494499997,25.97970580200007,-97.46034496999994,25.999377163000077,-97.52269318199995,26.00237787900005,-97.52969485299997,25.997376686000052,-97.56970439999998,26.00204446600003,-97.5777063099999,26.000710815000048,-97.57903996199997,25.99304231800005,-97.59204306499998,25.994709383000043,-97.60371251699996,25.992375492000065,-97.61238125199998,25.985040409000078,-97.61238125199998,25.985040409000078"
250,"-97.38165952699995,25.966702699000052,-97.38265976499997,25.976371673000074,-97.41700129299994,25.980039215000033,-97.45901131899996,25.99971057600004,-97.52135952999998,26.002711292000072,-97.52836120099994,25.997710098000027,-97.53302898199996,25.994042557000057,-97.54303136899995,25.992042079000043,-97.55436740799996,25.99304231800005,-97.55936860099996,25.96503563500005,-97.57470088699995,25.96735935600003,-97.5777063099999,25.958700789000034,-97.58132729699997,25.960169405000045"
251,"-111.98493591999994,40.79339143400006,-112.17078301999999,40.754234576000044,-112.37060094499998,40.61045330300004,-112.41443682999994,40.35602839100005,-112.30110707199998,40.05562492900003,-112.22201141799997,39.94506215100006,-112.14377989399998,39.86897858300006,-112.32354482799997,39.58922105200003,-112.42409037099998,39.51775617700008,-112.67307003899998,39.547534916000075,-112.80701467199998,39.50366668600003,-112.83957725099998,39.36700188800006,-112.79096381499994,39.12742952900004,-112.84529941199997,38.84396682000005,-113.04721756199996,38.68271084000003,-113.06569190699997,38.391779575000044,-113.24361881999994,38.16776020700007,-113.26431636499996,37.939365243000054,-113.61252465299998,37.57762020600006,-113.62631382299998,37.47421823600007,-114.18601304199996,36.920091393000064,-114.34707951299998,36.88851947400008,-114.49924057299995,36.69472398900007,-114.61988114899998,36.66530072300003,-114.88026764199998,36.41131153200007,-114.936518665,36.27232913900008,-114.93311650899994,36.179864172000066,-115.14080811099996,36.17188550900005"
252,"-113.06254603499997,37.67792691600005,-113.35602933799998,37.86685396100006"
253,"-87.93596883199996,41.65424160200007,-87.94591046799997,41.70710533000005,-87.94890300299994,42.02454662400004,-87.89097077399998,42.06293618300003,-88.01671197299999,42.32202341300007,-88.06115089099995,42.60476577400004,-88.06690781199995,42.80090115100006,-88.06173106499995,42.90888838700005,-88.06364809999997,43.189909784000065,-88.13334901299999,43.26506500600004,-88.06958117999994,43.77752359200008,-88.04344477799998,43.83335741900004,-88.06226355799998,43.88763195000007,-88.01973521799994,44.335104208000075,-87.98713218599994,44.45537267900005,-87.98086190799995,44.45527673300006,-87.98240440699999,44.47318072100006,-87.96795824799995,44.493419850000066,-87.97005964299996,44.52151781600003,-88.00998393699996,44.53443744800006"
254,"-87.95938847399998,42.02746245700007,-89.12138847199998,42.21611461300006,-89.17696467799999,42.25938828200003"
255,"-89.17696467799999,42.25938828200003,-89.18493884799994,42.41186277000003,-89.13455716399994,42.55297352100007,-89.14094902199997,42.734710998000025,-89.15883648699997,42.851274370000056,-89.21817097599995,42.97624603700007,-89.30299857699998,43.03191273300007"
256,"-89.17696467799999,42.25938828200003,-89.16457666899998,42.14919785300003,-89.16619107699995,41.78793002000003"
257,"-87.94022387499996,41.69069343600006,-87.82371290399999,41.68180452900003,-87.81586246799998,41.67418264400004,-87.78132135799996,41.67418296400007,-87.72872501499995,41.64779161300004,-87.70085706899994,41.647058850000064,-87.61882241099994,41.65072552300006,-87.61332739999995,41.658936546000064,-87.54189100299999,41.65893716700003,-87.54189080599997,41.648966175000055,-87.51441585499998,41.647206406000066,-87.50578047699997,41.64251347700008,-87.47830484399998,41.643100607000065,-87.46733154399999,41.639299650000055,-87.46652933599995,41.62901965700007,-87.44281484399994,41.629025753000064"
258,"-88.04253702999995,41.64376780500004,-87.97483187499995,41.646224251000035,-87.97581807899996,41.65310122200003,-87.93596883199996,41.65424160200007"
259,"-87.69889372699998,41.634884932000034,-87.70085706899994,41.647058850000064,-87.70438932699994,41.65321778600003"
260,"-87.80197442199994,41.805755987000055,-87.89122508499997,41.72283073600005,-87.94022387499996,41.69069343600006,-87.96815510799996,41.664065264000044,-88.04506034199994,41.653030769000054"
261,"-87.47225863899996,41.63889263100003,-87.54192975299998,41.646225177000076,-87.54817068899996,41.63253914000006,-87.58742215599995,41.64075281000004,-87.69889372699998,41.634884932000034,-87.73264996799998,41.640165628000034,-87.84490651699997,41.637817562000066,-87.85354193599994,41.643684448000045,-87.93178543299996,41.64354668000004,-87.93596883199996,41.65424160200007,-87.47225863899996,41.63889263100003,-87.47228064399997,41.63911763100003,-87.47165862499998,41.63882963400005,-87.47225863899996,41.63889263100003,-87.46966908399997,41.61200065000003,-87.47225863899996,41.63889263100003"
262,"-87.46076479899995,41.60649169200008,-87.42283947999994,41.57678890300008,-86.99868393599996,41.599513872000045,-86.34938941399997,41.744714051000074,-86.24875571399997,41.77145183500005,-85.83526113399995,42.03177041400005,-85.61877395199997,42.15073136800004,-85.22451147199996,42.24366807100006,-84.9637675,42.24987640200004,-84.42345516099994,42.30779876400004"
263,"-84.42408517299998,42.30770776500003,-84.45016935299998,42.40375024100007,-84.243437,42.51220876200006,-84.45722296399998,42.76351339800004,-84.50854492399998,42.769661503000066,-84.52691472199996,42.861141375000045,-84.65085034999998,42.99111771500003,-84.62673910299998,43.39120364200005,-84.37536029599994,43.51440977300007,-84.23198919999999,43.56237627100006,-84.08887172899995,43.58564845800004,-84.08899489499998,43.622589025000025,-83.86440784499996,43.62013775300005"
264,"-84.64709088199999,42.789651624000044,-84.65086028699994,42.98871773800005"
265,"-86.25473451799996,41.787240618000055,-86.14425615599998,41.84792429200007,-86.12684010299995,42.77322044400006,-86.14275712599994,42.91536333600004,-86.21963114899995,43.03908934200007,-86.22988379499998,43.08460042300004"
266,"-87.46527395699997,41.61001767000005,-87.41567748599994,41.58511292800006,-86.98674772099997,41.60810994700006,-86.25473451799996,41.787240618000055"
267,"-88.04450436099995,41.65458076800007,-88.04626236699994,41.611802871000066,-87.99922763599994,41.60588310900005,-87.91093288199994,41.60777602700006,-87.86070270299996,41.54278586700008,-87.60454629799995,41.52476298000005,-87.51320055999997,41.529600422000044,-87.48222821899998,41.552030597000055,-87.46449990199994,41.60795367400004"
268,"-88.00041657899999,41.60211510700003,-87.99455487199998,41.50220941300006,-88.18300446099994,41.414604043000054"
269,"-88.18300446099994,41.414604043000054,-87.76659056099999,41.41955879600005,-87.75165774899995,41.40825887800003,-87.56550870899997,41.45759708000003,-87.50392832699998,41.47934942100005,-87.46683315899998,41.511609699000076,-87.46371086899995,41.607017678000034"
