transaction,published_date,published_time,volume,pump_rate,grade_id,path_id,DestStartDate,DestStartTime,DestEndDate,DestEndTime,status
PH-V95-989-PA,6/5/17,16:29:53,29700,3000,3,3,6/5/17,00:00:00,6/5/17,09:54:00,Scheduled
PH-D94-901-PA,6/5/17,16:29:53,10000,3000,43,3,6/5/17,09:54:00,6/5/17,13:14:00,Scheduled
PH-D94-901-PA,6/5/17,16:29:53,30000,3000,43,3,6/6/17,16:00:00,6/7/17,02:00:00,Scheduled
PH-D94-956-PA,6/5/17,16:29:53,37100,3000,43,3,6/7/17,02:00:00,6/7/17,14:22:00,Scheduled
PH-P8Y-957-PA,6/5/17,16:29:53,20000,3000,26,3,6/7/17,14:22:00,6/7/17,21:02:00,Scheduled
PH-D94-958-PA,6/5/17,16:29:53,35000,3000,43,3,6/7/17,21:02:00,6/8/17,08:42:00,Scheduled
PH-D8O-902-PA,6/5/17,16:29:53,120000,3000,44,3,6/8/17,08:42:00,6/10/17,00:42:00,Scheduled
PH-D8O-902-PA,6/5/17,16:29:53,30000,3000,44,3,6/10/17,10:00:00,6/10/17,20:00:00,Scheduled
PH-D8O-994-PA,6/5/17,16:29:53,31800,3000,44,3,6/10/17,20:00:00,6/11/17,06:35:00,Scheduled
PH-P8Y-995-PA,6/5/17,16:29:53,20000,3000,26,3,6/11/17,06:36:00,6/11/17,13:15:00,Scheduled
PH-D8O-996-PA,6/5/17,16:29:53,20000,3000,44,3,6/11/17,13:16:00,6/11/17,19:55:00,Scheduled
PH-D8O-996-PA,6/5/17,16:29:53,30000,2600,44,3,6/11/17,19:56:00,6/12/17,07:28:00,Scheduled
PH-V95-990-PA,6/5/17,16:29:53,61000,2600,3,3,6/12/17,07:28:00,06/13/17,06:55:00,Scheduled
PH-K81-993-PA,6/5/17,16:29:53,13000,2600,5,3,06/13/17,06:56:00,06/13/17,11:56:00,Scheduled
PH-K81-993-PA,6/5/17,16:29:53,30000,3000,5,3,06/13/17,11:56:00,06/13/17,21:55:00,Scheduled
PH-D94-903-PA,6/5/17,16:29:53,20000,3000,43,3,06/13/17,21:56:00,06/14/17,04:36:00,Scheduled
PH-D94-903-PA,6/5/17,16:29:53,30000,3000,43,3,06/16/17,10:00:00,06/16/17,20:00:00,Scheduled
PH-D94-998-PA,6/5/17,16:29:53,55000,3000,43,3,06/16/17,20:00:00,06/17/17,14:20:00,Scheduled
PH-K81-910-PA,6/5/17,16:29:53,44000,3000,5,3,06/17/17,14:20:00,06/18/17,05:00:00,Scheduled
PH-D8O-904-PA,6/5/17,16:29:53,5000,3000,44,3,06/18/17,05:00:00,06/18/17,06:40:00,Scheduled
PH-D8O-904-PA,6/5/17,16:29:53,30000,3000,44,3,06/19/17,10:00:00,06/19/17,20:00:00,Scheduled
PH-D94-906-PA,6/5/17,16:29:53,20000,3000,43,3,06/19/17,20:00:00,06/20/17,02:40:00,Scheduled
PH-D94-906-PA,6/5/17,16:29:53,30000,3000,43,3,06/21/17,20:00:00,06/22/17,06:00:00,Scheduled
PH-D94-900-PA,6/5/17,16:29:53,34900,3000,43,3,06/22/17,06:00:00,06/22/17,17:38:00,Scheduled
PH-P8Y-999-PA,6/5/17,16:29:53,20000,3000,26,3,06/22/17,17:38:00,06/23/17,00:18:00,Scheduled
PH-D8O-905-PA,6/5/17,16:29:53,5000,3000,44,3,06/23/17,00:18:00,06/23/17,01:58:00,Scheduled
PH-D8O-905-PA,6/5/17,16:29:53,30000,2600,44,3,06/23/17,01:58:00,06/23/17,13:30:00,Scheduled
PH-V95-914-PA,6/5/17,16:29:53,61000,2600,3,3,06/23/17,13:30:00,06/24/17,12:58:00,Scheduled
PH-D94-915-PA,6/5/17,16:29:53,5000,2600,43,3,06/24/17,12:58:00,06/24/17,14:53:00,Scheduled
PH-D94-915-PA,6/5/17,16:29:53,12900,2600,43,3,06/25/17,20:00:00,06/26/17,00:58:00,Scheduled
PH-D94-915-PA,6/5/17,16:29:53,17100,3000,43,3,06/26/17,00:58:00,06/26/17,06:40:00,Scheduled
PH-D8O-907-PA,6/5/17,16:29:53,2900,3000,44,3,06/26/17,06:40:00,06/26/17,07:38:00,Scheduled
PH-D8O-907-PA,6/5/17,16:29:53,10000,2600,44,3,06/26/17,07:38:00,06/26/17,11:28:00,Scheduled
PH-P8Y-908-PA,6/5/17,16:29:53,10000,2600,26,3,06/26/17,11:28:00,06/26/17,15:19:00,Scheduled
PH-V95-852-PA,6/5/17,16:29:56,29100,1150,3,2,6/5/17,00:00:00,6/6/17,01:18:00,Scheduled
PH-V95-852-PA,6/5/17,16:29:56,18600,1150,3,2,6/9/17,10:00:00,6/10/17,02:10:00,Scheduled
PH-V95-853-PA,6/5/17,16:29:56,66400,1150,3,2,6/10/17,02:10:00,6/12/17,11:55:00,Scheduled
PH-V95-853-PA,6/5/17,16:29:56,18600,1150,3,2,06/13/17,10:00:00,06/14/17,02:10:00,Scheduled
PH-V95-854-PA,6/5/17,16:29:56,66400,1150,3,2,06/14/17,02:10:00,06/16/17,11:55:00,Scheduled
PH-V95-854-PA,6/5/17,16:29:56,18600,1150,3,2,06/18/17,10:00:00,06/19/17,02:10:00,Scheduled
PH-V95-855-PA,6/5/17,16:29:56,66400,1150,3,2,06/19/17,02:10:00,06/21/17,11:55:00,Scheduled
PH-V95-855-PA,6/5/17,16:29:56,18600,1150,3,2,06/24/17,10:00:00,06/25/17,02:10:00,Scheduled
PH-V95-860-PA,6/5/17,16:29:56,25000,1150,3,2,06/25/17,02:10:00,06/25/17,23:55:00,Scheduled
PH-K81-859-PA,6/5/17,16:29:56,43000,1150,5,2,06/25/17,23:55:00,06/27/17,13:18:00,Scheduled
PH-V95-856-PA,6/5/17,16:29:56,85000,1150,3,2,06/27/17,13:18:00,06/30/17,15:13:00,Scheduled
PH-V95-858-PA,6/5/17,16:29:56,66400,1150,3,2,06/30/17,15:13:00,7/3/17,00:57:00,Scheduled
PH-D8O-700-PA,6/5/17,16:30:00,20000,1100,44,1,6/5/17,08:09:00,6/7/17,21:12:00,Scheduled
PH-D8O-700-PA,6/5/17,16:30:00,7700,1100,44,1,6/5/17,08:09:00,6/5/17,15:08:00,Scheduled
PH-D8O-700-PA,6/5/17,16:30:00,12300,1100,44,1,6/7/17,10:00:00,6/7/17,21:12:00,Scheduled
PH-P1U-710-PA,6/5/17,16:30:00,6000,1100,8,1,6/7/17,22:06:00,6/8/17,03:34:00,Scheduled
PH-V95-701-PA,6/5/17,16:30:00,13000,1100,3,1,6/8/17,18:06:00,6/9/17,05:56:00,Scheduled
PH-D8O-706-PA,6/5/17,16:30:00,20000,1100,44,1,6/9/17,07:45:00,6/11/17,03:04:00,Scheduled
PH-D8O-706-PA,6/5/17,16:30:00,8700,1100,44,1,6/9/17,07:45:00,6/9/17,15:38:00,Scheduled
PH-D8O-706-PA,6/5/17,16:30:00,11300,1600,44,1,6/10/17,20:00:00,6/11/17,03:04:00,Scheduled
PH-V95-707-PA,6/5/17,16:30:00,12000,1600,3,1,6/11/17,04:19:00,6/11/17,11:49:00,Scheduled
PH-D8O-708-PA,6/5/17,16:30:00,18000,1600,44,1,6/11/17,17:27:00,6/12/17,04:42:00,Scheduled
PH-V95-709-PA,6/5/17,16:30:00,14000,1600,3,1,06/16/17,10:49:00,06/16/17,19:34:00,Scheduled
PH-D8O-712-PA,6/5/17,16:30:00,20000,1600,44,1,06/16/17,20:12:00,06/17/17,08:42:00,Scheduled
PH-V95-713-PA,6/5/17,16:30:00,6000,1600,3,1,06/17/17,09:57:00,06/17/17,13:42:00,Scheduled
PH-D8O-717-PA,6/5/17,16:30:00,20000,1600,44,1,06/17/17,21:12:00,06/18/17,09:42:00,Scheduled
PH-V95-718-PA,6/5/17,16:30:00,12000,1600,3,1,06/18/17,10:57:00,06/18/17,18:27:00,Scheduled
PH-D8O-714-PA,6/5/17,16:30:00,23000,1600,44,1,06/18/17,19:42:00,06/22/17,04:28:00,Scheduled
PH-D8O-714-PA,6/5/17,16:30:00,2700,1600,44,1,06/18/17,19:42:00,06/18/17,21:22:00,Scheduled
PH-D8O-714-PA,6/5/17,16:30:00,20300,1100,44,1,06/21/17,10:00:00,06/22/17,04:28:00,Scheduled
PH-V95-715-PA,6/5/17,16:30:00,4000,1100,3,1,06/22/17,06:17:00,06/22/17,09:56:00,Scheduled
PH-D8O-716-PA,6/5/17,16:30:00,20000,1100,44,1,06/22/17,19:01:00,06/23/17,13:12:00,Scheduled
PH-P1U-729-PA,6/5/17,16:30:00,7000,1100,8,1,06/23/17,13:12:00,06/23/17,19:34:00,Scheduled
PH-D8O-730-PA,6/5/17,16:30:00,10700,1100,44,1,06/23/17,19:34:00,06/24/17,05:16:00,Scheduled
PH-D8O-730-PA,6/5/17,16:30:00,2300,1100,44,1,06/24/17,10:00:00,06/24/17,12:06:00,Scheduled
PH-V95-719-PA,6/5/17,16:30:00,9000,1100,3,1,06/24/17,14:50:00,06/24/17,23:01:00,Scheduled
PH-D8O-721-PA,6/5/17,16:30:00,20000,1100,44,1,06/25/17,02:39:00,06/26/17,21:12:00,Scheduled
PH-D8O-721-PA,6/5/17,16:30:00,18700,1100,44,1,06/25/17,02:39:00,06/25/17,19:38:00,Scheduled
PH-D8O-721-PA,6/5/17,16:30:00,1300,1100,44,1,06/26/17,20:00:00,06/26/17,21:12:00,Scheduled
PH-V95-722-PA,6/5/17,16:30:00,8000,1100,3,1,06/26/17,23:01:00,06/27/17,06:17:00,Scheduled
PH-D8O-723-PA,6/5/17,16:30:00,20000,1100,44,1,06/27/17,12:39:00,06/30/17,21:12:00,Scheduled
PH-D8O-723-PA,6/5/17,16:30:00,18700,1100,44,1,06/27/17,12:39:00,06/28/17,05:38:00,Scheduled
PH-D8O-723-PA,6/5/17,16:30:00,1300,1100,44,1,06/30/17,20:00:00,06/30/17,21:12:00,Scheduled
PH-V95-724-PA,6/5/17,16:30:00,14000,1100,3,1,06/30/17,23:01:00,7/1/17,11:45:00,Scheduled
PH-D8O-725-PA,6/5/17,16:30:00,18700,1100,44,1,7/1/17,12:39:00,7/2/17,05:38:00,Scheduled
PH-V95-787-PA,6/5/17,16:30:00,700,1100,3,4,6/5/17,00:00:00,6/5/17,00:38:00,Scheduled
PH-D8O-788-PA,6/5/17,16:30:00,3200,1100,44,4,6/5/17,00:38:00,6/5/17,03:35:00,Scheduled
PH-V95-789-PA,6/5/17,16:30:00,4000,1100,3,4,6/5/17,03:35:00,6/5/17,07:10:00,Scheduled
PH-Y2 -702-PA,6/5/17,16:30:00,1100,1100,11,4,6/5/17,07:10:00,6/5/17,08:09:00,Scheduled
PH-Y2 -702-PA,6/5/17,16:30:00,1000,1100,11,4,6/7/17,21:12:00,6/7/17,22:06:00,Scheduled
PH-Y2 -702-PA,6/5/17,16:30:00,3000,1100,11,4,6/8/17,15:23:00,6/8/17,18:06:00,Scheduled
PH-Y2 -702-PA,6/5/17,16:30:00,2000,1100,11,4,6/9/17,05:56:00,6/9/17,07:45:00,Scheduled
PH-Y2 -702-PA,6/5/17,16:30:00,2000,1600,11,4,6/11/17,03:04:00,6/11/17,04:19:00,Scheduled
PH-Y2 -702-PA,6/5/17,16:30:00,9000,1600,11,4,6/11/17,11:49:00,6/11/17,17:27:00,Scheduled
PH-Y2 -702-PA,6/5/17,16:30:00,1700,1600,11,4,6/12/17,04:42:00,6/12/17,05:45:00,Scheduled
PH-Y2 -702-PA,6/5/17,16:30:00,1300,1600,11,4,06/16/17,10:00:00,06/16/17,10:49:00,Scheduled
PH-Y2 -702-PA,6/5/17,16:30:00,1000,1600,11,4,06/16/17,19:34:00,06/16/17,20:12:00,Scheduled
PH-Y2 -702-PA,6/5/17,16:30:00,5900,1600,11,4,06/17/17,13:42:00,06/17/17,17:24:00,Scheduled
PH-D8O-790-PA,6/5/17,16:30:00,800,1600,44,4,06/17/17,17:24:00,06/17/17,17:54:00,Scheduled
PH-D8O-799-PA,6/5/17,16:30:00,1000,1600,44,4,06/17/17,17:54:00,06/17/17,18:33:00,Scheduled
PH-V95-791-PA,6/5/17,16:30:00,1800,1600,3,4,06/17/17,18:33:00,06/17/17,19:40:00,Scheduled
PH-D8O-792-PA,6/5/17,16:30:00,2500,1600,44,4,06/17/17,19:40:00,06/17/17,21:12:00,Scheduled
PH-D8O-792-PA,6/5/17,16:30:00,0,1600,44,4,06/18/17,09:42:00,06/18/17,09:44:00,Scheduled
PH-V95-793-PA,6/5/17,16:30:00,2000,1600,3,4,06/18/17,09:44:00,06/18/17,10:57:00,Scheduled
PH-V95-793-PA,6/5/17,16:30:00,2000,1600,3,4,06/18/17,18:27:00,06/18/17,19:42:00,Scheduled
PH-V95-793-PA,6/5/17,16:30:00,2000,1100,3,4,06/22/17,04:28:00,06/22/17,06:17:00,Scheduled
PH-V95-793-PA,6/5/17,16:30:00,10000,1100,3,4,06/22/17,09:56:00,06/22/17,19:01:00,Scheduled
PH-V95-793-PA,6/5/17,16:30:00,500,1100,3,4,06/24/17,12:06:00,06/24/17,12:32:00,Scheduled
PH-D8O-794-PA,6/5/17,16:30:00,1700,1100,44,4,06/24/17,12:32:00,06/24/17,14:04:00,Scheduled
PH-V95-795-PA,6/5/17,16:30:00,800,1100,3,4,06/24/17,14:04:00,06/24/17,14:50:00,Scheduled
PH-V95-795-PA,6/5/17,16:30:00,1700,1100,3,4,06/24/17,23:01:00,06/25/17,00:33:00,Scheduled
PH-D8O-796-PA,6/5/17,16:30:00,2300,1100,44,4,06/25/17,00:33:00,06/25/17,02:39:00,Scheduled
PH-D8O-796-PA,6/5/17,16:30:00,2000,1100,44,4,06/26/17,21:12:00,06/26/17,23:01:00,Scheduled
PH-D8O-796-PA,6/5/17,16:30:00,2000,1100,44,4,06/27/17,06:17:00,06/27/17,08:08:00,Scheduled
PH-V95-797-PA,6/5/17,16:30:00,5000,1100,3,4,06/27/17,08:08:00,06/27/17,12:39:00,Scheduled
PH-V95-797-PA,6/5/17,16:30:00,2000,1100,3,4,06/30/17,21:12:00,06/30/17,23:01:00,Scheduled
PH-V95-797-PA,6/5/17,16:30:00,1000,1100,3,4,7/1/17,11:45:00,7/1/17,12:39:00,Scheduled
PH-D94-140-05,6/5/17,16:29:43,12200,2700,43,13,6/5/17,00:00:00,6/5/17,04:31:00,Scheduled
PH-P8Y-133-05,6/5/17,16:29:43,20000,2700,26,13,6/5/17,04:31:00,6/5/17,11:55:00,Scheduled
PH-D8O-141-05,6/5/17,16:29:43,8200,2700,44,13,6/5/17,11:55:00,6/5/17,14:57:00,Scheduled
PH-D8O-141-05,6/5/17,16:29:43,84400,3000,44,13,6/5/17,14:57:00,6/6/17,19:04:00,Scheduled
PH-V95-126-05,6/5/17,16:29:43,60000,3000,3,13,6/6/17,19:04:00,6/7/17,15:04:00,Scheduled
PH-K81-127-05,6/5/17,16:29:43,21600,3000,5,13,6/7/17,15:04:00,6/7/17,22:17:00,Scheduled
PH-D8O-136-05,6/5/17,16:29:43,3500,3000,44,13,6/7/17,22:17:00,6/7/17,23:27:00,Scheduled
PH-D94-156-05,6/5/17,16:29:43,8400,1400,43,13,6/7/17,23:27:00,6/8/17,05:26:00,Scheduled
PH-D94-156-05,6/5/17,16:29:43,49600,3000,43,13,6/8/17,05:27:00,6/8/17,21:59:00,Scheduled
PH-P8Y-170-05,6/5/17,16:29:43,20000,3000,26,13,6/8/17,21:59:00,6/9/17,04:38:00,Scheduled
PH-D8O-171-05,6/5/17,16:29:43,92500,3000,44,13,6/9/17,04:39:00,6/10/17,11:29:00,Scheduled
PH-V95-131-05,6/5/17,16:29:43,80000,3000,3,13,6/10/17,11:29:00,6/11/17,14:09:00,Scheduled
PH-K81-132-05,6/5/17,16:29:43,22000,3000,5,13,6/11/17,14:09:00,6/11/17,21:29:00,Scheduled
PH-D8O-161-05,6/5/17,16:29:43,3500,3000,44,13,6/11/17,21:29:00,6/11/17,22:39:00,Scheduled
PH-D94-162-05,6/5/17,16:29:43,58000,3000,43,13,6/11/17,22:39:00,6/12/17,17:59:00,Scheduled
PH-D8O-205-05,6/5/17,16:29:43,58000,3000,44,13,6/12/17,17:59:00,06/13/17,13:19:00,Scheduled
PH-P1U-206-05,6/5/17,16:29:43,15000,3000,8,13,06/13/17,14:59:00,06/13/17,19:59:00,Scheduled
PH-D8O-207-05,6/5/17,16:29:43,34500,3000,44,13,06/13/17,19:59:00,06/14/17,07:29:00,Scheduled
PH-V95-165-05,6/5/17,16:29:43,70000,3000,3,13,06/14/17,07:29:00,06/15/17,06:48:00,Scheduled
PH-K81-166-05,6/5/17,16:29:43,22000,3000,5,13,06/15/17,06:49:00,06/15/17,14:09:00,Scheduled
PH-D8O-157-05,6/5/17,16:29:43,3500,3000,44,13,06/15/17,14:09:00,06/15/17,15:18:00,Scheduled
PH-D94-158-05,6/5/17,16:29:43,58000,3000,43,13,06/15/17,15:19:00,06/16/17,10:38:00,Scheduled
PH-D8O-213-05,6/5/17,16:29:43,58000,3000,44,13,06/16/17,10:39:00,06/17/17,05:59:00,Scheduled
PH-P1U-214-05,6/5/17,16:29:43,17000,3000,8,13,06/17/17,06:59:00,06/17/17,12:38:00,Scheduled
PH-D8O-215-05,6/5/17,16:29:43,34500,3000,44,13,06/17/17,12:39:00,06/18/17,00:09:00,Scheduled
PH-V95-175-05,6/5/17,16:29:43,70000,3000,3,13,06/18/17,00:09:00,06/18/17,23:29:00,Scheduled
PH-K81-176-05,6/5/17,16:29:43,22000,3000,5,13,06/18/17,23:29:00,06/19/17,06:49:00,Scheduled
PH-D8O-177-05,6/5/17,16:29:43,3500,3000,44,13,06/19/17,06:49:00,06/19/17,07:59:00,Scheduled
PH-D94-178-05,6/5/17,16:29:43,58000,3000,43,13,06/19/17,07:59:00,06/20/17,03:19:00,Scheduled
PH-P8Y-216-05,6/5/17,16:29:43,20000,3000,26,13,06/20/17,03:19:00,06/20/17,09:58:00,Scheduled
PH-D8O-217-05,6/5/17,16:29:43,92500,3000,44,13,06/20/17,09:59:00,06/21/17,16:49:00,Scheduled
PH-V95-182-05,6/5/17,16:29:43,70000,3000,3,13,06/21/17,16:49:00,06/22/17,16:09:00,Scheduled
PH-K81-184-05,6/5/17,16:29:43,22000,3000,5,13,06/22/17,16:09:00,06/22/17,23:28:00,Scheduled
PH-D8O-185-05,6/5/17,16:29:43,3500,3000,44,13,06/22/17,23:29:00,06/23/17,00:39:00,Scheduled
PH-D94-186-05,6/5/17,16:29:43,58000,3000,43,13,06/23/17,00:39:00,06/23/17,19:58:00,Scheduled
PH-P8Y-211-05,6/5/17,16:29:43,20000,3000,26,13,06/23/17,19:59:00,06/24/17,02:38:00,Scheduled
PH-D8O-212-05,6/5/17,16:29:43,92500,3000,44,13,06/24/17,02:39:00,06/25/17,09:29:00,Scheduled
PH-V95-190-05,6/5/17,16:29:43,70000,3000,3,13,06/25/17,09:29:00,06/26/17,08:49:00,Scheduled
PH-K81-191-05,6/5/17,16:29:43,22000,3000,5,13,06/26/17,08:49:00,06/26/17,16:08:00,Scheduled
PH-D8O-192-05,6/5/17,16:29:43,3500,3000,44,13,06/26/17,16:09:00,06/26/17,17:18:00,Scheduled
PH-D94-193-05,6/5/17,16:29:43,58000,3000,43,13,06/26/17,17:19:00,06/27/17,12:39:00,Scheduled
PH-D8O-194-05,6/5/17,16:29:43,58000,3000,44,13,06/27/17,12:39:00,06/28/17,07:58:00,Scheduled
PH-P1U-195-05,6/5/17,16:29:43,12000,3000,8,13,06/28/17,10:39:00,06/28/17,14:38:00,Scheduled
PH-D8O-196-05,6/5/17,16:29:43,34500,3000,44,13,06/28/17,14:39:00,06/29/17,02:09:00,Scheduled
PH-V95-197-05,6/5/17,16:29:43,70000,3000,3,13,06/29/17,02:09:00,06/30/17,01:28:00,Scheduled
PH-K81-198-05,6/5/17,16:29:43,22000,3000,5,13,06/30/17,01:29:00,06/30/17,08:48:00,Scheduled
PH-D8O-199-05,6/5/17,16:29:43,3500,3000,44,13,06/30/17,08:49:00,06/30/17,09:59:00,Scheduled
PH-D94-200-05,6/5/17,16:29:43,58000,3000,43,13,06/30/17,09:59:00,7/1/17,05:18:00,Scheduled
PH-D8O-218-05,6/5/17,16:29:43,58000,3000,44,13,7/1/17,05:19:00,7/2/17,00:38:00,Scheduled
PH-P1U-220-05,6/5/17,16:29:43,17000,3000,8,13,7/2/17,01:39:00,7/2/17,07:18:00,Scheduled
PH-D8O-221-05,6/5/17,16:29:43,34500,3000,44,13,7/2/17,07:19:00,7/2/17,18:48:00,Scheduled
PH-V95-222-05,6/5/17,16:29:43,70000,3000,3,13,7/2/17,18:49:00,7/3/17,18:08:00,Scheduled
PH-K81-223-05,6/5/17,16:29:43,22000,3000,5,13,7/3/17,18:09:00,7/4/17,01:28:00,Scheduled
PH-D8O-224-05,6/5/17,16:29:43,3500,3000,44,13,7/4/17,01:29:00,7/4/17,02:38:00,Scheduled
PH-D94-225-05,6/5/17,16:29:43,58000,3000,43,13,7/4/17,02:39:00,7/4/17,21:59:00,Scheduled
PH-P8Y-226-05,6/5/17,16:29:43,20000,3000,26,13,7/4/17,21:59:00,7/5/17,04:38:00,Scheduled
PH-D8O-227-05,6/5/17,16:29:43,92500,3000,44,13,7/5/17,04:39:00,7/6/17,11:29:00,Scheduled
PH-V95-626-21,6/5/17,16:29:51,9300,2700,3,5,6/5/17,00:00:00,6/5/17,03:26:00,Scheduled
PH-K81-663-21,6/5/17,16:29:51,22000,2700,5,5,6/5/17,03:26:00,6/5/17,11:35:00,Scheduled
PH-V95-664-21,6/5/17,16:29:51,900,2700,3,5,6/5/17,11:35:00,6/5/17,11:55:00,Scheduled
PH-V95-664-21,6/5/17,16:29:51,24000,4000,3,5,6/5/17,11:55:00,6/5/17,17:56:00,Scheduled
PH-V95-664-21,6/5/17,16:29:51,6000,3000,3,5,6/5/17,17:56:00,6/5/17,19:56:00,Scheduled
PH-V95-664-21,6/5/17,16:29:51,64000,4000,3,5,6/5/17,19:56:00,6/6/17,11:56:00,Scheduled
PH-D8O-662-21,6/5/17,16:29:51,7700,4000,44,5,6/6/17,11:56:00,6/6/17,13:52:00,Scheduled
PH-D94-665-21,6/5/17,16:29:51,58000,4000,43,5,6/6/17,13:52:00,6/7/17,04:22:00,Scheduled
PH-P8Y-576-21,6/5/17,16:29:51,20000,3000,26,5,6/7/17,04:22:00,6/7/17,11:02:00,Scheduled
PH-D8O-628-21,6/5/17,16:29:51,24000,3000,44,5,6/7/17,11:02:00,6/7/17,19:03:00,Scheduled
PH-P1U-631-21,6/5/17,16:29:51,6000,3000,8,5,6/7/17,19:03:00,6/7/17,21:03:00,Scheduled
PH-D8O-501-21,6/5/17,16:29:51,3700,3000,44,5,6/7/17,21:03:00,6/7/17,22:17:00,Scheduled
PH-D8O-501-21,6/5/17,16:29:51,94800,4000,44,5,6/7/17,22:17:00,6/8/17,21:59:00,Scheduled
PH-D8O-501-21,6/5/17,16:29:51,20000,3000,44,5,6/8/17,21:59:00,6/9/17,04:39:00,Scheduled
PH-D8O-501-21,6/5/17,16:29:51,43400,4000,44,5,6/9/17,04:39:00,6/9/17,15:29:00,Scheduled
PH-K81-577-21,6/5/17,16:29:51,21600,4000,5,5,6/9/17,15:29:00,6/9/17,20:54:00,Scheduled
PH-D8O-581-21,6/5/17,16:29:51,25000,4000,44,5,6/9/17,20:54:00,6/10/17,03:08:00,Scheduled
PH-V95-529-21,6/5/17,16:29:51,45000,4000,3,5,6/10/17,03:09:00,6/10/17,14:24:00,Scheduled
PH-D8O-669-21,6/5/17,16:29:51,24800,4000,44,5,6/10/17,14:24:00,6/10/17,20:36:00,Scheduled
PH-P8Y-610-21,6/5/17,16:29:51,20000,3000,26,5,6/10/17,20:36:00,6/11/17,03:16:00,Scheduled
PH-D8O-607-21,6/5/17,16:29:51,43500,4000,44,5,6/11/17,03:16:00,6/11/17,14:08:00,Scheduled
PH-D8O-607-21,6/5/17,16:29:51,6500,3000,44,5,6/11/17,14:09:00,6/11/17,16:18:00,Scheduled
PH-D94-578-21,6/5/17,16:29:51,15500,3000,43,5,6/11/17,16:18:00,6/11/17,21:29:00,Scheduled
PH-D94-578-21,6/5/17,16:29:51,34500,3500,43,5,6/11/17,21:29:00,6/12/17,07:19:00,Scheduled
PH-V95-584-21,6/5/17,16:29:51,110800,3500,3,5,6/12/17,07:19:00,06/13/17,14:58:00,Scheduled
PH-V95-584-21,6/5/17,16:29:51,12600,3000,3,5,06/13/17,14:59:00,06/13/17,19:09:00,Scheduled
PH-K81-604-21,6/5/17,16:29:51,2400,3000,5,5,06/13/17,19:10:00,06/13/17,19:58:00,Scheduled
PH-K81-604-21,6/5/17,16:29:51,19600,3500,5,5,06/13/17,19:59:00,06/14/17,01:34:00,Scheduled
PH-V95-601-21,6/5/17,16:29:51,50000,3500,3,5,06/14/17,01:34:00,06/14/17,15:51:00,Scheduled
PH-D8O-605-21,6/5/17,16:29:51,25000,3500,44,5,06/14/17,15:51:00,06/14/17,22:59:00,Scheduled
PH-D94-633-21,6/5/17,16:29:51,27400,3500,43,5,06/14/17,22:59:00,06/15/17,06:49:00,Scheduled
PH-D94-633-21,6/5/17,16:29:51,22000,3000,43,5,06/15/17,06:49:00,06/15/17,14:09:00,Scheduled
PH-D94-633-21,6/5/17,16:29:51,600,3500,43,5,06/15/17,14:09:00,06/15/17,14:19:00,Scheduled
PH-D8O-634-21,6/5/17,16:29:51,20200,3500,44,5,06/15/17,14:19:00,06/15/17,20:06:00,Scheduled
PH-P1U-670-21,6/5/17,16:29:51,15000,3500,8,5,06/15/17,20:07:00,06/16/17,00:24:00,Scheduled
PH-D8O-671-21,6/5/17,16:29:51,75000,3500,44,5,06/16/17,00:24:00,06/16/17,21:49:00,Scheduled
PH-V95-630-21,6/5/17,16:29:51,32000,3500,3,5,06/16/17,21:49:00,06/17/17,06:58:00,Scheduled
PH-V95-630-21,6/5/17,16:29:51,14900,3000,3,5,06/17/17,06:58:00,06/17/17,11:56:00,Scheduled
PH-K81-635-21,6/5/17,16:29:51,2100,3000,5,5,06/17/17,11:56:00,06/17/17,12:38:00,Scheduled
PH-K81-635-21,6/5/17,16:29:51,19900,3500,5,5,06/17/17,12:38:00,06/17/17,18:19:00,Scheduled
PH-V95-636-21,6/5/17,16:29:51,50000,3500,3,5,06/17/17,18:19:00,06/18/17,08:37:00,Scheduled
PH-D94-637-21,6/5/17,16:29:51,50000,3500,43,5,06/18/17,08:37:00,06/18/17,22:54:00,Scheduled
PH-D8O-672-21,6/5/17,16:29:51,2000,3500,44,5,06/18/17,22:54:00,06/18/17,23:29:00,Scheduled
PH-D8O-672-21,6/5/17,16:29:51,22000,3000,44,5,06/18/17,23:29:00,06/19/17,06:48:00,Scheduled
PH-D8O-672-21,6/5/17,16:29:51,18900,3500,44,5,06/19/17,06:49:00,06/19/17,12:12:00,Scheduled
PH-P1U-638-21,6/5/17,16:29:51,17000,3000,8,5,06/19/17,12:12:00,06/19/17,17:52:00,Scheduled
PH-D8O-673-21,6/5/17,16:29:51,25000,3000,44,5,06/19/17,17:52:00,06/20/17,02:12:00,Scheduled
PH-D94-639-21,6/5/17,16:29:51,23300,3000,43,5,06/20/17,02:12:00,06/20/17,09:59:00,Scheduled
PH-D94-639-21,6/5/17,16:29:51,26700,3500,43,5,06/20/17,09:59:00,06/20/17,17:36:00,Scheduled
PH-V95-674-21,6/5/17,16:29:51,46900,3500,3,5,06/20/17,17:36:00,06/21/17,07:00:00,Scheduled
PH-K81-644-21,6/5/17,16:29:51,22000,3500,5,5,06/21/17,07:00:00,06/21/17,13:17:00,Scheduled
PH-V95-646-21,6/5/17,16:29:51,25000,3500,3,5,06/21/17,13:17:00,06/21/17,20:26:00,Scheduled
PH-D94-647-21,6/5/17,16:29:51,39200,3500,43,5,06/21/17,20:26:00,06/22/17,07:38:00,Scheduled
PH-P8Y-649-21,6/5/17,16:29:51,20000,3000,26,5,06/22/17,07:38:00,06/22/17,14:18:00,Scheduled
PH-D94-650-21,6/5/17,16:29:51,6400,3500,43,5,06/22/17,14:18:00,06/22/17,16:09:00,Scheduled
PH-D94-650-21,6/5/17,16:29:51,18600,3000,43,5,06/22/17,16:09:00,06/22/17,22:19:00,Scheduled
PH-D8O-652-21,6/5/17,16:29:51,3400,3000,44,5,06/22/17,22:20:00,06/22/17,23:29:00,Scheduled
PH-D8O-652-21,6/5/17,16:29:51,71600,3500,44,5,06/22/17,23:29:00,06/23/17,19:55:00,Scheduled
PH-V95-602-21,6/5/17,16:29:51,200,3500,3,5,06/23/17,19:55:00,06/23/17,19:59:00,Scheduled
PH-V95-602-21,6/5/17,16:29:51,20000,3000,3,5,06/23/17,19:59:00,06/24/17,02:39:00,Scheduled
PH-V95-602-21,6/5/17,16:29:51,66000,3500,3,5,06/24/17,02:39:00,06/24/17,21:31:00,Scheduled
PH-K81-659-21,6/5/17,16:29:51,22000,3500,5,5,06/24/17,21:31:00,06/25/17,03:48:00,Scheduled
PH-V95-660-21,6/5/17,16:29:51,50000,3500,3,5,06/25/17,03:48:00,06/25/17,18:05:00,Scheduled
PH-D94-675-21,6/5/17,16:29:51,21800,3500,43,5,06/25/17,18:05:00,06/26/17,00:18:00,Scheduled
PH-P8Y-676-21,6/5/17,16:29:51,20000,3000,26,5,06/26/17,00:18:00,06/26/17,06:58:00,Scheduled
PH-D94-677-21,6/5/17,16:29:51,6400,3500,43,5,06/26/17,06:58:00,06/26/17,08:49:00,Scheduled
PH-D94-677-21,6/5/17,16:29:51,22000,3000,43,5,06/26/17,08:49:00,06/26/17,16:09:00,Scheduled
PH-D94-677-21,6/5/17,16:29:51,21600,3500,43,5,06/26/17,16:09:00,06/26/17,22:18:00,Scheduled
PH-D8O-655-21,6/5/17,16:29:51,75000,3500,44,5,06/26/17,22:18:00,06/27/17,19:44:00,Scheduled
PH-V95-657-21,6/5/17,16:29:51,52200,3500,3,5,06/27/17,19:44:00,06/28/17,10:39:00,Scheduled
PH-V95-657-21,6/5/17,16:29:51,9000,3000,3,5,06/28/17,10:39:00,06/28/17,13:39:00,Scheduled
PH-K81-678-21,6/5/17,16:29:51,3000,3000,5,5,06/28/17,13:40:00,06/28/17,14:39:00,Scheduled
PH-K81-678-21,6/5/17,16:29:51,19000,3500,5,5,06/28/17,14:39:00,06/28/17,20:05:00,Scheduled
PH-V95-653-21,6/5/17,16:29:51,25000,3500,3,5,06/28/17,20:05:00,06/29/17,03:14:00,Scheduled
PH-D94-656-21,6/5/17,16:29:51,75000,3500,43,5,06/29/17,03:14:00,06/30/17,00:39:00,Scheduled
PH-D8O-640-21,6/5/17,16:29:51,2900,3500,44,5,06/30/17,00:39:00,06/30/17,01:28:00,Scheduled
PH-D8O-640-21,6/5/17,16:29:51,45900,3000,44,5,06/30/17,01:28:00,06/30/17,16:46:00,Scheduled
PH-P1U-654-21,6/5/17,16:29:51,12000,3000,8,5,06/30/17,16:46:00,06/30/17,20:46:00,Scheduled
PH-D8O-679-21,6/5/17,16:29:51,25000,3000,44,5,06/30/17,20:46:00,7/1/17,05:06:00,Scheduled
PH-D94-680-21,6/5/17,16:29:51,50000,3000,43,5,7/1/17,05:06:00,7/1/17,21:46:00,Scheduled
PH-V95-681-21,6/5/17,16:29:51,46900,3000,3,5,7/1/17,21:46:00,7/2/17,13:24:00,Scheduled
PH-K81-682-21,6/5/17,16:29:51,22000,3000,5,5,7/2/17,13:24:00,7/2/17,20:44:00,Scheduled
PH-V95-683-21,6/5/17,16:29:51,25000,3000,3,5,7/2/17,20:44:00,7/3/17,05:04:00,Scheduled
PH-D94-684-21,6/5/17,16:29:51,55000,3000,43,5,7/3/17,05:04:00,7/3/17,23:24:00,Scheduled
PH-D8O-685-21,6/5/17,16:29:51,7200,3000,44,5,7/3/17,23:24:00,7/4/17,01:48:00,Scheduled
CO-V95-847-PC,6/5/17,14:40:07,3000,1651,3,11,6/5/17,00:00:00,6/5/17,01:49:00,Scheduled
CO-V95-847-PC,6/5/17,14:40:07,5100,1667,3,11,6/5/17,01:49:00,6/5/17,04:53:00,Scheduled
CO-V95-847-PC,6/5/17,14:40:07,900,1695,3,11,6/5/17,04:53:00,6/5/17,05:24:00,Scheduled
CO-D6S-848-PC,6/5/17,14:40:07,14000,1700,9,11,6/5/17,05:24:00,6/5/17,13:39:00,Scheduled
CO-D6S-848-PC,6/5/17,14:40:07,7600,1900,9,11,6/5/17,13:39:00,6/5/17,17:39:00,Scheduled
CO-D6S-848-PC,6/5/17,14:40:07,3400,1853,9,11,6/5/17,17:39:00,6/5/17,19:29:00,Scheduled
CO-P1U-849-PC,6/5/17,14:40:07,7300,1833,8,11,6/5/17,19:29:00,6/5/17,23:29:00,Scheduled
CO-P1U-849-PC,6/5/17,14:40:07,900,1788,8,11,6/5/17,23:29:00,6/6/17,00:00:00,Scheduled
CO-P1U-849-PC,6/5/17,14:40:07,5700,1782,8,11,6/6/17,00:00:00,6/6/17,03:13:00,Scheduled
CO-P1U-849-PC,6/5/17,14:40:07,6000,1839,8,11,6/6/17,03:13:00,6/6/17,06:29:00,Scheduled
CO-V95-850-PC,6/5/17,14:40:07,4600,1839,3,11,6/6/17,06:29:00,6/6/17,08:59:00,Scheduled
CO-V95-850-PC,6/5/17,14:40:07,7500,1868,3,11,6/6/17,08:59:00,6/6/17,12:59:00,Scheduled
CO-V95-850-PC,6/5/17,14:40:07,7700,1917,3,11,6/6/17,12:59:00,6/6/17,16:59:00,Scheduled
CO-V95-850-PC,6/5/17,14:40:07,600,1966,3,11,6/6/17,16:59:00,6/6/17,17:18:00,Scheduled
CO-V95-850-PC,6/5/17,14:40:07,4700,1970,3,11,6/6/17,17:18:00,6/6/17,19:39:00,Scheduled
CO-D6S-851-PC,6/5/17,14:40:07,27000,2000,9,11,6/6/17,19:39:00,6/7/17,09:09:00,Scheduled
CO-D6S-851-PC,6/5/17,14:40:07,7000,1757,9,11,6/7/17,09:09:00,6/7/17,13:09:00,Scheduled
CO-D6S-851-PC,6/5/17,14:40:07,6200,1544,9,11,6/7/17,13:09:00,6/7/17,17:09:00,Scheduled
CO-D6S-851-PC,6/5/17,14:40:07,3800,1357,9,11,6/7/17,17:09:00,6/7/17,19:57:00,Scheduled
CO-D6S-851-PC,6/5/17,14:40:07,5000,1242,9,11,6/7/17,19:57:00,6/7/17,23:57:00,Scheduled
CO-D6S-851-PC,6/5/17,14:40:07,100,1091,9,11,6/7/17,23:57:00,6/8/17,00:00:00,Scheduled
CO-D6S-851-PC,6/5/17,14:40:07,1000,1090,9,11,6/8/17,00:00:00,6/8/17,00:54:00,Scheduled
CO-K81-852-PC,6/5/17,14:40:07,18200,1060,5,11,6/8/17,00:54:00,6/8/17,18:06:00,Scheduled
CO-K81-852-PC,6/5/17,14:40:07,4800,1189,5,11,6/8/17,18:06:00,6/8/17,22:06:00,Scheduled
CO-K81-852-PC,6/5/17,14:40:07,2000,1333,5,11,6/8/17,22:06:00,6/8/17,23:37:00,Scheduled
CO-K81-853-PC,6/5/17,14:40:07,500,1394,5,11,6/8/17,23:37:00,6/9/17,00:00:00,Scheduled
CO-K81-853-PC,6/5/17,14:40:07,5600,1410,5,11,6/9/17,00:00:00,6/9/17,04:00:00,Scheduled
CO-K81-853-PC,6/5/17,14:40:07,2800,1581,5,11,6/9/17,04:00:00,6/9/17,05:47:00,Scheduled
CO-K81-853-PC,6/5/17,14:40:07,2400,1666,5,11,6/9/17,05:47:00,6/9/17,07:12:00,Scheduled
CO-K81-853-PC,6/5/17,14:40:07,6900,1723,5,11,6/9/17,07:12:00,6/9/17,11:12:00,Scheduled
CO-K81-853-PC,6/5/17,14:40:07,1700,1888,5,11,6/9/17,11:12:00,6/9/17,12:07:00,Scheduled
CO-P1U-854-PC,6/5/17,14:40:07,6500,1929,8,11,6/9/17,12:07:00,6/9/17,15:31:00,Scheduled
CO-P1U-854-PC,6/5/17,14:40:07,7500,1887,8,11,6/9/17,15:31:00,6/9/17,19:31:00,Scheduled
CO-P1U-854-PC,6/5/17,14:40:07,4900,1838,8,11,6/9/17,19:31:00,6/9/17,22:11:00,Scheduled
CO-P1U-854-PC,6/5/17,14:40:07,1000,1806,8,11,6/9/17,22:11:00,6/9/17,22:44:00,Scheduled
CO-V95-855-PC,6/5/17,14:40:07,2300,1806,3,11,6/9/17,22:44:00,6/10/17,00:00:00,Scheduled
CO-V95-855-PC,6/5/17,14:40:07,7300,1821,3,11,6/10/17,00:00:00,6/10/17,04:00:00,Scheduled
CO-V95-855-PC,6/5/17,14:40:07,7500,1868,3,11,6/10/17,04:00:00,6/10/17,08:00:00,Scheduled
CO-V95-855-PC,6/5/17,14:40:07,7700,1916,3,11,6/10/17,08:00:00,6/10/17,12:00:00,Scheduled
CO-V95-855-PC,6/5/17,14:40:07,5300,1966,3,11,6/10/17,12:00:00,6/10/17,14:42:00,Scheduled
CO-D6S-856-PC,6/5/17,14:40:07,21300,2000,9,11,6/10/17,14:42:00,6/11/17,01:20:00,Scheduled
CO-D6S-856-PC,6/5/17,14:40:07,7900,1985,9,11,6/11/17,01:20:00,6/11/17,05:20:00,Scheduled
CO-D6S-856-PC,6/5/17,14:40:07,7700,1934,9,11,6/11/17,05:20:00,6/11/17,09:20:00,Scheduled
CO-D6S-856-PC,6/5/17,14:40:07,600,1884,9,11,6/11/17,09:20:00,6/11/17,09:39:00,Scheduled
CO-D6S-856-PC,6/5/17,14:40:07,6400,1880,9,11,6/11/17,09:39:00,6/11/17,13:05:00,Scheduled
CO-D6S-856-PC,6/5/17,14:40:07,6000,1839,9,11,6/11/17,13:05:00,6/11/17,16:21:00,Scheduled
CO-V95-857-PC,6/5/17,14:40:07,7400,1839,3,11,6/11/17,16:21:00,6/11/17,20:21:00,Scheduled
CO-V95-857-PC,6/5/17,14:40:07,6900,1886,3,11,6/11/17,20:21:00,6/12/17,00:00:00,Scheduled
CO-V95-857-PC,6/5/17,14:40:07,4800,1931,3,11,6/12/17,00:00:00,6/12/17,02:28:00,Scheduled
CO-V95-857-PC,6/5/17,14:40:07,5800,1961,3,11,6/12/17,02:28:00,6/12/17,05:26:00,Scheduled
CO-V95-857-PC,6/5/17,14:40:07,200,1999,3,11,6/12/17,05:26:00,6/12/17,05:31:00,Scheduled
CO-D6S-858-PC,6/5/17,14:40:07,16400,2000,9,11,6/12/17,05:31:00,6/12/17,13:44:00,Scheduled
CO-D6S-858-PC,6/5/17,14:40:07,7900,1984,9,11,6/12/17,13:44:00,6/12/17,17:44:00,Scheduled
CO-D6S-858-PC,6/5/17,14:40:07,600,1933,9,11,6/12/17,17:44:00,6/12/17,18:04:00,Scheduled
CO-P1U-859-PC,6/5/17,14:40:07,7700,1929,8,11,6/12/17,18:04:00,6/12/17,22:04:00,Scheduled
CO-P1U-859-PC,6/5/17,14:40:07,3600,1879,8,11,6/12/17,22:04:00,06/13/17,00:00:00,Scheduled
CO-P1U-859-PC,6/5/17,14:40:07,7400,1856,8,11,06/13/17,00:00:00,06/13/17,04:00:00,Scheduled
CO-P1U-859-PC,6/5/17,14:40:07,200,1808,8,11,06/13/17,04:00:00,06/13/17,04:07:00,Scheduled
CO-P1U-859-PC,6/5/17,14:40:07,1000,1806,8,11,06/13/17,04:07:00,06/13/17,04:40:00,Scheduled
CO-V95-860-PC,6/5/17,14:40:07,7200,1806,3,11,06/13/17,04:40:00,06/13/17,08:40:00,Scheduled
CO-V95-860-PC,6/5/17,14:40:07,1600,1853,3,11,06/13/17,08:40:00,06/13/17,09:31:00,Scheduled
CO-V95-860-PC,6/5/17,14:40:07,7500,1863,3,11,06/13/17,09:31:00,06/13/17,13:31:00,Scheduled
CO-V95-860-PC,6/5/17,14:40:07,7600,1911,3,11,06/13/17,13:31:00,06/13/17,17:31:00,Scheduled
CO-V95-860-PC,6/5/17,14:40:07,600,1961,3,11,06/13/17,17:31:00,06/13/17,17:50:00,Scheduled
CO-V95-860-PC,6/5/17,14:40:07,5500,1965,3,11,06/13/17,17:50:00,06/13/17,20:38:00,Scheduled
CO-D6S-861-PC,6/5/17,14:40:07,22500,2000,9,11,06/13/17,20:38:00,06/14/17,07:53:00,Scheduled
CO-D6S-861-PC,6/5/17,14:40:07,7600,1894,9,11,06/14/17,07:53:00,06/14/17,11:53:00,Scheduled
CO-D6S-861-PC,6/5/17,14:40:07,3900,1664,9,11,06/14/17,11:53:00,06/14/17,14:14:00,Scheduled
CO-D6S-861-PC,6/5/17,14:40:07,6200,1545,9,11,06/14/17,14:14:00,06/14/17,18:14:00,Scheduled
CO-D6S-861-PC,6/5/17,14:40:07,6200,1545,9,11,06/14/17,18:14:00,06/14/17,22:14:00,Scheduled
CO-D6S-861-PC,6/5/17,14:40:07,3600,1545,9,11,06/14/17,22:14:00,06/15/17,00:36:00,Scheduled
CO-K81-863-PC,6/5/17,14:40:07,4000,1545,5,11,06/15/17,00:36:00,06/15/17,03:11:00,Scheduled
CO-K81-863-PC,6/5/17,14:40:07,200,1666,5,11,06/15/17,03:11:00,06/15/17,03:18:00,Scheduled
CO-K81-863-PC,6/5/17,14:40:07,600,1671,5,11,06/15/17,03:18:00,06/15/17,03:39:00,Scheduled
CO-K81-863-PC,6/5/17,14:40:07,6700,1685,5,11,06/15/17,03:39:00,06/15/17,07:39:00,Scheduled
CO-K81-863-PC,6/5/17,14:40:07,3500,1846,5,11,06/15/17,07:39:00,06/15/17,09:32:00,Scheduled
CO-P1U-864-PC,6/5/17,14:40:07,4700,1929,8,11,06/15/17,09:32:00,06/15/17,11:58:00,Scheduled
CO-P1U-864-PC,6/5/17,14:40:07,7600,1899,8,11,06/15/17,11:58:00,06/15/17,15:58:00,Scheduled
CO-P1U-864-PC,6/5/17,14:40:07,1700,1850,8,11,06/15/17,15:58:00,06/15/17,16:53:00,Scheduled
CO-P1U-864-PC,6/5/17,14:40:07,1500,1839,8,11,06/15/17,16:53:00,06/15/17,17:42:00,Scheduled
CO-P1U-864-PC,6/5/17,14:40:07,4500,1839,8,11,06/15/17,17:42:00,06/15/17,20:09:00,Scheduled
CO-V95-865-PC,6/5/17,14:40:07,7100,1839,3,11,06/15/17,20:09:00,06/16/17,00:00:00,Scheduled
CO-V95-865-PC,6/5/17,14:40:07,3800,1884,3,11,06/16/17,00:00:00,06/16/17,02:01:00,Scheduled
CO-V95-865-PC,6/5/17,14:40:07,7600,1909,3,11,06/16/17,02:01:00,06/16/17,06:01:00,Scheduled
CO-V95-865-PC,6/5/17,14:40:07,6500,1958,3,11,06/16/17,06:01:00,06/16/17,09:20:00,Scheduled
CO-D6S-866-PC,6/5/17,14:40:07,24900,2000,9,11,06/16/17,09:20:00,06/16/17,21:47:00,Scheduled
CO-D6S-866-PC,6/5/17,14:40:07,4300,1962,9,11,06/16/17,21:47:00,06/17/17,00:00:00,Scheduled
CO-D6S-866-PC,6/5/17,14:40:07,7700,1934,9,11,06/17/17,00:00:00,06/17/17,04:00:00,Scheduled
CO-D6S-866-PC,6/5/17,14:40:07,4000,1884,9,11,06/17/17,04:00:00,06/17/17,06:06:00,Scheduled
CO-D6S-866-PC,6/5/17,14:40:07,7400,1858,9,11,06/17/17,06:06:00,06/17/17,10:06:00,Scheduled
CO-D6S-866-PC,6/5/17,14:40:07,600,1810,9,11,06/17/17,10:06:00,06/17/17,10:27:00,Scheduled
CO-D6S-866-PC,6/5/17,14:40:07,1000,1806,9,11,06/17/17,10:27:00,06/17/17,11:00:00,Scheduled
CO-V95-867-PC,6/5/17,14:40:07,7200,1806,3,11,06/17/17,11:00:00,06/17/17,15:00:00,Scheduled
CO-V95-867-PC,6/5/17,14:40:07,7400,1853,3,11,06/17/17,15:00:00,06/17/17,19:00:00,Scheduled
CO-V95-867-PC,6/5/17,14:40:07,7600,1901,3,11,06/17/17,19:00:00,06/17/17,23:00:00,Scheduled
CO-V95-867-PC,6/5/17,14:40:07,1800,1950,3,11,06/17/17,23:00:00,06/17/17,23:54:00,Scheduled
CO-V95-867-PC,6/5/17,14:40:07,200,1961,3,11,06/17/17,23:54:00,06/18/17,00:00:00,Scheduled
CO-V95-867-PC,6/5/17,14:40:07,1200,1963,3,11,06/18/17,00:00:00,06/18/17,00:36:00,Scheduled
CO-V95-867-PC,6/5/17,14:40:07,4600,1970,3,11,06/18/17,00:36:00,06/18/17,02:57:00,Scheduled
CO-D6S-868-PC,6/5/17,14:40:07,22000,2000,9,11,06/18/17,02:57:00,06/18/17,13:57:00,Scheduled
CO-D6S-868-PC,6/5/17,14:40:07,3000,1948,9,11,06/18/17,13:57:00,06/18/17,15:29:00,Scheduled
CO-P1U-869-PC,6/5/17,14:40:07,800,1929,8,11,06/18/17,15:29:00,06/18/17,15:55:00,Scheduled
CO-P1U-869-PC,6/5/17,14:40:07,7700,1924,8,11,06/18/17,15:55:00,06/18/17,19:55:00,Scheduled
CO-P1U-869-PC,6/5/17,14:40:07,5500,1874,8,11,06/18/17,19:55:00,06/18/17,22:50:00,Scheduled
CO-P1U-869-PC,6/5/17,14:40:07,6000,1839,8,11,06/18/17,22:50:00,06/19/17,02:06:00,Scheduled
CO-V95-870-PC,6/5/17,14:40:07,1000,1839,3,11,06/19/17,02:06:00,06/19/17,02:40:00,Scheduled
CO-V95-870-PC,6/5/17,14:40:07,6100,1845,3,11,06/19/17,02:40:00,06/19/17,05:58:00,Scheduled
CO-V95-870-PC,6/5/17,14:40:07,3100,1885,3,11,06/19/17,05:58:00,06/19/17,07:37:00,Scheduled
CO-V95-870-PC,6/5/17,14:40:07,7600,1905,3,11,06/19/17,07:37:00,06/19/17,11:37:00,Scheduled
CO-V95-870-PC,6/5/17,14:40:07,5200,1954,3,11,06/19/17,11:37:00,06/19/17,14:17:00,Scheduled
CO-V95-870-PC,6/5/17,14:40:07,1900,1987,3,11,06/19/17,14:17:00,06/19/17,15:15:00,Scheduled
CO-D6S-871-PC,6/5/17,14:40:07,22600,2000,9,11,06/19/17,15:15:00,06/20/17,02:34:00,Scheduled
CO-D6S-871-PC,6/5/17,14:40:07,7600,1890,9,11,06/20/17,02:34:00,06/20/17,06:34:00,Scheduled
CO-D6S-871-PC,6/5/17,14:40:07,5800,1661,9,11,06/20/17,06:34:00,06/20/17,10:03:00,Scheduled
CO-D6S-871-PC,6/5/17,14:40:07,5900,1485,9,11,06/20/17,10:03:00,06/20/17,14:03:00,Scheduled
CO-D6S-871-PC,6/5/17,14:40:07,2100,1305,9,11,06/20/17,14:03:00,06/20/17,15:39:00,Scheduled
CO-D6S-871-PC,6/5/17,14:40:07,3400,1242,9,11,06/20/17,15:39:00,06/20/17,18:22:00,Scheduled
CO-D6S-871-PC,6/5/17,14:40:07,2600,1140,9,11,06/20/17,18:22:00,06/20/17,20:40:00,Scheduled
CO-K81-872-PC,6/5/17,14:40:07,3500,1060,5,11,06/20/17,20:40:00,06/21/17,00:00:00,Scheduled
CO-K81-872-PC,6/5/17,14:40:07,8500,1060,5,11,06/21/17,00:00:00,06/21/17,08:00:00,Scheduled
CO-K81-872-PC,6/5/17,14:40:07,2000,1060,5,11,06/21/17,08:00:00,06/21/17,09:53:00,Scheduled
CO-K81-872-PC,6/5/17,14:40:07,4200,1060,5,11,06/21/17,09:53:00,06/21/17,13:53:00,Scheduled
CO-K81-872-PC,6/5/17,14:40:07,300,1189,5,11,06/21/17,13:53:00,06/21/17,14:09:00,Scheduled
CO-K81-872-PC,6/5/17,14:40:07,4800,1198,5,11,06/21/17,14:09:00,06/21/17,18:09:00,Scheduled
CO-K81-872-PC,6/5/17,14:40:07,1700,1343,5,11,06/21/17,18:09:00,06/21/17,19:23:00,Scheduled
CO-K81-873-PC,6/5/17,14:40:07,4300,1394,5,11,06/21/17,19:23:00,06/21/17,22:28:00,Scheduled
CO-K81-873-PC,6/5/17,14:40:07,2300,1524,5,11,06/21/17,22:28:00,06/22/17,00:00:00,Scheduled
CO-K81-873-PC,6/5/17,14:40:07,2400,1595,5,11,06/22/17,00:00:00,06/22/17,01:29:00,Scheduled
CO-K81-873-PC,6/5/17,14:40:07,6700,1666,5,11,06/22/17,01:29:00,06/22/17,05:29:00,Scheduled
CO-K81-873-PC,6/5/17,14:40:07,4300,1826,5,11,06/22/17,05:29:00,06/22/17,07:51:00,Scheduled
CO-P1U-874-PC,6/5/17,14:40:07,7700,1929,8,11,06/22/17,07:51:00,06/22/17,11:51:00,Scheduled
CO-P1U-874-PC,6/5/17,14:40:07,7500,1879,8,11,06/22/17,11:51:00,06/22/17,15:51:00,Scheduled
CO-P1U-874-PC,6/5/17,14:40:07,3800,1831,8,11,06/22/17,15:51:00,06/22/17,17:55:00,Scheduled
CO-P1U-874-PC,6/5/17,14:40:07,1000,1806,8,11,06/22/17,17:55:00,06/22/17,18:28:00,Scheduled
CO-V95-875-PC,6/5/17,14:40:07,7200,1806,3,11,06/22/17,18:28:00,06/22/17,22:28:00,Scheduled
CO-V95-875-PC,6/5/17,14:40:07,2800,1853,3,11,06/22/17,22:28:00,06/23/17,00:00:00,Scheduled
CO-V95-875-PC,6/5/17,14:40:07,4800,1871,3,11,06/23/17,00:00:00,06/23/17,02:33:00,Scheduled
CO-V95-875-PC,6/5/17,14:40:07,7600,1902,3,11,06/23/17,02:33:00,06/23/17,06:33:00,Scheduled
CO-V95-875-PC,6/5/17,14:40:07,3400,1951,3,11,06/23/17,06:33:00,06/23/17,08:17:00,Scheduled
CO-V95-875-PC,6/5/17,14:40:07,4200,1973,3,11,06/23/17,08:17:00,06/23/17,10:24:00,Scheduled
CO-D6S-876-PC,6/5/17,14:40:07,27000,2000,9,11,06/23/17,10:24:00,06/23/17,23:54:00,Scheduled
CO-D6S-876-PC,6/5/17,14:40:07,200,1948,9,11,06/23/17,23:54:00,06/24/17,00:00:00,Scheduled
CO-D6S-876-PC,6/5/17,14:40:07,7800,1947,9,11,06/24/17,00:00:00,06/24/17,04:00:00,Scheduled
CO-D6S-876-PC,6/5/17,14:40:07,7600,1897,9,11,06/24/17,04:00:00,06/24/17,08:00:00,Scheduled
CO-D6S-876-PC,6/5/17,14:40:07,1400,1848,9,11,06/24/17,08:00:00,06/24/17,08:46:00,Scheduled
CO-D6S-876-PC,6/5/17,14:40:07,6000,1839,9,11,06/24/17,08:46:00,06/24/17,12:02:00,Scheduled
CO-V95-877-PC,6/5/17,14:40:07,600,1839,3,11,06/24/17,12:02:00,06/24/17,12:22:00,Scheduled
CO-V95-877-PC,6/5/17,14:40:07,7400,1843,3,11,06/24/17,12:22:00,06/24/17,16:22:00,Scheduled
CO-V95-877-PC,6/5/17,14:40:07,7600,1890,3,11,06/24/17,16:22:00,06/24/17,20:22:00,Scheduled
CO-V95-877-PC,6/5/17,14:40:07,600,1939,3,11,06/24/17,20:22:00,06/24/17,20:41:00,Scheduled
CO-V95-877-PC,6/5/17,14:40:07,2800,1943,3,11,06/24/17,20:41:00,06/24/17,22:08:00,Scheduled
CO-V95-877-PC,6/5/17,14:40:07,900,1961,3,11,06/24/17,22:08:00,06/24/17,22:36:00,Scheduled
CO-V95-877-PC,6/5/17,14:40:07,2700,1967,3,11,06/24/17,22:36:00,06/25/17,00:00:00,Scheduled
CO-V95-877-PC,6/5/17,14:40:07,2300,1985,3,11,06/25/17,00:00:00,06/25/17,01:11:00,Scheduled
CO-D6S-878-PC,6/5/17,14:40:07,22000,2000,9,11,06/25/17,01:11:00,06/25/17,12:11:00,Scheduled
CO-D6S-878-PC,6/5/17,14:40:07,3000,1948,9,11,06/25/17,12:11:00,06/25/17,13:43:00,Scheduled
CO-P1U-879-PC,6/5/17,14:40:07,5300,1929,8,11,06/25/17,13:43:00,06/25/17,16:28:00,Scheduled
CO-P1U-879-PC,6/5/17,14:40:07,7600,1895,8,11,06/25/17,16:28:00,06/25/17,20:28:00,Scheduled
CO-P1U-879-PC,6/5/17,14:40:07,6100,1846,8,11,06/25/17,20:28:00,06/25/17,23:47:00,Scheduled
CO-P1U-879-PC,6/5/17,14:40:07,400,1806,8,11,06/25/17,23:47:00,06/26/17,00:00:00,Scheduled
CO-P1U-879-PC,6/5/17,14:40:07,600,1806,8,11,06/26/17,00:00:00,06/26/17,00:20:00,Scheduled
CO-V95-880-PC,6/5/17,14:40:07,800,1806,3,11,06/26/17,00:20:00,06/26/17,00:47:00,Scheduled
CO-V95-880-PC,6/5/17,14:40:07,7200,1812,3,11,06/26/17,00:47:00,06/26/17,04:47:00,Scheduled
CO-V95-880-PC,6/5/17,14:40:07,1800,1858,3,11,06/26/17,04:47:00,06/26/17,05:45:00,Scheduled
CO-V95-880-PC,6/5/17,14:40:07,7500,1870,3,11,06/26/17,05:45:00,06/26/17,09:45:00,Scheduled
CO-V95-880-PC,6/5/17,14:40:07,7700,1918,3,11,06/26/17,09:45:00,06/26/17,13:45:00,Scheduled
CO-V95-880-PC,6/5/17,14:40:07,5000,1968,3,11,06/26/17,13:45:00,06/26/17,16:17:00,Scheduled
CO-D6S-881-PC,6/5/17,14:40:07,52000,2000,9,11,06/26/17,16:17:00,06/27/17,18:17:00,Scheduled
CO-D6S-881-PC,6/5/17,14:40:07,1100,1757,9,11,06/27/17,18:17:00,06/27/17,18:55:00,Scheduled
CO-D6S-881-PC,6/5/17,14:40:07,5900,1724,9,11,06/27/17,18:55:00,06/27/17,22:20:00,Scheduled
CO-D6S-881-PC,6/5/17,14:40:07,15900,1545,9,11,06/27/17,22:20:00,06/28/17,08:38:00,Scheduled
CO-D6S-881-PC,6/5/17,14:40:07,100,1545,9,11,06/28/17,08:38:00,06/28/17,08:42:00,Scheduled
CO-K81-883-PC,6/5/17,14:40:07,400,1545,5,11,06/28/17,08:42:00,06/28/17,08:57:00,Scheduled
CO-K81-883-PC,6/5/17,14:40:07,3600,1557,5,11,06/28/17,08:57:00,06/28/17,11:16:00,Scheduled
CO-K81-883-PC,6/5/17,14:40:07,6700,1666,5,11,06/28/17,11:16:00,06/28/17,15:16:00,Scheduled
CO-K81-883-PC,6/5/17,14:40:07,4300,1826,5,11,06/28/17,15:16:00,06/28/17,17:38:00,Scheduled
CO-P1U-884-PC,6/5/17,14:40:07,7700,1929,8,11,06/28/17,17:38:00,06/28/17,21:38:00,Scheduled
CO-P1U-884-PC,6/5/17,14:40:07,4400,1879,8,11,06/28/17,21:38:00,06/29/17,00:00:00,Scheduled
CO-P1U-884-PC,6/5/17,14:40:07,1800,1851,8,11,06/29/17,00:00:00,06/29/17,01:00:00,Scheduled
CO-P1U-884-PC,6/5/17,14:40:07,3100,1839,8,11,06/29/17,01:00:00,06/29/17,02:40:00,Scheduled
CO-P1U-884-PC,6/5/17,14:40:07,2900,1839,8,11,06/29/17,02:40:00,06/29/17,04:16:00,Scheduled
CO-V95-885-PC,6/5/17,14:40:07,900,1839,3,11,06/29/17,04:16:00,06/29/17,04:44:00,Scheduled
CO-V95-885-PC,6/5/17,14:40:07,7400,1844,3,11,06/29/17,04:44:00,06/29/17,08:44:00,Scheduled
CO-V95-885-PC,6/5/17,14:40:07,7600,1892,3,11,06/29/17,08:44:00,06/29/17,12:44:00,Scheduled
CO-V95-885-PC,6/5/17,14:40:07,600,1941,3,11,06/29/17,12:44:00,06/29/17,13:03:00,Scheduled
CO-V95-885-PC,6/5/17,14:40:07,1900,1945,3,11,06/29/17,13:03:00,06/29/17,14:01:00,Scheduled
CO-V95-885-PC,6/5/17,14:40:07,6700,1957,3,11,06/29/17,14:01:00,06/29/17,17:26:00,Scheduled
CO-D6S-886-PC,6/5/17,14:40:07,50900,2000,9,11,06/29/17,17:26:00,06/30/17,18:53:00,Scheduled
CO-D6S-886-PC,6/5/17,14:40:07,7800,1956,9,11,06/30/17,18:53:00,06/30/17,22:52:00,Scheduled
CO-D6S-886-PC,6/5/17,14:40:07,2200,1905,9,11,06/30/17,22:52:00,7/1/17,00:00:00,Scheduled
CO-D6S-886-PC,6/5/17,14:40:07,7600,1891,9,11,7/1/17,00:00:00,7/1/17,04:00:00,Scheduled
CO-D6S-886-PC,6/5/17,14:40:07,5600,1843,9,11,7/1/17,04:00:00,7/1/17,07:02:00,Scheduled
CO-D6S-886-PC,6/5/17,14:40:07,1000,1806,9,11,7/1/17,07:02:00,7/1/17,07:35:00,Scheduled
CO-V95-887-PC,6/5/17,14:40:07,7200,1806,3,11,7/1/17,07:35:00,7/1/17,11:35:00,Scheduled
CO-V95-887-PC,6/5/17,14:40:07,7400,1853,3,11,7/1/17,11:35:00,7/1/17,15:35:00,Scheduled
CO-V95-887-PC,6/5/17,14:40:07,7600,1901,3,11,7/1/17,15:35:00,7/1/17,19:35:00,Scheduled
CO-V95-887-PC,6/5/17,14:40:07,1800,1950,3,11,7/1/17,19:35:00,7/1/17,20:29:00,Scheduled
CO-P1U-419-PC,6/5/17,14:34:10,7000,875,8,9,6/5/17,05:28:00,6/5/17,13:28:00,Scheduled
CO-D6S-452-PC,6/5/17,14:34:10,48000,1500,9,9,6/5/17,14:08:00,6/6/17,22:08:00,Scheduled
CO-V95-453-PC,6/5/17,14:34:10,12000,300,3,9,6/6/17,22:48:00,6/8/17,14:48:00,Scheduled
CO-D6S-459-PC,6/5/17,14:34:10,13200,1500,9,9,6/10/17,07:28:00,6/10/17,16:16:00,Scheduled
CO-D6S-459-PC,6/5/17,14:34:10,34800,1700,9,9,6/10/17,16:16:00,6/11/17,12:44:00,Scheduled
CO-P1U-457-PC,6/5/17,14:34:10,9500,1133,8,9,6/11/17,22:09:00,6/12/17,06:30:00,Scheduled
CO-P1U-457-PC,6/5/17,14:34:10,500,1200,8,9,6/12/17,07:34:00,6/12/17,08:01:00,Scheduled
CO-V95-458-PC,6/5/17,14:34:10,1900,360,3,9,6/12/17,08:01:00,6/12/17,13:11:00,Scheduled
CO-V95-458-PC,6/5/17,14:34:10,0,340,3,9,6/12/17,13:11:00,6/12/17,13:14:00,Scheduled
CO-V95-458-PC,6/5/17,14:34:10,0,360,3,9,6/12/17,13:14:00,6/12/17,13:18:00,Scheduled
CO-V95-458-PC,6/5/17,14:34:10,8100,340,3,9,6/12/17,13:18:00,06/13/17,13:07:00,Scheduled
CO-D6S-464-PC,6/5/17,14:34:10,48000,1700,9,9,06/15/17,15:53:00,06/16/17,20:07:00,Scheduled
CO-P1U-462-PC,6/5/17,14:34:10,6000,850,8,9,06/16/17,20:43:00,06/17/17,03:46:00,Scheduled
CO-V95-463-PC,6/5/17,14:34:10,10000,283,3,9,06/17/17,03:46:00,06/18/17,15:04:00,Scheduled
CO-D6S-469-PC,6/5/17,14:34:10,48000,1700,9,9,06/20/17,02:57:00,06/21/17,07:11:00,Scheduled
CO-P1U-467-PC,6/5/17,14:34:10,5000,850,8,9,06/21/17,07:46:00,06/21/17,13:39:00,Scheduled
CO-V95-468-PC,6/5/17,14:34:10,10000,283,3,9,06/21/17,13:39:00,06/23/17,00:57:00,Scheduled
CO-D6S-474-PC,6/5/17,14:34:10,48000,1700,9,9,06/24/17,21:39:00,06/26/17,01:53:00,Scheduled
CO-P1U-472-PC,6/5/17,14:34:10,7000,992,8,9,06/26/17,02:28:00,06/26/17,09:32:00,Scheduled
CO-V95-473-PC,6/5/17,14:34:10,10000,283,3,9,06/26/17,09:32:00,06/27/17,20:50:00,Scheduled
CO-D6S-479-PC,6/5/17,14:34:10,48000,1700,9,9,06/29/17,08:43:00,06/30/17,12:57:00,Scheduled
CO-P1U-477-PC,6/5/17,14:34:10,5000,850,8,9,06/30/17,13:32:00,06/30/17,19:25:00,Scheduled
CO-V95-478-PC,6/5/17,14:34:10,10000,283,3,9,06/30/17,19:25:00,7/2/17,06:42:00,Scheduled
CO-V95-420-PC,6/5/17,14:34:10,8200,1500,3,10,6/5/17,00:00:00,6/5/17,05:28:00,Scheduled
CO-V95-420-PC,6/5/17,14:34:10,5000,625,3,10,6/5/17,05:28:00,6/5/17,13:28:00,Scheduled
CO-V95-420-PC,6/5/17,14:34:10,1000,1500,3,10,6/5/17,13:28:00,6/5/17,14:08:00,Scheduled
CO-V95-420-PC,6/5/17,14:34:10,1000,1500,3,10,6/6/17,22:08:00,6/6/17,22:48:00,Scheduled
CO-V95-420-PC,6/5/17,14:34:10,23000,1200,3,10,6/6/17,22:48:00,6/7/17,17:58:00,Scheduled
CO-D8O-451-PC,6/5/17,14:34:10,25000,1200,44,10,6/7/17,17:58:00,6/8/17,14:48:00,Scheduled
CO-D8O-451-PC,6/5/17,14:34:10,8300,1500,44,10,6/8/17,14:48:00,6/8/17,20:21:00,Scheduled
CO-D8O-451-PC,6/5/17,14:34:10,16700,1500,44,10,6/8/17,20:21:00,6/9/17,07:28:00,Scheduled
CO-D8O-481-PC,6/5/17,14:34:10,14900,1500,44,10,6/9/17,07:32:00,6/9/17,17:28:00,Scheduled
CO-P1U-419-PC,6/5/17,14:34:10,5000,1500,8,10,6/9/17,17:28:00,6/9/17,20:48:00,Scheduled
CO-D6S-452-PC,6/5/17,14:34:10,2000,1500,9,10,6/9/17,20:48:00,6/9/17,22:08:00,Scheduled
CO-V95-453-PC,6/5/17,14:34:10,14000,1500,3,10,6/9/17,22:08:00,6/10/17,07:28:00,Scheduled
CO-V95-453-PC,6/5/17,14:34:10,16000,1700,3,10,6/11/17,12:44:00,6/11/17,22:09:00,Scheduled
CO-V95-453-PC,6/5/17,14:34:10,4700,567,3,10,6/11/17,22:09:00,6/12/17,06:30:00,Scheduled
CO-V95-453-PC,6/5/17,14:34:10,300,600,3,10,6/12/17,07:34:00,6/12/17,08:01:00,Scheduled
CO-V95-453-PC,6/5/17,14:34:10,7400,1440,3,10,6/12/17,08:01:00,6/12/17,13:11:00,Scheduled
CO-V95-453-PC,6/5/17,14:34:10,100,1360,3,10,6/12/17,13:11:00,6/12/17,13:14:00,Scheduled
CO-V95-453-PC,6/5/17,14:34:10,100,1440,3,10,6/12/17,13:14:00,6/12/17,13:18:00,Scheduled
CO-V95-453-PC,6/5/17,14:34:10,5400,1360,3,10,6/12/17,13:18:00,6/12/17,17:16:00,Scheduled
CO-D8O-456-PC,6/5/17,14:34:10,27000,1360,44,10,6/12/17,17:16:00,06/13/17,13:07:00,Scheduled
CO-D8O-456-PC,6/5/17,14:34:10,33000,1700,44,10,06/13/17,13:07:00,06/14/17,08:32:00,Scheduled
CO-D6S-459-PC,6/5/17,14:34:10,2000,1700,9,10,06/14/17,08:32:00,06/14/17,09:42:00,Scheduled
CO-K81-460-PC,6/5/17,14:34:10,15000,1700,5,10,06/14/17,09:43:00,06/14/17,18:32:00,Scheduled
CO-P1U-457-PC,6/5/17,14:34:10,5000,1700,8,10,06/14/17,18:32:00,06/14/17,21:28:00,Scheduled
CO-V95-458-PC,6/5/17,14:34:10,31300,1700,3,10,06/14/17,21:28:00,06/15/17,15:53:00,Scheduled
CO-V95-458-PC,6/5/17,14:34:10,1000,1700,3,10,06/16/17,20:07:00,06/16/17,20:42:00,Scheduled
CO-V95-458-PC,6/5/17,14:34:10,6000,850,3,10,06/16/17,20:43:00,06/17/17,03:46:00,Scheduled
CO-V95-458-PC,6/5/17,14:34:10,1700,1417,3,10,06/17/17,03:46:00,06/17/17,04:58:00,Scheduled
CO-D8O-490-PC,6/5/17,14:34:10,14900,1417,44,10,06/17/17,05:02:00,06/17/17,15:33:00,Scheduled
CO-D8O-461-PC,6/5/17,14:34:10,23000,1417,44,10,06/17/17,22:50:00,06/18/17,15:04:00,Scheduled
CO-D8O-461-PC,6/5/17,14:34:10,37000,1700,44,10,06/18/17,15:04:00,06/19/17,12:50:00,Scheduled
CO-D6S-464-PC,6/5/17,14:34:10,2000,1700,9,10,06/19/17,12:50:00,06/19/17,14:00:00,Scheduled
CO-P1U-462-PC,6/5/17,14:34:10,6000,1700,8,10,06/19/17,14:00:00,06/19/17,17:32:00,Scheduled
CO-V95-463-PC,6/5/17,14:34:10,16000,1700,3,10,06/19/17,17:32:00,06/20/17,02:57:00,Scheduled
CO-V95-463-PC,6/5/17,14:34:10,1000,1700,3,10,06/21/17,07:11:00,06/21/17,07:46:00,Scheduled
CO-V95-463-PC,6/5/17,14:34:10,5000,850,3,10,06/21/17,07:46:00,06/21/17,13:39:00,Scheduled
CO-V95-463-PC,6/5/17,14:34:10,28000,1417,3,10,06/21/17,13:39:00,06/22/17,09:25:00,Scheduled
CO-D8O-466-PC,6/5/17,14:34:10,22000,1417,44,10,06/22/17,09:25:00,06/23/17,00:57:00,Scheduled
CO-D8O-466-PC,6/5/17,14:34:10,38000,1700,44,10,06/23/17,00:57:00,06/23/17,23:18:00,Scheduled
CO-D6S-469-PC,6/5/17,14:34:10,2000,1700,9,10,06/23/17,23:18:00,06/24/17,00:28:00,Scheduled
CO-P1U-467-PC,6/5/17,14:34:10,5000,1700,8,10,06/24/17,00:28:00,06/24/17,03:25:00,Scheduled
CO-V95-468-PC,6/5/17,14:34:10,31000,1700,3,10,06/24/17,03:25:00,06/24/17,21:39:00,Scheduled
CO-V95-468-PC,6/5/17,14:34:10,1000,1700,3,10,06/26/17,01:53:00,06/26/17,02:28:00,Scheduled
CO-V95-468-PC,6/5/17,14:34:10,5000,708,3,10,06/26/17,02:28:00,06/26/17,09:32:00,Scheduled
CO-V95-468-PC,6/5/17,14:34:10,13000,1417,3,10,06/26/17,09:32:00,06/26/17,18:42:00,Scheduled
CO-D8O-491-PC,6/5/17,14:34:10,14900,1417,44,10,06/26/17,18:47:00,06/27/17,05:18:00,Scheduled
CO-D8O-471-PC,6/5/17,14:34:10,22000,1417,44,10,06/27/17,05:18:00,06/27/17,20:50:00,Scheduled
CO-D8O-471-PC,6/5/17,14:34:10,38000,1700,44,10,06/27/17,20:50:00,06/28/17,19:11:00,Scheduled
CO-D6S-474-PC,6/5/17,14:34:10,2000,1700,9,10,06/28/17,19:11:00,06/28/17,20:21:00,Scheduled
CO-P1U-472-PC,6/5/17,14:34:10,5000,1700,8,10,06/28/17,20:21:00,06/28/17,23:18:00,Scheduled
CO-V95-473-PC,6/5/17,14:34:10,16000,1700,3,10,06/28/17,23:18:00,06/29/17,08:42:00,Scheduled
CO-V95-473-PC,6/5/17,14:34:10,1000,1700,3,10,06/30/17,12:57:00,06/30/17,13:32:00,Scheduled
CO-V95-473-PC,6/5/17,14:34:10,5000,850,3,10,06/30/17,13:32:00,06/30/17,19:25:00,Scheduled
CO-V95-473-PC,6/5/17,14:34:10,28000,1417,3,10,06/30/17,19:25:00,7/1/17,15:11:00,Scheduled
CO-D8O-476-PC,6/5/17,14:34:10,22000,1417,44,10,7/1/17,15:11:00,7/2/17,06:42:00,Scheduled
CO-D8O-476-PC,6/5/17,14:34:10,38000,1700,44,10,7/2/17,06:43:00,7/3/17,05:04:00,Scheduled
CO-D6S-479-PC,6/5/17,14:34:10,2000,1700,9,10,7/3/17,05:04:00,7/3/17,06:14:00,Scheduled
CO-P1U-477-PC,6/5/17,14:34:10,5000,1700,8,10,7/3/17,06:14:00,7/3/17,09:11:00,Scheduled
CO-V95-478-PC,6/5/17,14:34:10,50000,1700,3,10,7/3/17,09:11:00,7/4/17,14:35:00,Scheduled
CO-D8O-500-PC,7/13/17,13:29:17,27900,1284,44,12,07/13/17,00:00:00,07/13/17,20:24:00,Scheduled
CO-D8O-500-PC,7/13/17,13:29:17,13100,1284,44,12,07/13/17,00:00:00,07/13/17,10:12:00,Scheduled
CO-D8O-500-PC,7/13/17,13:29:17,14800,1451,44,12,07/13/17,10:12:00,07/13/17,20:24:00,Scheduled
CO-V95-501-PC,7/13/17,13:29:17,25000,1451,3,12,07/13/17,20:24:00,07/14/17,14:49:00,Scheduled
CO-V95-501-PC,7/13/17,13:29:17,10200,1451,3,12,07/13/17,20:24:00,07/14/17,03:26:00,Scheduled
CO-V95-501-PC,7/13/17,13:29:17,14800,1300,3,12,07/14/17,03:26:00,07/14/17,14:49:00,Scheduled
CO-D8O-502-PC,7/13/17,13:29:17,25000,1300,44,12,07/14/17,14:49:00,07/15/17,10:03:00,Scheduled
CO-V95-503-PC,7/13/17,13:29:17,25000,1300,3,12,07/15/17,10:03:00,07/16/17,05:17:00,Scheduled
CO-D8O-504-PC,7/13/17,13:29:17,25000,1300,44,12,07/16/17,05:17:00,07/17/17,00:31:00,Scheduled
CO-P1U-505-PC,7/13/17,13:29:17,17000,1300,8,12,07/17/17,00:31:00,07/17/17,13:35:00,Scheduled
CO-V95-506-PC,7/13/17,13:29:17,25000,1300,3,12,07/17/17,13:35:00,07/18/17,08:49:00,Scheduled
CO-D8O-507-PC,7/13/17,13:29:17,25000,1300,44,12,07/18/17,08:49:00,07/19/17,04:03:00,Scheduled
CO-V95-508-PC,7/13/17,13:29:17,25000,1300,3,12,07/19/17,04:03:00,07/19/17,23:17:00,Scheduled
CO-D8O-509-PC,7/13/17,13:29:17,25000,1300,44,12,07/19/17,23:17:00,07/20/17,18:31:00,Scheduled
CO-V95-510-PC,7/13/17,13:29:17,50000,1300,3,12,07/20/17,18:31:00,07/22/17,08:58:00,Scheduled
CO-D8O-511-PC,7/13/17,13:29:17,50000,1300,44,12,07/22/17,08:58:00,07/23/17,23:26:00,Scheduled
CO-V95-512-PC,7/13/17,13:29:17,25000,1300,3,12,07/23/17,23:26:00,07/24/17,18:40:00,Scheduled
CO-D8O-513-PC,7/13/17,13:29:17,25000,1300,44,12,07/24/17,18:40:00,07/25/17,13:54:00,Scheduled
CO-V95-515-PC,7/13/17,13:29:17,50000,1300,3,12,07/25/17,13:54:00,07/27/17,04:21:00,Scheduled
CO-D8O-516-PC,7/13/17,13:29:17,50000,1300,44,12,07/27/17,04:21:00,07/28/17,18:49:00,Scheduled
CO-P1U-514-PC,7/13/17,13:29:17,18000,1300,8,12,07/28/17,18:49:00,07/29/17,08:40:00,Scheduled
CO-V95-517-PC,7/13/17,13:29:17,60200,1300,3,12,07/29/17,08:40:00,07/31/17,06:58:00,Scheduled
089KK-34-2600,6/9/17,08:03:00,4550,725,3,6,6/9/17,10:47:00,6/9/17,17:03:00,Scheduled
089KK-20-2600,6/9/17,08:03:00,450,725,9,6,6/9/17,17:03:00,6/9/17,17:40:00,Scheduled
089KK-20-2600,6/9/17,08:03:00,4550,725,9,6,6/12/17,00:04:00,6/12/17,06:20:00,Scheduled
089KK-20-2620,6/9/17,08:03:00,450,725,9,6,6/12/17,06:20:00,6/12/17,06:57:00,Scheduled
089KK-20-2620,6/9/17,08:03:00,4550,725,9,6,06/13/17,23:15:00,06/14/17,05:32:00,Scheduled
089KK-34-2700,6/9/17,08:03:00,450,725,3,6,06/14/17,05:32:00,06/14/17,06:09:00,Scheduled
089KK-34-2700,6/9/17,08:03:00,4207,725,3,6,06/15/17,18:01:00,06/15/17,23:49:00,Scheduled
089KK-34-2700,6/9/17,08:03:00,343,725,3,6,06/16/17,13:37:00,06/16/17,14:05:00,Scheduled
089KK-20-2700,6/9/17,08:03:00,450,725,9,6,06/16/17,14:05:00,06/16/17,14:42:00,Scheduled
089KK-20-2700,6/9/17,08:03:00,4550,725,9,6,06/17/17,05:53:00,06/17/17,12:09:00,Scheduled
089KK-20-2710,6/9/17,08:03:00,450,725,9,6,06/17/17,12:09:00,06/17/17,12:46:00,Scheduled
089KK-20-2710,6/9/17,08:03:00,4550,725,9,6,06/19/17,02:34:00,06/19/17,08:51:00,Scheduled
089KK-20-2720,6/9/17,08:03:00,450,725,9,6,06/19/17,08:51:00,06/19/17,09:28:00,Scheduled
089KK-20-2720,6/9/17,08:03:00,1762,725,9,6,06/20/17,21:20:00,06/20/17,23:45:00,Scheduled
089KK-20-2720,6/9/17,08:03:00,2788,800,9,6,06/20/17,23:45:00,06/21/17,03:14:00,Scheduled
089KK-34-2800,6/9/17,08:03:00,450,800,3,6,06/21/17,03:14:00,06/21/17,03:48:00,Scheduled
089KK-34-2800,6/9/17,08:03:00,4550,725,3,6,06/22/17,08:06:00,06/22/17,14:23:00,Scheduled
089KK-20-2800,6/9/17,08:03:00,450,725,9,6,06/22/17,14:23:00,06/22/17,15:00:00,Scheduled
089KK-20-2800,6/9/17,08:03:00,4550,725,9,6,06/23/17,03:25:00,06/23/17,09:41:00,Scheduled
089KK-22-2800,6/9/17,08:03:00,450,725,8,6,06/24/17,14:39:00,06/24/17,15:16:00,Scheduled
089KK-22-2800,6/9/17,08:03:00,4550,725,8,6,06/27/17,18:18:00,06/28/17,00:35:00,Scheduled
089KK-20-2820,6/9/17,08:03:00,450,725,9,6,06/28/17,00:35:00,06/28/17,01:12:00,Scheduled
089KK-20-2820,6/9/17,08:03:00,4550,725,9,6,06/29/17,08:59:00,06/29/17,15:16:00,Scheduled
089KK-34-2900,6/9/17,08:03:00,450,725,3,6,06/29/17,15:16:00,06/29/17,15:53:00,Scheduled
089KK-34-2900,6/9/17,08:03:00,4550,725,3,6,7/1/17,01:43:00,7/1/17,08:00:00,Scheduled
089KK-20-2900,6/9/17,08:03:00,450,725,9,6,7/1/17,08:00:00,7/1/17,08:37:00,Scheduled
089KK-20-2900,6/9/17,08:03:00,4550,725,9,6,7/2/17,12:12:00,7/2/17,18:29:00,Scheduled
089KK-20-2910,6/9/17,08:03:00,450,725,9,6,7/2/17,18:29:00,7/2/17,19:06:00,Scheduled
089KK-20-2910,6/9/17,08:03:00,4550,725,9,6,7/4/17,11:23:00,7/4/17,17:39:00,Scheduled
089KK-20-2920,6/9/17,08:03:00,450,725,9,6,7/4/17,17:39:00,7/4/17,18:16:00,Scheduled
089KK-20-2920,6/9/17,08:03:00,4550,725,9,6,7/5/17,05:18:00,7/5/17,11:35:00,Scheduled
089KK-20-2610,6/9/17,08:03:00,1167,725,9,7,6/9/17,08:00:00,6/9/17,09:36:00,Scheduled
089KK-20-2610,6/9/17,08:03:00,5000,725,9,7,6/10/17,18:00:00,6/11/17,00:54:00,Scheduled
089KK-20-2620,6/9/17,08:03:00,4000,725,9,7,6/11/17,00:54:00,6/11/17,06:25:00,Scheduled
089KK-20-2620,6/9/17,08:03:00,5000,725,9,7,6/12/17,07:15:00,6/12/17,14:09:00,Scheduled
089KK-34-2700,6/9/17,08:03:00,14999,725,3,7,6/12/17,14:09:00,06/13/17,10:50:00,Scheduled
089KK-34-2700,6/9/17,08:03:00,5001,725,3,7,06/14/17,06:26:00,06/14/17,13:20:00,Scheduled
089KK-20-2700,6/9/17,08:03:00,5999,725,9,7,06/14/17,13:20:00,06/14/17,21:37:00,Scheduled
089KK-20-2700,6/9/17,08:03:00,5001,725,9,7,06/15/17,07:16:00,06/15/17,14:10:00,Scheduled
089KK-22-2700,6/9/17,08:03:00,5000,725,8,7,06/15/17,23:49:00,06/16/17,06:43:00,Scheduled
089KK-20-2710,6/9/17,08:03:00,4999,725,9,7,06/16/17,06:43:00,06/16/17,13:37:00,Scheduled
089KK-20-2710,6/9/17,08:03:00,5001,725,9,7,06/17/17,20:30:00,06/18/17,03:24:00,Scheduled
089KK-20-2720,6/9/17,08:03:00,3999,725,9,7,06/18/17,03:24:00,06/18/17,08:55:00,Scheduled
089KK-20-2720,6/9/17,08:03:00,5001,725,9,7,06/19/17,09:45:00,06/19/17,16:39:00,Scheduled
089KK-34-2800,6/9/17,08:03:00,9999,725,3,7,06/19/17,16:39:00,06/20/17,06:26:00,Scheduled
089KK-34-2800,6/9/17,08:03:00,4956,800,3,7,06/21/17,04:04:00,06/21/17,10:15:00,Scheduled
089KK-34-2800,6/9/17,08:03:00,45,725,3,7,06/21/17,10:15:00,06/21/17,10:19:00,Scheduled
089KK-20-2800,6/9/17,08:03:00,5999,725,9,7,06/21/17,10:19:00,06/21/17,18:36:00,Scheduled
089KK-20-2800,6/9/17,08:03:00,5001,725,9,7,06/22/17,15:17:00,06/22/17,22:11:00,Scheduled
089KK-22-2800,6/9/17,08:03:00,5000,725,8,7,06/23/17,23:00:00,06/24/17,05:54:00,Scheduled
089KK-20-2810,6/9/17,08:03:00,4999,725,9,7,06/24/17,05:54:00,06/24/17,12:48:00,Scheduled
089KK-20-2810,6/9/17,08:03:00,5001,725,9,7,06/25/17,09:21:00,06/25/17,16:15:00,Scheduled
089KK-20-2820,6/9/17,08:03:00,3999,725,9,7,06/25/17,16:15:00,06/25/17,21:46:00,Scheduled
089KK-20-2820,6/9/17,08:03:00,5001,725,9,7,06/26/17,12:15:00,06/26/17,19:09:00,Scheduled
089KK-34-2900,6/9/17,08:03:00,14999,725,3,7,06/26/17,19:09:00,06/27/17,15:50:00,Scheduled
089KK-34-2900,6/9/17,08:03:00,757,800,3,7,06/28/17,16:49:00,06/28/17,17:46:00,Scheduled
089KK-34-2900,6/9/17,08:03:00,4244,725,3,7,06/28/17,17:46:00,06/28/17,23:37:00,Scheduled
089KK-20-2900,6/9/17,08:03:00,5999,725,9,7,06/28/17,23:37:00,06/29/17,07:53:00,Scheduled
089KK-20-2900,6/9/17,08:03:00,5001,725,9,7,06/29/17,21:41:00,06/30/17,04:35:00,Scheduled
089KK-22-2900,6/9/17,08:03:00,999,725,8,7,06/30/17,04:35:00,06/30/17,05:58:00,Scheduled
089KK-22-2900,6/9/17,08:03:00,5001,725,8,7,7/1/17,08:54:00,7/1/17,15:48:00,Scheduled
089KK-20-2910,6/9/17,08:03:00,4999,725,9,7,7/1/17,15:48:00,7/1/17,22:42:00,Scheduled
089KK-20-2910,6/9/17,08:03:00,5001,725,9,7,7/3/17,05:19:00,7/3/17,12:13:00,Scheduled
089KK-20-2920,6/9/17,08:03:00,3999,725,9,7,7/3/17,12:13:00,7/3/17,17:44:00,Scheduled
089KK-20-2400,6/9/17,08:03:00,852,725,9,8,6/9/17,09:36:00,6/9/17,10:47:00,Scheduled
089KK-20-2400,6/9/17,08:03:00,1614,725,9,8,6/9/17,17:40:00,6/9/17,19:54:00,Scheduled
089KK-20-2420,6/9/17,08:03:00,9451,725,9,8,6/10/17,04:58:00,6/10/17,18:00:00,Scheduled
089KK-20-2420,6/9/17,08:03:00,366,725,9,8,6/11/17,06:25:00,6/11/17,06:55:00,Scheduled
089KK-20-2420,6/9/17,08:03:00,145,725,9,8,6/11/17,15:12:00,6/11/17,15:24:00,Scheduled
089KK-22-2400,6/9/17,08:03:00,1957,725,8,8,6/11/17,15:24:00,6/11/17,18:06:00,Scheduled
089KK-20-2430,6/9/17,08:03:00,4325,725,9,8,6/11/17,18:06:00,6/12/17,00:04:00,Scheduled
089KK-20-2430,6/9/17,08:03:00,210,725,9,8,6/12/17,06:57:00,6/12/17,07:15:00,Scheduled
089KK-20-2430,6/9/17,08:03:00,557,725,9,8,06/13/17,10:50:00,06/13/17,11:36:00,Scheduled
089KK-20-2430,6/9/17,08:03:00,6885,800,9,8,06/13/17,11:36:00,06/13/17,20:12:00,Scheduled
089KK-34-2600,6/9/17,08:03:00,1515,800,3,8,06/13/17,20:12:00,06/13/17,22:06:00,Scheduled
089KK-34-2600,6/9/17,08:03:00,837,725,3,8,06/13/17,22:06:00,06/13/17,23:15:00,Scheduled
089KK-34-2600,6/9/17,08:03:00,207,725,3,8,06/14/17,06:09:00,06/14/17,06:26:00,Scheduled
089KK-34-2600,6/9/17,08:03:00,7000,725,3,8,06/14/17,21:37:00,06/15/17,07:16:00,Scheduled
089KK-34-2600,6/9/17,08:03:00,208,725,3,8,06/15/17,14:10:00,06/15/17,14:27:00,Scheduled
089KK-20-2600,6/9/17,08:03:00,2585,725,9,8,06/15/17,14:27:00,06/15/17,18:01:00,Scheduled
089KK-20-2600,6/9/17,08:03:00,4496,725,9,8,06/16/17,14:42:00,06/16/17,20:54:00,Scheduled
089KK-22-2600,6/9/17,08:03:00,1925,725,8,8,06/16/17,20:54:00,06/16/17,23:34:00,Scheduled
089KK-20-2610,6/9/17,08:03:00,4580,725,9,8,06/16/17,23:34:00,06/17/17,05:53:00,Scheduled
089KK-20-2610,6/9/17,08:03:00,5606,725,9,8,06/17/17,12:46:00,06/17/17,20:30:00,Scheduled
089KK-20-2610,6/9/17,08:03:00,397,725,9,8,06/18/17,08:55:00,06/18/17,09:28:00,Scheduled
089KK-20-2610,6/9/17,08:03:00,2417,725,9,8,06/18/17,17:45:00,06/18/17,21:05:00,Scheduled
089KK-20-2620,6/9/17,08:03:00,1554,725,9,8,06/19/17,00:25:00,06/19/17,02:34:00,Scheduled
089KK-20-2620,6/9/17,08:03:00,206,725,9,8,06/19/17,09:28:00,06/19/17,09:45:00,Scheduled
089KK-20-2620,6/9/17,08:03:00,8244,725,9,8,06/20/17,06:26:00,06/20/17,17:48:00,Scheduled
089KK-34-2700,6/9/17,08:03:00,2550,725,3,8,06/20/17,17:48:00,06/20/17,21:20:00,Scheduled
089KK-34-2700,6/9/17,08:03:00,206,800,3,8,06/21/17,03:48:00,06/21/17,04:04:00,Scheduled
089KK-34-2700,6/9/17,08:03:00,7244,725,3,8,06/21/17,18:36:00,06/22/17,04:35:00,Scheduled
089KK-20-2700,6/9/17,08:03:00,2550,725,9,8,06/22/17,04:35:00,06/22/17,08:06:00,Scheduled
089KK-20-2700,6/9/17,08:03:00,205,725,9,8,06/22/17,15:00:00,06/22/17,15:17:00,Scheduled
089KK-20-2700,6/9/17,08:03:00,3795,725,9,8,06/22/17,22:11:00,06/23/17,03:25:00,Scheduled
089KK-20-2700,6/9/17,08:03:00,1000,725,9,8,06/23/17,17:12:00,06/23/17,18:35:00,Scheduled
089KK-20-2700,6/9/17,08:03:00,1450,725,9,8,06/24/17,15:16:00,06/24/17,17:16:00,Scheduled
089KK-22-2700,6/9/17,08:03:00,2000,725,8,8,06/24/17,17:16:00,06/24/17,20:02:00,Scheduled
089KK-20-2710,6/9/17,08:03:00,9552,725,9,8,06/24/17,20:02:00,06/25/17,09:12:00,Scheduled
089KK-20-2710,6/9/17,08:03:00,448,725,9,8,06/26/17,05:54:00,06/26/17,06:31:00,Scheduled
089KK-20-2720,6/9/17,08:03:00,1754,725,9,8,06/26/17,09:50:00,06/26/17,12:15:00,Scheduled
089KK-20-2720,6/9/17,08:03:00,1796,725,9,8,06/27/17,15:50:00,06/27/17,18:18:00,Scheduled
089KK-20-2720,6/9/17,08:03:00,2761,725,9,8,06/28/17,01:12:00,06/28/17,05:01:00,Scheduled
089KK-20-2720,6/9/17,08:03:00,4689,800,9,8,06/28/17,05:01:00,06/28/17,10:52:00,Scheduled
089KK-34-2800,6/9/17,08:03:00,4754,800,3,8,06/28/17,10:52:00,06/28/17,16:49:00,Scheduled
089KK-34-2800,6/9/17,08:03:00,796,725,3,8,06/29/17,07:53:00,06/29/17,08:59:00,Scheduled
089KK-34-2800,6/9/17,08:03:00,4204,725,3,8,06/29/17,15:53:00,06/29/17,21:41:00,Scheduled
089KK-34-2800,6/9/17,08:03:00,246,725,3,8,06/30/17,05:58:00,06/30/17,06:18:00,Scheduled
089KK-20-2800,6/9/17,08:03:00,3659,725,9,8,06/30/17,06:18:00,06/30/17,11:21:00,Scheduled
089KK-20-2800,6/9/17,08:03:00,892,725,9,8,7/1/17,00:30:00,7/1/17,01:43:00,Scheduled
089KK-20-2800,6/9/17,08:03:00,204,725,9,8,7/1/17,08:37:00,7/1/17,08:54:00,Scheduled
089KK-20-2800,6/9/17,08:03:00,2245,725,9,8,7/1/17,22:42:00,7/2/17,01:47:00,Scheduled
089KK-22-2800,6/9/17,08:03:00,2000,725,8,8,7/2/17,01:47:00,7/2/17,04:33:00,Scheduled
089KK-20-2810,6/9/17,08:03:00,5550,725,9,8,7/2/17,04:33:00,7/2/17,12:12:00,Scheduled
089KK-20-2810,6/9/17,08:03:00,6001,725,9,8,7/2/17,19:06:00,7/3/17,03:23:00,Scheduled
089KK-20-2810,6/9/17,08:03:00,1449,725,9,8,7/4/17,00:04:00,7/4/17,02:04:00,Scheduled
089KK-20-2820,6/9/17,08:03:00,4350,725,9,8,7/4/17,05:23:00,7/4/17,11:23:00,Scheduled
089KK-20-2820,6/9/17,08:03:00,5650,725,9,8,7/4/17,18:16:00,7/5/17,02:04:00,Scheduled
089KK-34-2900,6/9/17,08:03:00,2350,725,3,8,7/5/17,02:04:00,7/5/17,05:18:00,Scheduled
089KK-34-2900,6/9/17,08:03:00,7650,725,3,8,7/6/17,02:00:00,7/6/17,12:33:00,Scheduled
089KK-20-2900,6/9/17,08:03:00,9000,725,9,8,7/6/17,12:33:00,7/7/17,00:58:00,Scheduled
089KK-22-2900,6/9/17,08:03:00,3000,725,8,8,7/7/17,00:58:00,7/7/17,05:06:00,Scheduled
089KK-20-2910,6/9/17,08:03:00,10000,725,9,8,7/7/17,05:06:00,7/7/17,18:54:00,Scheduled
089KK-20-2920,6/9/17,08:03:00,11000,725,9,8,7/7/17,00:41:00,7/8/17,15:52:00,Scheduled
PH-D8O-326-PC,5/6/17,16:29:47,2.8,3000,44,14,5/6/17,14:00:00,5/6/17,14:56:00,Scheduled
PH-P1U-327-PC,5/6/17,16:29:47,6,3000,8,14,5/6/17,17:56:00,5/6/17,19:56:00,Scheduled
PH-D8O-329-PC,5/6/17,16:29:47,32.2,3000,44,14,5/6/17,19:56:00,6/6/17,06:40:00,Scheduled
PH-D8O-329-PC,5/6/17,16:29:47,17.4,2800,44,14,6/6/17,06:40:00,6/6/17,12:53:00,Scheduled
PH-K81-321-PC,5/6/17,16:29:47,30,2800,5,14,6/6/17,12:53:00,6/6/17,23:36:00,Scheduled
PH-D8O-330-PC,5/6/17,16:29:47,50,2800,44,14,6/6/17,23:36:00,7/6/17,17:27:00,Scheduled
PH-D8O-308-PC,5/6/17,16:29:47,2.6,2800,44,14,7/6/17,17:27:00,7/6/17,18:23:00,Scheduled
PH-D8O-308-PC,5/6/17,16:29:47,47.4,2800,44,14,9/6/17,09:00:00,10/6/17,01:56:00,Scheduled
PH-V95-309-PC,5/6/17,16:29:47,2.6,2800,3,14,10/6/17,01:56:00,10/6/17,02:51:00,Scheduled
PH-V95-309-PC,5/6/17,16:29:47,50,3000,3,14,10/6/17,02:51:00,10/6/17,19:31:00,Scheduled
PH-V95-309-PC,5/6/17,16:29:47,47.4,2800,3,14,10/6/17,19:31:00,11/6/17,12:27:00,Scheduled
PH-V95-311-PC,5/6/17,16:29:47,2.6,2800,3,14,11/6/17,12:27:00,11/6/17,13:23:00,Scheduled
PH-V95-311-PC,5/6/17,16:29:47,47.4,3000,3,14,12/6/17,15:00:00,13/6/17,06:48:00,Scheduled
PH-D94-312-PC,5/6/17,16:29:47,2.6,3000,43,14,13/6/17,06:48:00,13/6/17,07:40:00,Scheduled
PH-D94-312-PC,5/6/17,16:29:47,47.4,3000,43,14,17/6/17,10:00:00,18/6/17,01:48:00,Scheduled
PH-V95-313-PC,5/6/17,16:29:47,2.6,3000,3,14,18/6/17,01:48:00,18/6/17,02:40:00,Scheduled
PH-V95-313-PC,5/6/17,16:29:47,40,2800,3,14,18/6/17,02:40:00,18/6/17,16:57:00,Scheduled
PH-V95-313-PC,5/6/17,16:29:47,7.4,3000,3,14,18/6/17,16:57:00,18/6/17,19:25:00,Scheduled
PH-D94-314-PC,5/6/17,16:29:47,42.6,3000,43,14,18/6/17,19:25:00,19/6/17,09:37:00,Scheduled
PH-D94-314-PC,5/6/17,16:29:47,7.4,2800,43,14,26/6/17,10:00:00,26/6/17,12:39:00,Scheduled
PH-D94-316-PC,5/6/17,16:29:47,32.6,2800,43,14,26/6/17,12:39:00,27/6/17,00:17:00,Scheduled
PH-D94-316-PC,5/6/17,16:29:47,17.4,3000,43,14,27/6/17,00:17:00,27/6/17,06:05:00,Scheduled
PH-V95-317-PC,5/6/17,16:29:47,32.6,3000,3,14,27/6/17,06:05:00,27/6/17,16:57:00,Scheduled
,,,,,,,,,,,
,,,,,,,,,,,
,,,,,,,,,,,
,,,,,,,,,,,