terminal_id,grade_id,day,opening_stock,volume_in,volume_out,closing_stock,receipts,shipments,rack_liftings,transfers_in,transfers_out,exchange_in,exchange_out,regrade_in,regrade_out,gain_loss,closing_stock_low,closing_stock_high
8,3,2017-06-06,-47,0,21,-68,0,0,21,0,0,0,0,0,0,0,-281,-47
8,3,2017-06-07,-68,0,143,-211,0,0,143,0,0,0,0,0,0,0,-618,-46
8,3,2017-06-08,-211,0,30,-241,0,0,30,0,0,0,0,0,0,0,-728,-46
8,3,2017-06-09,-241,0,21,-262,0,0,21,0,0,0,0,0,0,0,-830,-46
8,3,2017-06-10,-262,0,133,-395,0,0,133,0,0,0,0,0,0,0,-1039,-101
8,3,2017-06-11,-395,0,125,-520,0,0,125,0,0,0,0,0,0,0,-1259,-131
8,3,2017-06-12,-520,0,100,-620,0,0,100,0,0,0,0,0,0,0,-1465,-131
8,3,2017-06-13,-620,0,21,-641,0,0,21,0,0,0,0,0,0,0,-1592,-130
8,3,2017-06-14,-641,0,31,-672,0,0,31,0,0,0,0,0,0,0,-1731,-130
8,3,2017-06-15,-672,0,21,-693,0,0,21,0,0,0,0,0,0,0,-1857,-129
8,3,2017-06-16,-693,0,31,-724,0,0,31,0,0,0,0,0,0,0,-1991,-129
8,3,2017-06-17,-724,0,129,-853,0,0,129,0,0,0,0,0,0,0,-2223,-155
8,3,2017-06-18,-853,0,21,-874,0,0,21,0,0,0,0,0,0,0,-2351,-154
8,3,2017-06-19,-874,0,125,-999,0,0,125,0,0,0,0,0,0,0,-2580,-175
8,3,2017-06-20,-999,0,31,-1030,0,0,31,0,0,0,0,0,0,0,-2715,-174
8,3,2017-06-21,-1030,0,21,-1051,0,0,21,0,0,0,0,0,0,0,-2839,-174
8,3,2017-06-22,-1051,0,119,-1170,0,0,119,0,0,0,0,0,0,0,-3053,-197
8,3,2017-06-23,-1170,0,21,-1191,0,0,21,0,0,0,0,0,0,0,-3174,-197
8,3,2017-06-24,-1191,0,21,-1212,0,0,21,0,0,0,0,0,0,0,-3295,-197
8,3,2017-06-25,-1212,0,21,-1233,0,0,21,0,0,0,0,0,0,0,-3409,-196
8,3,2017-06-26,-1233,0,31,-1264,0,0,31,0,0,0,0,0,0,0,-3529,-196
8,3,2017-06-27,-1264,0,31,-1295,0,0,31,0,0,0,0,0,0,0,-3643,-195
8,3,2017-06-28,-1295,0,31,-1326,0,0,31,0,0,0,0,0,0,0,-3757,-195
8,3,2017-06-29,-1326,0,31,-1357,0,0,31,0,0,0,0,0,0,0,-3872,-195
8,3,2017-06-30,-1357,0,31,-1388,0,0,31,0,0,0,0,0,0,0,-3985,-194
8,8,2017-06-06,-141,0,0,-141,0,0,0,0,0,0,0,0,0,0,-193,-141
8,8,2017-06-07,-141,0,0,-141,0,0,0,0,0,0,0,0,0,0,-246,-141
8,8,2017-06-08,-141,0,0,-141,0,0,0,0,0,0,0,0,0,0,-299,-141
8,8,2017-06-09,-141,0,0,-141,0,0,0,0,0,0,0,0,0,0,-350,-141
8,8,2017-06-10,-141,0,0,-141,0,0,0,0,0,0,0,0,0,0,-399,-141
8,8,2017-06-11,-141,0,0,-141,0,0,0,0,0,0,0,0,0,0,-448,-141
8,8,2017-06-12,-141,0,0,-141,0,0,0,0,0,0,0,0,0,0,-497,-141
8,8,2017-06-13,-141,0,0,-141,0,0,0,0,0,0,0,0,0,0,-546,-141
8,8,2017-06-14,-141,0,0,-141,0,0,0,0,0,0,0,0,0,0,-595,-141
8,8,2017-06-15,-141,0,0,-141,0,0,0,0,0,0,0,0,0,0,-644,-141
8,8,2017-06-16,-141,0,0,-141,0,0,0,0,0,0,0,0,0,0,-666,-141
8,8,2017-06-17,-141,0,0,-141,0,0,0,0,0,0,0,0,0,0,-672,-141
8,8,2017-06-18,-141,0,0,-141,0,0,0,0,0,0,0,0,0,0,-672,-141
8,8,2017-06-19,-141,0,0,-141,0,0,0,0,0,0,0,0,0,0,-672,-141
8,8,2017-06-20,-141,0,0,-141,0,0,0,0,0,0,0,0,0,0,-672,-141
8,8,2017-06-21,-141,0,0,-141,0,0,0,0,0,0,0,0,0,0,-672,-141
8,8,2017-06-22,-141,0,22,-163,0,0,22,0,0,0,0,0,0,0,-695,-163
8,8,2017-06-23,-163,0,0,-163,0,0,0,0,0,0,0,0,0,0,-707,-163
8,8,2017-06-24,-163,0,0,-163,0,0,0,0,0,0,0,0,0,0,-719,-163
8,8,2017-06-25,-163,0,0,-163,0,0,0,0,0,0,0,0,0,0,-731,-163
8,8,2017-06-26,-163,0,0,-163,0,0,0,0,0,0,0,0,0,0,-743,-163
8,8,2017-06-27,-163,0,0,-163,0,0,0,0,0,0,0,0,0,0,-754,-163
8,8,2017-06-28,-163,0,0,-163,0,0,0,0,0,0,0,0,0,0,-766,-163
8,8,2017-06-29,-163,0,0,-163,0,0,0,0,0,0,0,0,0,0,-778,-163
8,8,2017-06-30,-163,0,0,-163,0,0,0,0,0,0,0,0,0,0,-790,-163
8,9,2017-06-06,-1853,0,263,-2116,0,0,263,0,0,0,0,0,0,0,-2521,-1853
8,9,2017-06-07,-2116,0,290,-2406,0,0,290,0,0,0,0,0,0,0,-3203,-1852
8,9,2017-06-08,-2406,0,370,-2776,0,0,370,0,0,0,0,0,0,0,-3962,-1851
8,9,2017-06-09,-2776,0,271,-3047,0,0,271,0,0,0,0,0,0,0,-4629,-1851
8,9,2017-06-10,-3047,0,317,-3364,0,0,317,0,0,0,0,0,0,0,-5342,-1851
8,9,2017-06-11,-3364,0,329,-3693,0,0,329,0,0,0,0,0,0,0,-6047,-1850
8,9,2017-06-12,-3693,0,258,-3951,0,0,258,0,0,0,0,0,0,0,-6655,-1850
8,9,2017-06-13,-3951,0,274,-4225,0,0,274,0,0,0,0,0,0,0,-7244,-1849
8,9,2017-06-14,-4225,0,293,-4518,0,0,293,0,0,0,0,0,0,0,-7839,-1848
8,9,2017-06-15,-4518,0,258,-4776,0,0,258,0,0,0,0,0,0,0,-8346,-1856
8,9,2017-06-16,-4776,0,258,-5034,0,0,258,0,0,0,0,0,0,0,-8830,-1888
8,9,2017-06-17,-5034,0,308,-5342,0,0,308,0,0,0,0,0,0,0,-9361,-1973
8,9,2017-06-18,-5342,0,340,-5682,0,0,340,0,0,0,0,0,0,0,-9896,-2120
8,9,2017-06-19,-5682,0,274,-5956,0,0,274,0,0,0,0,0,0,0,-10281,-2281
8,9,2017-06-20,-5956,0,274,-6230,0,0,274,0,0,0,0,0,0,0,-10625,-2486
8,9,2017-06-21,-6230,0,345,-6575,0,0,345,0,0,0,0,0,0,0,-11038,-2763
8,9,2017-06-22,-6575,0,343,-6918,0,0,343,0,0,0,0,0,0,0,-11454,-3033
8,9,2017-06-23,-6918,0,342,-7260,0,0,342,0,0,0,0,0,0,0,-11862,-3309
8,9,2017-06-24,-7260,0,330,-7590,0,0,330,0,0,0,0,0,0,0,-12261,-3570
8,9,2017-06-25,-7590,0,337,-7927,0,0,337,0,0,0,0,0,0,0,-12667,-3837
8,9,2017-06-26,-7927,0,258,-8185,0,0,258,0,0,0,0,0,0,0,-12996,-4025
8,9,2017-06-27,-8185,0,274,-8459,0,0,274,0,0,0,0,0,0,0,-13341,-4228
8,9,2017-06-28,-8459,0,339,-8798,0,0,339,0,0,0,0,0,0,0,-13751,-4496
8,9,2017-06-29,-8798,0,340,-9138,0,0,340,0,0,0,0,0,0,0,-14164,-4763
8,9,2017-06-30,-9138,0,274,-9412,0,0,274,0,0,0,0,0,0,0,-14508,-4967
9,2,2017-06-06,779,0,0,779,0,0,0,0,0,0,0,0,0,0,779,779
9,2,2017-06-07,779,0,0,779,0,0,0,0,0,0,0,0,0,0,779,779
9,2,2017-06-08,779,0,0,779,0,0,0,0,0,0,0,0,0,0,779,779
9,2,2017-06-09,779,0,0,779,0,0,0,0,0,0,0,0,0,0,779,779
9,2,2017-06-10,779,0,0,779,0,0,0,0,0,0,0,0,0,0,779,779
9,2,2017-06-11,779,0,0,779,0,0,0,0,0,0,0,0,0,0,779,779
9,2,2017-06-12,779,0,0,779,0,0,0,0,0,0,0,0,0,0,779,779
9,2,2017-06-13,779,0,0,779,0,0,0,0,0,0,0,0,0,0,779,779
9,2,2017-06-14,779,0,0,779,0,0,0,0,0,0,0,0,0,0,779,779
9,2,2017-06-15,779,0,0,779,0,0,0,0,0,0,0,0,0,0,779,779
9,2,2017-06-16,779,0,0,779,0,0,0,0,0,0,0,0,0,0,779,779
9,2,2017-06-17,779,0,0,779,0,0,0,0,0,0,0,0,0,0,779,779
9,2,2017-06-18,779,0,0,779,0,0,0,0,0,0,0,0,0,0,779,779
9,2,2017-06-19,779,0,0,779,0,0,0,0,0,0,0,0,0,0,779,779
9,2,2017-06-20,779,0,0,779,0,0,0,0,0,0,0,0,0,0,779,779
9,2,2017-06-21,779,0,0,779,0,0,0,0,0,0,0,0,0,0,779,779
9,2,2017-06-22,779,0,0,779,0,0,0,0,0,0,0,0,0,0,779,779
9,2,2017-06-23,779,0,0,779,0,0,0,0,0,0,0,0,0,0,779,779
9,2,2017-06-24,779,0,0,779,0,0,0,0,0,0,0,0,0,0,779,779
9,2,2017-06-25,779,0,0,779,0,0,0,0,0,0,0,0,0,0,779,779
9,2,2017-06-26,779,0,0,779,0,0,0,0,0,0,0,0,0,0,779,779
9,2,2017-06-27,779,0,0,779,0,0,0,0,0,0,0,0,0,0,779,779
9,2,2017-06-28,779,0,0,779,0,0,0,0,0,0,0,0,0,0,779,779
9,2,2017-06-29,779,0,0,779,0,0,0,0,0,0,0,0,0,0,779,779
9,2,2017-06-30,779,0,0,779,0,0,0,0,0,0,0,0,0,0,779,779
9,3,2017-06-06,65442,0,30000,35442,0,0,30000,0,0,0,0,0,0,0,35442,35442
9,3,2017-06-07,35442,0,15000,20442,0,0,15000,0,0,0,0,0,0,0,4727,35442
9,3,2017-06-08,20442,0,22500,-2058,0,0,22500,0,0,0,0,0,0,0,-34793,29962
9,3,2017-06-09,-2058,0,18750,-20808,0,0,18750,0,0,0,0,0,0,0,-73187,29962
9,3,2017-06-10,-20808,0,0,-20808,0,0,0,0,0,0,0,0,0,0,-93897,29962
9,3,2017-06-11,-20808,0,19687,-40495,0,0,19687,0,0,0,0,0,0,0,-134295,29962
9,3,2017-06-12,-40495,0,20156,-60651,0,0,20156,0,0,0,0,0,0,0,-175982,29962
9,3,2017-06-13,-60651,0,19921,-80572,0,0,19921,0,0,0,0,0,0,0,-217924,29963
9,3,2017-06-14,-80572,0,20039,-100611,0,0,20039,0,0,0,0,0,0,0,-260049,29963
9,3,2017-06-15,-100611,0,0,-100611,0,0,0,0,0,0,0,0,0,0,-281831,29963
9,3,2017-06-16,-100611,0,1000,-101611,0,0,1000,0,0,0,0,0,0,0,-304613,29964
9,3,2017-06-17,-101611,0,1000,-102611,0,0,1000,0,0,0,0,0,0,0,-327239,29965
9,3,2017-06-18,-102611,0,1000,-103611,0,0,1000,0,0,0,0,0,0,0,-349708,29966
9,3,2017-06-19,-103611,0,1000,-104611,0,0,1000,0,0,0,0,0,0,0,-372019,29966
9,3,2017-06-20,-104611,0,1000,-105611,0,0,1000,0,0,0,0,0,0,0,-394166,29967
9,3,2017-06-21,-105611,0,1000,-106611,0,0,1000,0,0,0,0,0,0,0,-414454,29968
9,3,2017-06-22,-106611,0,1000,-107611,0,0,1000,0,0,0,0,0,0,0,-435076,29969
9,3,2017-06-23,-107611,0,1000,-108611,0,0,1000,0,0,0,0,0,0,0,-454551,29969
9,3,2017-06-24,-108611,0,1000,-109611,0,0,1000,0,0,0,0,0,0,0,-473162,29970
9,3,2017-06-25,-109611,0,19999,-129610,0,0,19999,0,0,0,0,0,0,0,-510674,27485
9,3,2017-06-26,-129610,0,20000,-149610,0,0,20000,0,0,0,0,0,0,0,-548259,25069
9,3,2017-06-27,-149610,0,19999,-169609,0,0,19999,0,0,0,0,0,0,0,-585806,22618
9,3,2017-06-28,-169609,0,20000,-189609,0,0,20000,0,0,0,0,0,0,0,-623372,20184
9,3,2017-06-29,-189609,0,19999,-209608,0,0,19999,0,0,0,0,0,0,0,-660928,17743
9,3,2017-06-30,-209608,0,20000,-229608,0,0,20000,0,0,0,0,0,0,0,-699445,16259
9,8,2017-06-06,19770,0,3,19767,0,0,3,0,0,0,0,0,0,0,19743,19771
9,8,2017-06-07,19767,0,20,19747,0,0,20,0,0,0,0,0,0,0,19698,19771
9,8,2017-06-08,19747,0,20,19727,0,0,20,0,0,0,0,0,0,0,19654,19772
9,8,2017-06-09,19727,0,20,19707,0,0,20,0,0,0,0,0,0,0,19608,19772
9,8,2017-06-10,19707,0,15,19692,0,0,15,0,0,0,0,0,0,0,19567,19772
9,8,2017-06-11,19692,0,15,19677,0,0,15,0,0,0,0,0,0,0,19527,19773
9,8,2017-06-12,19677,0,3,19674,0,0,3,0,0,0,0,0,0,0,19499,19773
9,8,2017-06-13,19674,0,2,19672,0,0,2,0,0,0,0,0,0,0,19473,19774
9,8,2017-06-14,19672,0,17,19655,0,0,17,0,0,0,0,0,0,0,19437,19774
9,8,2017-06-15,19655,0,17,19638,0,0,17,0,0,0,0,0,0,0,19402,19775
9,8,2017-06-16,19638,0,2,19636,0,0,2,0,0,0,0,0,0,0,19382,19775
9,8,2017-06-17,19636,0,17,19619,0,0,17,0,0,0,0,0,0,0,19347,19775
9,8,2017-06-18,19619,0,17,19602,0,0,17,0,0,0,0,0,0,0,19314,19775
9,8,2017-06-19,19602,0,17,19585,0,0,17,0,0,0,0,0,0,0,19281,19773
9,8,2017-06-20,19585,0,2,19583,0,0,2,0,0,0,0,0,0,0,19265,19774
9,8,2017-06-21,19583,0,17,19566,0,0,17,0,0,0,0,0,0,0,19233,19772
9,8,2017-06-22,19566,0,17,19549,0,0,17,0,0,0,0,0,0,0,19202,19769
9,8,2017-06-23,19549,0,3,19546,0,0,3,0,0,0,0,0,0,0,19185,19769
9,8,2017-06-24,19546,0,18,19528,0,0,18,0,0,0,0,0,0,0,19153,19765
9,8,2017-06-25,19528,0,18,19510,0,0,18,0,0,0,0,0,0,0,19121,19762
9,8,2017-06-26,19510,0,2,19508,0,0,2,0,0,0,0,0,0,0,19103,19762
9,8,2017-06-27,19508,0,3,19505,0,0,3,0,0,0,0,0,0,0,19086,19762
9,8,2017-06-28,19505,0,3,19502,0,0,3,0,0,0,0,0,0,0,19068,19762
9,8,2017-06-29,19502,0,18,19484,0,0,18,0,0,0,0,0,0,0,19035,19759
9,8,2017-06-30,19484,0,2,19482,0,0,2,0,0,0,0,0,0,0,19018,19760
9,9,2017-06-06,143876,0,46,143830,0,0,46,0,0,0,0,0,0,0,143662,143877
9,9,2017-06-07,143830,0,139,143691,0,0,139,0,0,0,0,0,0,0,143356,143878
9,9,2017-06-08,143691,0,78,143613,0,0,78,0,0,0,0,0,0,0,143105,143878
9,9,2017-06-09,143613,0,104,143509,0,0,104,0,0,0,0,0,0,0,142834,143879
9,9,2017-06-10,143509,0,92,143417,0,0,92,0,0,0,0,0,0,0,142575,143880
9,9,2017-06-11,143417,0,129,143288,0,0,129,0,0,0,0,0,0,0,142280,143880
9,9,2017-06-12,143288,0,60,143228,0,0,60,0,0,0,0,0,0,0,142056,143881
9,9,2017-06-13,143228,0,60,143168,0,0,60,0,0,0,0,0,0,0,141836,143881
9,9,2017-06-14,143168,0,120,143048,0,0,120,0,0,0,0,0,0,0,141608,143868
9,9,2017-06-15,143048,0,121,142927,0,0,121,0,0,0,0,0,0,0,141381,143853
9,9,2017-06-16,142927,0,124,142803,0,0,124,0,0,0,0,0,0,0,141156,143831
9,9,2017-06-17,142803,0,123,142680,0,0,123,0,0,0,0,0,0,0,140939,143801
9,9,2017-06-18,142680,0,122,142558,0,0,122,0,0,0,0,0,0,0,140726,143771
9,9,2017-06-19,142558,0,41,142517,0,0,41,0,0,0,0,0,0,0,140605,143771
9,9,2017-06-20,142517,0,60,142457,0,0,60,0,0,0,0,0,0,0,140479,143772
9,9,2017-06-21,142457,0,123,142334,0,0,123,0,0,0,0,0,0,0,140292,143712
9,9,2017-06-22,142334,0,123,142211,0,0,123,0,0,0,0,0,0,0,140109,143650
9,9,2017-06-23,142211,0,122,142089,0,0,122,0,0,0,0,0,0,0,139925,143590
9,9,2017-06-24,142089,0,122,141967,0,0,122,0,0,0,0,0,0,0,139741,143530
9,9,2017-06-25,141967,0,123,141844,0,0,123,0,0,0,0,0,0,0,139555,143470
9,9,2017-06-26,141844,0,41,141803,0,0,41,0,0,0,0,0,0,0,139451,143470
9,9,2017-06-27,141803,0,41,141762,0,0,41,0,0,0,0,0,0,0,139343,143471
9,9,2017-06-28,141762,0,122,141640,0,0,122,0,0,0,0,0,0,0,139150,143420
9,9,2017-06-29,141640,0,112,141528,0,0,112,0,0,0,0,0,0,0,138967,143379
9,9,2017-06-30,141528,0,142,141386,0,0,142,0,0,0,0,0,0,0,138755,143308
20,3,2017-06-06,-344,0,110,-454,0,0,110,0,0,0,0,0,0,0,-877,-344
20,3,2017-06-07,-454,0,119,-573,0,0,119,0,0,0,0,0,0,0,-1395,-344
20,3,2017-06-08,-573,0,124,-697,0,0,124,0,0,0,0,0,0,0,-1846,-344
20,3,2017-06-09,-697,0,126,-823,0,0,126,0,0,0,0,0,0,0,-2289,-343
20,3,2017-06-10,-823,0,128,-951,0,0,128,0,0,0,0,0,0,0,-2552,-343
20,3,2017-06-11,-951,0,129,-1080,0,0,129,0,0,0,0,0,0,0,-2817,-343
20,3,2017-06-12,-1080,0,129,-1209,0,0,129,0,0,0,0,0,0,0,-3076,-342
20,3,2017-06-13,-1209,0,129,-1338,0,0,129,0,0,0,0,0,0,0,-3326,-350
20,3,2017-06-14,-1338,0,129,-1467,0,0,129,0,0,0,0,0,0,0,-3566,-367
20,3,2017-06-15,-1467,0,130,-1597,0,0,130,0,0,0,0,0,0,0,-3794,-399
20,3,2017-06-16,-1597,0,130,-1727,0,0,130,0,0,0,0,0,0,0,-4015,-439
20,3,2017-06-17,-1727,0,130,-1857,0,0,130,0,0,0,0,0,0,0,-4235,-479
20,3,2017-06-18,-1857,0,130,-1987,0,0,130,0,0,0,0,0,0,0,-4433,-541
20,3,2017-06-19,-1987,0,130,-2117,0,0,130,0,0,0,0,0,0,0,-4582,-650
20,3,2017-06-20,-2117,0,130,-2247,0,0,130,0,0,0,0,0,0,0,-4724,-769
20,3,2017-06-21,-2247,0,130,-2377,0,0,130,0,0,0,0,0,0,0,-4860,-893
20,3,2017-06-22,-2377,0,130,-2507,0,0,130,0,0,0,0,0,0,0,-4994,-1020
20,3,2017-06-23,-2507,0,130,-2637,0,0,130,0,0,0,0,0,0,0,-5126,-1148
20,3,2017-06-24,-2637,0,130,-2767,0,0,130,0,0,0,0,0,0,0,-5256,-1276
20,3,2017-06-25,-2767,0,130,-2897,0,0,130,0,0,0,0,0,0,0,-5387,-1406
20,3,2017-06-26,-2897,0,130,-3027,0,0,130,0,0,0,0,0,0,0,-5517,-1536
20,3,2017-06-27,-3027,0,130,-3157,0,0,130,0,0,0,0,0,0,0,-5648,-1666
20,3,2017-06-28,-3157,0,130,-3287,0,0,130,0,0,0,0,0,0,0,-5778,-1796
20,3,2017-06-29,-3287,0,130,-3417,0,0,130,0,0,0,0,0,0,0,-5908,-1926
20,3,2017-06-30,-3417,0,130,-3547,0,0,130,0,0,0,0,0,0,0,-6038,-2055
20,8,2017-06-06,-155,0,17,-172,0,0,17,0,0,0,0,0,0,0,-261,-155
20,8,2017-06-07,-172,0,61,-233,0,0,61,0,0,0,0,0,0,0,-413,-155
20,8,2017-06-08,-233,0,61,-294,0,0,61,0,0,0,0,0,0,0,-562,-155
20,8,2017-06-09,-294,0,63,-357,0,0,63,0,0,0,0,0,0,0,-713,-154
20,8,2017-06-10,-357,0,17,-374,0,0,17,0,0,0,0,0,0,0,-795,-154
20,8,2017-06-11,-374,0,14,-388,0,0,14,0,0,0,0,0,0,0,-871,-153
20,8,2017-06-12,-388,0,51,-439,0,0,51,0,0,0,0,0,0,0,-981,-152
20,8,2017-06-13,-439,0,49,-488,0,0,49,0,0,0,0,0,0,0,-1088,-152
20,8,2017-06-14,-488,0,49,-537,0,0,49,0,0,0,0,0,0,0,-1189,-151
20,8,2017-06-15,-537,0,17,-554,0,0,17,0,0,0,0,0,0,0,-1255,-151
20,8,2017-06-16,-554,0,56,-610,0,0,56,0,0,0,0,0,0,0,-1356,-161
20,8,2017-06-17,-610,0,56,-666,0,0,56,0,0,0,0,0,0,0,-1454,-176
20,8,2017-06-18,-666,0,49,-715,0,0,49,0,0,0,0,0,0,0,-1546,-182
20,8,2017-06-19,-715,0,17,-732,0,0,17,0,0,0,0,0,0,0,-1600,-182
20,8,2017-06-20,-732,0,17,-749,0,0,17,0,0,0,0,0,0,0,-1655,-181
20,8,2017-06-21,-749,0,14,-763,0,0,14,0,0,0,0,0,0,0,-1707,-180
20,8,2017-06-22,-763,0,14,-777,0,0,14,0,0,0,0,0,0,0,-1761,-180
20,8,2017-06-23,-777,0,17,-794,0,0,17,0,0,0,0,0,0,0,-1816,-179
20,8,2017-06-24,-794,0,17,-811,0,0,17,0,0,0,0,0,0,0,-1870,-179
20,8,2017-06-25,-811,0,17,-828,0,0,17,0,0,0,0,0,0,0,-1924,-179
20,8,2017-06-26,-828,0,17,-845,0,0,17,0,0,0,0,0,0,0,-1976,-178
20,8,2017-06-27,-845,0,54,-899,0,0,54,0,0,0,0,0,0,0,-2065,-197
20,8,2017-06-28,-899,0,17,-916,0,0,17,0,0,0,0,0,0,0,-2118,-197
20,8,2017-06-29,-916,0,14,-930,0,0,14,0,0,0,0,0,0,0,-2167,-196
20,8,2017-06-30,-930,0,14,-944,0,0,14,0,0,0,0,0,0,0,-2216,-196
20,9,2017-06-06,-707,0,117,-824,0,0,117,0,0,0,0,0,0,0,-1024,-707
20,9,2017-06-07,-824,0,119,-943,0,0,119,0,0,0,0,0,0,0,-1342,-707
20,9,2017-06-08,-943,0,120,-1063,0,0,120,0,0,0,0,0,0,0,-1642,-706
20,9,2017-06-09,-1063,0,115,-1178,0,0,115,0,0,0,0,0,0,0,-1935,-706
20,9,2017-06-10,-1178,0,122,-1300,0,0,122,0,0,0,0,0,0,0,-2232,-705
20,9,2017-06-11,-1300,0,158,-1458,0,0,158,0,0,0,0,0,0,0,-2566,-705
20,9,2017-06-12,-1458,0,124,-1582,0,0,124,0,0,0,0,0,0,0,-2866,-705
20,9,2017-06-13,-1582,0,124,-1706,0,0,124,0,0,0,0,0,0,0,-3152,-705
20,9,2017-06-14,-1706,0,123,-1829,0,0,123,0,0,0,0,0,0,0,-3415,-704
20,9,2017-06-15,-1829,0,123,-1952,0,0,123,0,0,0,0,0,0,0,-3660,-704
20,9,2017-06-16,-1952,0,123,-2075,0,0,123,0,0,0,0,0,0,0,-3903,-708
20,9,2017-06-17,-2075,0,123,-2198,0,0,123,0,0,0,0,0,0,0,-4140,-716
20,9,2017-06-18,-2198,0,123,-2321,0,0,123,0,0,0,0,0,0,0,-4378,-723
20,9,2017-06-19,-2321,0,123,-2444,0,0,123,0,0,0,0,0,0,0,-4592,-757
20,9,2017-06-20,-2444,0,114,-2558,0,0,114,0,0,0,0,0,0,0,-4726,-851
20,9,2017-06-21,-2558,0,114,-2672,0,0,114,0,0,0,0,0,0,0,-4860,-945
20,9,2017-06-22,-2672,0,173,-2845,0,0,173,0,0,0,0,0,0,0,-5053,-1097
20,9,2017-06-23,-2845,0,173,-3018,0,0,173,0,0,0,0,0,0,0,-5259,-1237
20,9,2017-06-24,-3018,0,171,-3189,0,0,171,0,0,0,0,0,0,0,-5470,-1368
20,9,2017-06-25,-3189,0,170,-3359,0,0,170,0,0,0,0,0,0,0,-5685,-1494
20,9,2017-06-26,-3359,0,167,-3526,0,0,167,0,0,0,0,0,0,0,-5898,-1615
20,9,2017-06-27,-3526,0,123,-3649,0,0,123,0,0,0,0,0,0,0,-6070,-1689
20,9,2017-06-28,-3649,0,168,-3817,0,0,168,0,0,0,0,0,0,0,-6287,-1808
20,9,2017-06-29,-3817,0,168,-3985,0,0,168,0,0,0,0,0,0,0,-6505,-1926
20,9,2017-06-30,-3985,0,123,-4108,0,0,123,0,0,0,0,0,0,0,-6678,-1998
21,3,2017-06-06,33576,360,2073,31863,360,0,2073,0,0,0,0,0,0,0,30762,32963
21,3,2017-06-07,31863,0,1976,29887,0,0,1976,0,0,0,0,0,0,0,27691,32083
21,3,2017-06-08,29887,4400,1999,32288,4400,0,1999,0,0,0,0,0,0,0,29005,35571
21,3,2017-06-09,32288,0,1982,30306,0,0,1982,0,0,0,0,0,0,0,25961,34652
21,3,2017-06-10,30306,0,1953,28353,0,0,1953,0,0,0,0,0,0,0,22997,33710
21,3,2017-06-11,28353,0,1912,26441,0,0,1912,0,0,0,0,0,0,0,20078,32804
21,3,2017-06-12,26441,5538,1899,30080,5538,0,1899,0,0,0,0,0,0,0,22932,37227
21,3,2017-06-13,30080,4460,1994,32546,4460,0,1994,0,0,0,0,0,0,0,24657,40434
21,3,2017-06-14,32546,0,1993,30553,0,0,1993,0,0,0,0,0,0,0,21925,39182
21,3,2017-06-15,30553,0,2021,28532,0,0,2021,0,0,0,0,0,0,0,19167,37897
21,3,2017-06-16,28532,0,1956,26576,0,0,1956,0,0,0,0,0,0,0,16678,36473
21,3,2017-06-17,26576,5726,1980,30322,5726,0,1980,0,0,0,0,0,0,0,19928,40716
21,3,2017-06-18,30322,4264,1993,32593,4264,0,1993,0,0,0,0,0,0,0,21704,43484
21,3,2017-06-19,32593,0,1977,30616,0,0,1977,0,0,0,0,0,0,0,19363,41870
21,3,2017-06-20,30616,0,1977,28639,0,0,1977,0,0,0,0,0,0,0,17302,39976
21,3,2017-06-21,28639,2929,1993,29575,2929,0,1993,0,0,0,0,0,0,0,18174,40978
21,3,2017-06-22,29575,6792,1993,34374,6792,0,1993,0,0,0,0,0,0,0,22906,45841
21,3,2017-06-23,34374,269,1993,32650,269,0,1993,0,0,0,0,0,0,0,21116,44182
21,3,2017-06-24,32650,0,1993,30657,0,0,1993,0,0,0,0,0,0,0,19058,42255
21,3,2017-06-25,30657,0,1977,28680,0,0,1977,0,0,0,0,0,0,0,17016,40343
21,3,2017-06-26,28680,4094,1977,30797,4094,0,1977,0,0,0,0,0,0,0,19079,42515
21,3,2017-06-27,30797,5896,1977,34716,5896,0,1977,0,0,0,0,0,0,0,22969,46462
21,3,2017-06-28,34716,0,1993,32723,0,0,1993,0,0,0,0,0,0,0,20947,44499
21,3,2017-06-29,32723,0,1993,30730,0,0,1993,0,0,0,0,0,0,0,18925,42535
21,3,2017-06-30,30730,1297,1993,30034,1297,0,1993,0,0,0,0,0,0,0,18208,41861
21,8,2017-06-06,21118,0,1309,19809,0,0,1309,0,0,0,0,0,0,0,19403,20215
21,8,2017-06-07,19809,0,1316,18493,0,0,1316,0,0,0,0,0,0,0,17681,19305
21,8,2017-06-08,18493,0,1317,17176,0,0,1317,0,0,0,0,0,0,0,16018,18333
21,8,2017-06-09,17176,0,1317,15859,0,0,1317,0,0,0,0,0,0,0,14355,17362
21,8,2017-06-10,15859,0,1255,14604,0,0,1255,0,0,0,0,0,0,0,12785,16422
21,8,2017-06-11,14604,2096,1317,15383,2096,0,1317,0,0,0,0,0,0,0,13266,17500
21,8,2017-06-12,15383,7865,1317,21931,7865,0,1317,0,0,0,0,0,0,0,19546,24316
21,8,2017-06-13,21931,0,1317,20614,0,0,1317,0,0,0,0,0,0,0,17963,23264
21,8,2017-06-14,20614,0,1317,19297,0,0,1317,0,0,0,0,0,0,0,16381,22213
21,8,2017-06-15,19297,0,1280,18017,0,0,1280,0,0,0,0,0,0,0,14840,21193
21,8,2017-06-16,18017,2791,1317,19491,2791,0,1317,0,0,0,0,0,0,0,16056,22926
21,8,2017-06-17,19491,3202,1317,21376,3202,0,1317,0,0,0,0,0,0,0,17735,25017
21,8,2017-06-18,21376,0,1317,20059,0,0,1317,0,0,0,0,0,0,0,16217,23902
21,8,2017-06-19,20059,0,1317,18742,0,0,1317,0,0,0,0,0,0,0,14855,22629
21,8,2017-06-20,18742,0,1317,17425,0,0,1317,0,0,0,0,0,0,0,13502,21349
21,8,2017-06-21,17425,5000,1317,21108,5000,0,1317,0,0,0,0,0,0,0,17149,25069
21,8,2017-06-22,21108,0,1317,19791,0,0,1317,0,0,0,0,0,0,0,15793,23787
21,8,2017-06-23,19791,0,1317,18474,0,0,1317,0,0,0,0,0,0,0,14440,22507
21,8,2017-06-24,18474,0,1317,17157,0,0,1317,0,0,0,0,0,0,0,13086,21227
21,8,2017-06-25,17157,0,1317,15840,0,0,1317,0,0,0,0,0,0,0,11749,19930
21,8,2017-06-26,15840,7000,1317,21523,7000,0,1317,0,0,0,0,0,0,0,17413,25633
21,8,2017-06-27,21523,0,1317,20206,0,0,1317,0,0,0,0,0,0,0,16077,24336
21,8,2017-06-28,20206,0,1285,18921,0,0,1285,0,0,0,0,0,0,0,14771,23070
21,8,2017-06-29,18921,0,1317,17604,0,0,1317,0,0,0,0,0,0,0,13430,21778
21,8,2017-06-30,17604,5000,1317,21287,5000,0,1317,0,0,0,0,0,0,0,17097,25478
21,9,2017-06-06,33516,33200,10578,56138,33200,0,10578,0,0,0,0,0,0,0,53586,58690
21,9,2017-06-07,56138,0,10575,45563,0,0,10575,0,0,0,0,0,0,0,40465,50662
21,9,2017-06-08,45563,0,10575,34988,0,0,10575,0,0,0,0,0,0,0,27342,42634
21,9,2017-06-09,34988,0,10575,24413,0,0,10575,0,0,0,0,0,0,0,14236,34590
21,9,2017-06-10,24413,26347,10569,40191,26347,0,10569,0,0,0,0,0,0,0,27864,52519
21,9,2017-06-11,40191,21647,10572,51266,21647,0,10572,0,0,0,0,0,0,0,36793,65738
21,9,2017-06-12,51266,0,10575,40691,0,0,10575,0,0,0,0,0,0,0,24944,56438
21,9,2017-06-13,40691,0,10574,30117,0,0,10574,0,0,0,0,0,0,0,13119,47114
21,9,2017-06-14,30117,0,10574,19543,0,0,10574,0,0,0,0,0,0,0,1296,37790
21,9,2017-06-15,19543,13798,10574,22767,13798,0,10574,0,0,0,0,0,0,0,3694,41840
21,9,2017-06-16,22767,34198,10575,46390,34198,0,10575,0,0,0,0,0,0,0,26910,65871
21,9,2017-06-17,46390,0,10575,35815,0,0,10575,0,0,0,0,0,0,0,15945,55685
21,9,2017-06-18,35815,0,10575,25240,0,0,10575,0,0,0,0,0,0,0,5077,45404
21,9,2017-06-19,25240,0,10575,14665,0,0,10575,0,0,0,0,0,0,0,-5533,34863
21,9,2017-06-20,14665,35785,10575,39875,35785,0,10575,0,0,0,0,0,0,0,19673,60078
21,9,2017-06-21,39875,12212,10575,41512,12212,0,10575,0,0,0,0,0,0,0,21307,61717
21,9,2017-06-22,41512,0,10575,30937,0,0,10575,0,0,0,0,0,0,0,10729,51146
21,9,2017-06-23,30937,0,10575,20362,0,0,10575,0,0,0,0,0,0,0,150,40574
21,9,2017-06-24,20362,3995,10575,13782,3995,0,10575,0,0,0,0,0,0,0,-6432,33997
21,9,2017-06-25,13782,40800,10575,44007,40800,0,10575,0,0,0,0,0,0,0,23791,64223
21,9,2017-06-26,44007,3202,10575,36634,3202,0,10575,0,0,0,0,0,0,0,16418,56851
21,9,2017-06-27,36634,0,10575,26059,0,0,10575,0,0,0,0,0,0,0,5842,46276
21,9,2017-06-28,26059,0,10575,15484,0,0,10575,0,0,0,0,0,0,0,-4733,35702
21,9,2017-06-29,15484,25982,10575,30891,25982,0,10575,0,0,0,0,0,0,0,10673,51109
21,9,2017-06-30,30891,22015,10575,42331,22015,0,10575,0,0,0,0,0,0,0,22113,62550
23,3,2017-06-06,1103,0,0,1103,0,0,0,0,0,0,0,0,0,0,1103,1103
23,3,2017-06-07,1103,0,0,1103,0,0,0,0,0,0,0,0,0,0,1103,1103
23,3,2017-06-08,1103,0,0,1103,0,0,0,0,0,0,0,0,0,0,1103,1103
23,3,2017-06-09,1103,0,0,1103,0,0,0,0,0,0,0,0,0,0,1103,1103
23,3,2017-06-10,1103,0,0,1103,0,0,0,0,0,0,0,0,0,0,1103,1103
23,3,2017-06-11,1103,0,0,1103,0,0,0,0,0,0,0,0,0,0,1103,1103
23,3,2017-06-12,1103,0,0,1103,0,0,0,0,0,0,0,0,0,0,1103,1103
23,3,2017-06-13,1103,0,0,1103,0,0,0,0,0,0,0,0,0,0,1103,1103
23,3,2017-06-14,1103,0,0,1103,0,0,0,0,0,0,0,0,0,0,1103,1103
23,3,2017-06-15,1103,0,0,1103,0,0,0,0,0,0,0,0,0,0,1103,1103
23,3,2017-06-16,1103,0,0,1103,0,0,0,0,0,0,0,0,0,0,1103,1103
23,3,2017-06-17,1103,0,0,1103,0,0,0,0,0,0,0,0,0,0,1103,1103
23,3,2017-06-18,1103,0,0,1103,0,0,0,0,0,0,0,0,0,0,1103,1103
23,3,2017-06-19,1103,0,0,1103,0,0,0,0,0,0,0,0,0,0,1103,1103
23,3,2017-06-20,1103,0,0,1103,0,0,0,0,0,0,0,0,0,0,1103,1103
23,3,2017-06-21,1103,0,0,1103,0,0,0,0,0,0,0,0,0,0,1103,1103
23,3,2017-06-22,1103,0,0,1103,0,0,0,0,0,0,0,0,0,0,1103,1103
23,3,2017-06-23,1103,0,0,1103,0,0,0,0,0,0,0,0,0,0,1103,1103
23,3,2017-06-24,1103,0,0,1103,0,0,0,0,0,0,0,0,0,0,1103,1103
23,3,2017-06-25,1103,0,0,1103,0,0,0,0,0,0,0,0,0,0,1103,1103
23,3,2017-06-26,1103,0,0,1103,0,0,0,0,0,0,0,0,0,0,1103,1103
23,3,2017-06-27,1103,0,0,1103,0,0,0,0,0,0,0,0,0,0,1103,1103
23,3,2017-06-28,1103,0,0,1103,0,0,0,0,0,0,0,0,0,0,1103,1103
23,3,2017-06-29,1103,0,0,1103,0,0,0,0,0,0,0,0,0,0,1103,1103
23,3,2017-06-30,1103,0,0,1103,0,0,0,0,0,0,0,0,0,0,1103,1103
23,8,2017-06-01,0,0,0,0,0,0,0,0,0,0,0,0,0,0,0,0
23,8,2017-06-02,0,0,0,0,0,0,0,0,0,0,0,0,0,0,0,0
23,8,2017-06-03,0,0,0,0,0,0,0,0,0,0,0,0,0,0,0,0
23,8,2017-06-04,0,0,0,0,0,0,0,0,0,0,0,0,0,0,0,0
23,8,2017-06-05,0,0,0,0,0,0,0,0,0,0,0,0,0,0,0,0
23,8,2017-06-06,0,0,0,0,0,0,0,0,0,0,0,0,0,0,0,0
23,8,2017-06-07,0,0,0,0,0,0,0,0,0,0,0,0,0,0,0,0
23,8,2017-06-08,0,0,0,0,0,0,0,0,0,0,0,0,0,0,0,0
23,8,2017-06-09,0,0,0,0,0,0,0,0,0,0,0,0,0,0,0,0
23,8,2017-06-10,0,0,0,0,0,0,0,0,0,0,0,0,0,0,0,0
23,8,2017-06-11,0,0,0,0,0,0,0,0,0,0,0,0,0,0,0,0
23,8,2017-06-12,0,0,0,0,0,0,0,0,0,0,0,0,0,0,0,0
23,8,2017-06-13,0,0,0,0,0,0,0,0,0,0,0,0,0,0,0,0
23,8,2017-06-14,0,0,0,0,0,0,0,0,0,0,0,0,0,0,0,0
23,8,2017-06-15,0,0,0,0,0,0,0,0,0,0,0,0,0,0,0,0
23,8,2017-06-16,0,0,0,0,0,0,0,0,0,0,0,0,0,0,0,0
23,8,2017-06-17,0,0,0,0,0,0,0,0,0,0,0,0,0,0,0,0
23,8,2017-06-18,0,0,0,0,0,0,0,0,0,0,0,0,0,0,0,0
23,8,2017-06-19,0,0,0,0,0,0,0,0,0,0,0,0,0,0,0,0
23,8,2017-06-20,0,0,0,0,0,0,0,0,0,0,0,0,0,0,0,0
23,8,2017-06-21,0,0,0,0,0,0,0,0,0,0,0,0,0,0,0,0
23,8,2017-06-22,0,0,0,0,0,0,0,0,0,0,0,0,0,0,0,0
23,8,2017-06-23,0,0,0,0,0,0,0,0,0,0,0,0,0,0,0,0
23,8,2017-06-24,0,0,0,0,0,0,0,0,0,0,0,0,0,0,0,0
23,8,2017-06-25,0,0,0,0,0,0,0,0,0,0,0,0,0,0,0,0
23,9,2017-06-06,77862,0,0,77862,0,0,0,0,0,0,0,0,0,0,77862,77862
23,9,2017-06-07,77862,0,0,77862,0,0,0,0,0,0,0,0,0,0,77862,77862
23,9,2017-06-08,77862,0,0,77862,0,0,0,0,0,0,0,0,0,0,77862,77862
23,9,2017-06-09,77862,0,0,77862,0,0,0,0,0,0,0,0,0,0,77862,77862
23,9,2017-06-10,77862,0,0,77862,0,0,0,0,0,0,0,0,0,0,77862,77862
23,9,2017-06-11,77862,0,0,77862,0,0,0,0,0,0,0,0,0,0,77862,77862
23,9,2017-06-12,77862,0,0,77862,0,0,0,0,0,0,0,0,0,0,77862,77862
23,9,2017-06-13,77862,0,0,77862,0,0,0,0,0,0,0,0,0,0,77862,77862
23,9,2017-06-14,77862,0,0,77862,0,0,0,0,0,0,0,0,0,0,77862,77862
23,9,2017-06-15,77862,0,0,77862,0,0,0,0,0,0,0,0,0,0,77862,77862
23,9,2017-06-16,77862,0,0,77862,0,0,0,0,0,0,0,0,0,0,77862,77862
23,9,2017-06-17,77862,0,0,77862,0,0,0,0,0,0,0,0,0,0,77862,77862
23,9,2017-06-18,77862,0,0,77862,0,0,0,0,0,0,0,0,0,0,77862,77862
23,9,2017-06-19,77862,0,0,77862,0,0,0,0,0,0,0,0,0,0,77862,77862
23,9,2017-06-20,77862,0,0,77862,0,0,0,0,0,0,0,0,0,0,77862,77862
23,9,2017-06-21,77862,0,0,77862,0,0,0,0,0,0,0,0,0,0,77862,77862
23,9,2017-06-22,77862,0,0,77862,0,0,0,0,0,0,0,0,0,0,77862,77862
23,9,2017-06-23,77862,0,0,77862,0,0,0,0,0,0,0,0,0,0,77862,77862
23,9,2017-06-24,77862,0,0,77862,0,0,0,0,0,0,0,0,0,0,77862,77862
23,9,2017-06-25,77862,0,0,77862,0,0,0,0,0,0,0,0,0,0,77862,77862
23,9,2017-06-26,77862,0,0,77862,0,0,0,0,0,0,0,0,0,0,77862,77862
23,9,2017-06-27,77862,0,0,77862,0,0,0,0,0,0,0,0,0,0,77862,77862
23,9,2017-06-28,77862,0,0,77862,0,0,0,0,0,0,0,0,0,0,77862,77862
23,9,2017-06-29,77862,0,0,77862,0,0,0,0,0,0,0,0,0,0,77862,77862
23,9,2017-06-30,77862,0,0,77862,0,0,0,0,0,0,0,0,0,0,77862,77862
28,3,2017-06-06,17213,0,2920,14293,0,0,2920,0,0,0,0,0,0,0,11849,16737
28,3,2017-06-07,14293,0,3609,10684,0,0,3609,0,0,0,0,0,0,0,5770,15597
28,3,2017-06-08,10684,6490,4028,13146,6490,0,4028,0,0,0,0,0,0,0,5826,20466
28,3,2017-06-09,13146,6527,3948,15725,6527,0,3948,0,0,0,0,0,0,0,5988,25463
28,3,2017-06-10,15725,0,3120,12605,0,0,3120,0,0,0,0,0,0,0,517,24691
28,3,2017-06-11,12605,12000,2888,21717,12000,0,2888,0,0,0,0,0,0,0,7348,36084
28,3,2017-06-12,21717,0,3070,18647,0,0,3070,0,0,0,0,0,0,0,2111,35183
28,3,2017-06-13,18647,0,3070,15577,0,0,3070,0,0,0,0,0,0,0,-2988,34142
28,3,2017-06-14,15577,0,3070,12507,0,0,3070,0,0,0,0,0,0,0,-8111,33124
28,3,2017-06-15,12507,0,3800,8707,0,0,3800,0,0,0,0,0,0,0,-13901,31315
28,3,2017-06-16,8707,14000,3390,19317,14000,0,3390,0,0,0,0,0,0,0,-4360,42994
28,3,2017-06-17,19317,0,3089,16228,0,0,3089,0,0,0,0,0,0,0,-8364,40818
28,3,2017-06-18,16228,0,2883,13345,0,0,2883,0,0,0,0,0,0,0,-12159,38848
28,3,2017-06-19,13345,0,3070,10275,0,0,3070,0,0,0,0,0,0,0,-16005,36556
28,3,2017-06-20,10275,0,3070,7205,0,0,3070,0,0,0,0,0,0,0,-19858,34268
28,3,2017-06-21,7205,0,3063,4142,0,0,3063,0,0,0,0,0,0,0,-23687,31972
28,3,2017-06-22,4142,4000,3063,5079,4000,0,3063,0,0,0,0,0,0,0,-23504,33661
28,3,2017-06-23,5079,0,3379,1700,0,0,3379,0,0,0,0,0,0,0,-27501,30900
28,3,2017-06-24,1700,9000,3087,7613,9000,0,3087,0,0,0,0,0,0,0,-22050,37276
28,3,2017-06-25,7613,0,2883,4730,0,0,2883,0,0,0,0,0,0,0,-25396,34856
28,3,2017-06-26,4730,1082,3070,2742,1082,0,3070,0,0,0,0,0,0,0,-27848,33332
28,3,2017-06-27,2742,6912,3070,6584,6912,0,3070,0,0,0,0,0,0,0,-24470,37639
28,3,2017-06-28,6584,0,3063,3521,0,0,3063,0,0,0,0,0,0,0,-27998,35039
28,3,2017-06-29,3521,0,3627,-106,0,0,3627,0,0,0,0,0,0,0,-32088,31877
28,3,2017-06-30,-106,1082,3612,-2636,1082,0,3612,0,0,0,0,0,0,0,-35014,29743
28,8,2017-06-06,4691,0,305,4386,0,0,305,0,0,0,0,0,0,0,4159,4613
28,8,2017-06-07,4386,2090,279,6197,2090,0,279,0,0,0,0,0,0,0,5747,6646
28,8,2017-06-08,6197,3923,247,9873,3923,0,247,0,0,0,0,0,0,0,9215,10530
28,8,2017-06-09,9873,0,250,9623,0,0,250,0,0,0,0,0,0,0,8756,10490
28,8,2017-06-10,9623,0,259,9364,0,0,259,0,0,0,0,0,0,0,8328,10400
28,8,2017-06-11,9364,0,265,9099,0,0,265,0,0,0,0,0,0,0,7896,10301
28,8,2017-06-12,9099,0,265,8834,0,0,265,0,0,0,0,0,0,0,7480,10187
28,8,2017-06-13,8834,0,265,8569,0,0,265,0,0,0,0,0,0,0,7079,10060
28,8,2017-06-14,8569,0,265,8304,0,0,265,0,0,0,0,0,0,0,6690,9919
28,8,2017-06-15,8304,0,265,8039,0,0,265,0,0,0,0,0,0,0,6304,9775
28,8,2017-06-16,8039,0,265,7774,0,0,265,0,0,0,0,0,0,0,5918,9631
28,8,2017-06-17,7774,0,265,7509,0,0,265,0,0,0,0,0,0,0,5557,9463
28,8,2017-06-18,7509,0,265,7244,0,0,265,0,0,0,0,0,0,0,5226,9263
28,8,2017-06-19,7244,0,265,6979,0,0,265,0,0,0,0,0,0,0,4897,9062
28,8,2017-06-20,6979,0,265,6714,0,0,265,0,0,0,0,0,0,0,4606,8824
28,8,2017-06-21,6714,0,269,6445,0,0,269,0,0,0,0,0,0,0,4321,8569
28,8,2017-06-22,6445,0,269,6176,0,0,269,0,0,0,0,0,0,0,4041,8313
28,8,2017-06-23,6176,7000,265,12911,7000,0,265,0,0,0,0,0,0,0,10766,15056
28,8,2017-06-24,12911,0,269,12642,0,0,269,0,0,0,0,0,0,0,10492,14791
28,8,2017-06-25,12642,0,265,12377,0,0,265,0,0,0,0,0,0,0,10224,14530
28,8,2017-06-26,12377,0,265,12112,0,0,265,0,0,0,0,0,0,0,9955,14269
28,8,2017-06-27,12112,0,265,11847,0,0,265,0,0,0,0,0,0,0,9686,14008
28,8,2017-06-28,11847,0,265,11582,0,0,265,0,0,0,0,0,0,0,9417,13747
28,8,2017-06-29,11582,0,265,11317,0,0,265,0,0,0,0,0,0,0,9148,13485
28,8,2017-06-30,11317,0,269,11048,0,0,269,0,0,0,0,0,0,0,8875,13219
28,9,2017-06-06,40043,0,6346,33697,0,0,6346,0,0,0,0,0,0,0,31256,36137
28,9,2017-06-07,33697,12300,6252,39745,12300,0,6252,0,0,0,0,0,0,0,34900,44589
28,9,2017-06-08,39745,0,6191,33554,0,0,6191,0,0,0,0,0,0,0,26337,40770
28,9,2017-06-09,33554,8700,6235,36019,8700,0,6235,0,0,0,0,0,0,0,26442,45597
28,9,2017-06-10,36019,6400,6221,36198,6400,0,6221,0,0,0,0,0,0,0,24649,47749
28,9,2017-06-11,36198,15387,6066,45519,15387,0,6066,0,0,0,0,0,0,0,31999,59040
28,9,2017-06-12,45519,7520,6088,46951,7520,0,6088,0,0,0,0,0,0,0,31674,62226
28,9,2017-06-13,46951,0,6072,40879,0,0,6072,0,0,0,0,0,0,0,23970,57787
28,9,2017-06-14,40879,0,6119,34760,0,0,6119,0,0,0,0,0,0,0,16365,53153
28,9,2017-06-15,34760,0,6113,28647,0,0,6113,0,0,0,0,0,0,0,8861,48433
28,9,2017-06-16,28647,0,6107,22540,0,0,6107,0,0,0,0,0,0,0,1478,43602
28,9,2017-06-17,22540,18400,6103,34837,18400,0,6103,0,0,0,0,0,0,0,12824,56851
28,9,2017-06-18,34837,18220,6104,46953,18220,0,6104,0,0,0,0,0,0,0,24096,69810
28,9,2017-06-19,46953,0,6071,40882,0,0,6071,0,0,0,0,0,0,0,17634,64131
28,9,2017-06-20,40882,0,6071,34811,0,0,6071,0,0,0,0,0,0,0,11395,58226
28,9,2017-06-21,34811,15400,6071,44140,15400,0,6071,0,0,0,0,0,0,0,20595,67684
28,9,2017-06-22,44140,10395,6071,48464,10395,0,6071,0,0,0,0,0,0,0,24808,72120
28,9,2017-06-23,48464,19397,6071,61790,19397,0,6071,0,0,0,0,0,0,0,38028,85552
28,9,2017-06-24,61790,8093,6213,63670,8093,0,6213,0,0,0,0,0,0,0,39829,87511
28,9,2017-06-25,63670,18700,6178,76192,18700,0,6178,0,0,0,0,0,0,0,52276,100109
28,9,2017-06-26,76192,1300,6071,71421,1300,0,6071,0,0,0,0,0,0,0,47420,95423
28,9,2017-06-27,71421,12485,6071,77835,12485,0,6071,0,0,0,0,0,0,0,53747,101922
28,9,2017-06-28,77835,6197,6071,77961,6197,0,6071,0,0,0,0,0,0,0,53787,102134
28,9,2017-06-29,77961,0,6211,71750,0,0,6211,0,0,0,0,0,0,0,47490,96011
28,9,2017-06-30,71750,1300,6212,66838,1300,0,6212,0,0,0,0,0,0,0,42472,91203
30,2,2017-06-06,39705,0,0,39705,0,0,0,0,0,0,0,0,0,0,39705,39705
30,2,2017-06-07,39705,0,0,39705,0,0,0,0,0,0,0,0,0,0,39705,39705
30,2,2017-06-08,39705,0,0,39705,0,0,0,0,0,0,0,0,0,0,39705,39705
30,2,2017-06-09,39705,0,0,39705,0,0,0,0,0,0,0,0,0,0,39705,39705
30,2,2017-06-10,39705,0,0,39705,0,0,0,0,0,0,0,0,0,0,39705,39705
30,2,2017-06-11,39705,0,0,39705,0,0,0,0,0,0,0,0,0,0,39705,39705
30,2,2017-06-12,39705,0,0,39705,0,0,0,0,0,0,0,0,0,0,39705,39705
30,2,2017-06-13,39705,0,0,39705,0,0,0,0,0,0,0,0,0,0,39705,39705
30,2,2017-06-14,39705,0,0,39705,0,0,0,0,0,0,0,0,0,0,39705,39705
30,2,2017-06-15,39705,0,0,39705,0,0,0,0,0,0,0,0,0,0,39705,39705
30,2,2017-06-16,39705,0,0,39705,0,0,0,0,0,0,0,0,0,0,39705,39705
30,2,2017-06-17,39705,0,0,39705,0,0,0,0,0,0,0,0,0,0,39705,39705
30,2,2017-06-18,39705,0,0,39705,0,0,0,0,0,0,0,0,0,0,39705,39705
30,2,2017-06-19,39705,0,0,39705,0,0,0,0,0,0,0,0,0,0,39705,39705
30,2,2017-06-20,39705,0,0,39705,0,0,0,0,0,0,0,0,0,0,39705,39705
30,2,2017-06-21,39705,0,0,39705,0,0,0,0,0,0,0,0,0,0,39705,39705
30,2,2017-06-22,39705,0,0,39705,0,0,0,0,0,0,0,0,0,0,39705,39705
30,2,2017-06-23,39705,0,0,39705,0,0,0,0,0,0,0,0,0,0,39705,39705
30,2,2017-06-24,39705,0,0,39705,0,0,0,0,0,0,0,0,0,0,39705,39705
30,2,2017-06-25,39705,0,0,39705,0,0,0,0,0,0,0,0,0,0,39705,39705
30,2,2017-06-26,39705,0,0,39705,0,0,0,0,0,0,0,0,0,0,39705,39705
30,2,2017-06-27,39705,0,0,39705,0,0,0,0,0,0,0,0,0,0,39705,39705
30,2,2017-06-28,39705,0,0,39705,0,0,0,0,0,0,0,0,0,0,39705,39705
30,2,2017-06-29,39705,0,0,39705,0,0,0,0,0,0,0,0,0,0,39705,39705
30,2,2017-06-30,39705,0,0,39705,0,0,0,0,0,0,0,0,0,0,39705,39705
30,3,2017-06-06,133148,0,15589,117559,0,0,15589,0,0,0,0,0,0,0,108448,126670
30,3,2017-06-07,117559,0,15460,102099,0,0,15460,0,0,0,0,0,0,0,84132,120065
30,3,2017-06-08,102099,0,15682,86417,0,0,15682,0,0,0,0,0,0,0,60074,112759
30,3,2017-06-09,86417,0,15661,70756,0,0,15661,0,0,0,0,0,0,0,36400,105113
30,3,2017-06-10,70756,18600,14073,75283,18600,0,14073,0,0,0,0,0,0,0,33406,117160
30,3,2017-06-11,75283,0,14748,60535,0,0,14748,0,0,0,0,0,0,0,11512,109557
30,3,2017-06-12,60535,66400,15436,111499,66400,0,15436,0,0,0,0,0,0,0,56267,166732
30,3,2017-06-13,111499,61000,15672,156827,61000,0,15672,0,0,0,0,0,0,0,96164,217489
30,3,2017-06-14,156827,18600,15672,159755,18600,0,15672,0,0,0,0,0,0,0,93676,225834
30,3,2017-06-15,159755,0,15295,144460,0,0,15295,0,0,0,0,0,0,0,72967,215953
30,3,2017-06-16,144460,66400,14696,196164,66400,0,14696,0,0,0,0,0,0,0,120542,271786
30,3,2017-06-17,196164,0,14155,182009,0,0,14155,0,0,0,0,0,0,0,102487,261531
30,3,2017-06-18,182009,0,14702,167307,0,0,14702,0,0,0,0,0,0,0,83940,250675
30,3,2017-06-19,167307,18600,15116,170791,18600,0,15116,0,0,0,0,0,0,0,85695,255887
30,3,2017-06-20,170791,0,15672,155119,0,0,15672,0,0,0,0,0,0,0,68909,241328
30,3,2017-06-21,155119,66400,15672,205847,66400,0,15672,0,0,0,0,0,0,0,118513,293181
30,3,2017-06-22,205847,0,15382,190465,0,0,15382,0,0,0,0,0,0,0,101984,278946
30,3,2017-06-23,190465,0,14701,175764,0,0,14701,0,0,0,0,0,0,0,86165,265362
30,3,2017-06-24,175764,66400,14142,228022,66400,0,14142,0,0,0,0,0,0,0,137326,318719
30,3,2017-06-25,228022,43600,14702,256920,43600,0,14702,0,0,0,0,0,0,0,165144,348696
30,3,2017-06-26,256920,0,15336,241584,0,0,15336,0,0,0,0,0,0,0,148724,334445
30,3,2017-06-27,241584,0,15672,225912,0,0,15672,0,0,0,0,0,0,0,131976,319848
30,3,2017-06-28,225912,0,15672,210240,0,0,15672,0,0,0,0,0,0,0,115228,305251
30,3,2017-06-29,210240,0,15161,195079,0,0,15161,0,0,0,0,0,0,0,98991,291166
30,3,2017-06-30,195079,85000,14701,265378,85000,0,14701,0,0,0,0,0,0,0,168221,362535
30,5,2017-06-04,0,0,0,0,0,0,0,0,0,0,0,0,0,0,0,0
30,5,2017-06-05,0,0,0,0,0,0,0,0,0,0,0,0,0,0,0,0
30,5,2017-06-06,0,0,0,0,0,0,0,0,0,0,0,0,0,0,0,0
30,5,2017-06-07,0,0,0,0,0,0,0,0,0,0,0,0,0,0,0,0
30,5,2017-06-08,0,0,0,0,0,0,0,0,0,0,0,0,0,0,0,0
30,5,2017-06-09,0,0,0,0,0,0,0,0,0,0,0,0,0,0,0,0
30,5,2017-06-10,0,0,0,0,0,0,0,0,0,0,0,0,0,0,0,0
30,5,2017-06-11,0,0,0,0,0,0,0,0,0,0,0,0,0,0,0,0
30,5,2017-06-12,0,0,0,0,0,0,0,0,0,0,0,0,0,0,0,0
30,5,2017-06-13,0,0,0,0,0,0,0,0,0,0,0,0,0,0,0,0
30,5,2017-06-14,0,0,0,0,0,0,0,0,0,0,0,0,0,0,0,0
30,5,2017-06-15,0,0,0,0,0,0,0,0,0,0,0,0,0,0,0,0
30,5,2017-06-16,0,0,0,0,0,0,0,0,0,0,0,0,0,0,0,0
30,5,2017-06-17,0,0,0,0,0,0,0,0,0,0,0,0,0,0,0,0
30,5,2017-06-18,0,0,0,0,0,0,0,0,0,0,0,0,0,0,0,0
30,5,2017-06-19,0,0,0,0,0,0,0,0,0,0,0,0,0,0,0,0
30,5,2017-06-20,0,0,0,0,0,0,0,0,0,0,0,0,0,0,0,0
30,5,2017-06-21,0,0,0,0,0,0,0,0,0,0,0,0,0,0,0,0
30,5,2017-06-22,0,0,0,0,0,0,0,0,0,0,0,0,0,0,0,0
30,5,2017-06-23,0,0,0,0,0,0,0,0,0,0,0,0,0,0,0,0
30,5,2017-06-24,0,0,0,0,0,0,0,0,0,0,0,0,0,0,0,0
30,5,2017-06-25,0,0,0,0,0,0,0,0,0,0,0,0,0,0,0,0
30,5,2017-06-26,0,0,0,0,0,0,0,0,0,0,0,0,0,0,0,0
30,5,2017-06-27,0,0,0,0,0,0,0,0,0,0,0,0,0,0,0,0
30,5,2017-06-28,0,0,0,0,0,0,0,0,0,0,0,0,0,0,0,0
30,7,2017-06-06,13199,0,0,13199,0,0,0,0,0,0,0,0,0,0,12694,13199
30,7,2017-06-07,13199,0,0,13199,0,0,0,0,0,0,0,0,0,0,11418,13199
30,7,2017-06-08,13199,0,0,13199,0,0,0,0,0,0,0,0,0,0,9853,13199
30,7,2017-06-09,13199,0,0,13199,0,0,0,0,0,0,0,0,0,0,8440,13199
30,7,2017-06-10,13199,0,0,13199,0,0,0,0,0,0,0,0,0,0,7201,13199
30,7,2017-06-11,13199,0,0,13199,0,0,0,0,0,0,0,0,0,0,7201,13199
30,7,2017-06-12,13199,0,0,13199,0,0,0,0,0,0,0,0,0,0,7201,13199
30,7,2017-06-13,13199,0,0,13199,0,0,0,0,0,0,0,0,0,0,7201,13199
30,7,2017-06-14,13199,0,0,13199,0,0,0,0,0,0,0,0,0,0,7201,13199
30,7,2017-06-15,13199,0,0,13199,0,0,0,0,0,0,0,0,0,0,7201,13199
30,7,2017-06-16,13199,0,0,13199,0,0,0,0,0,0,0,0,0,0,7201,13199
30,7,2017-06-17,13199,0,0,13199,0,0,0,0,0,0,0,0,0,0,7201,13199
30,7,2017-06-18,13199,0,0,13199,0,0,0,0,0,0,0,0,0,0,7201,13199
30,7,2017-06-19,13199,0,0,13199,0,0,0,0,0,0,0,0,0,0,7201,13199
30,7,2017-06-20,13199,0,0,13199,0,0,0,0,0,0,0,0,0,0,7201,13199
30,7,2017-06-21,13199,0,0,13199,0,0,0,0,0,0,0,0,0,0,7201,13199
30,7,2017-06-22,13199,0,0,13199,0,0,0,0,0,0,0,0,0,0,7201,13199
30,7,2017-06-23,13199,0,0,13199,0,0,0,0,0,0,0,0,0,0,7201,13199
30,7,2017-06-24,13199,0,0,13199,0,0,0,0,0,0,0,0,0,0,7201,13199
30,7,2017-06-25,13199,0,0,13199,0,0,0,0,0,0,0,0,0,0,7201,13199
30,7,2017-06-26,13199,0,0,13199,0,0,0,0,0,0,0,0,0,0,7201,13199
30,7,2017-06-27,13199,0,0,13199,0,0,0,0,0,0,0,0,0,0,7201,13199
30,7,2017-06-28,13199,0,0,13199,0,0,0,0,0,0,0,0,0,0,7201,13199
30,7,2017-06-29,13199,0,0,13199,0,0,0,0,0,0,0,0,0,0,7201,13199
30,7,2017-06-30,13199,0,0,13199,0,0,0,0,0,0,0,0,0,0,7201,13199
30,8,2017-06-06,27354,0,469,26885,0,0,469,0,0,0,0,0,0,0,26485,27284
30,8,2017-06-07,26885,20000,451,46434,20000,0,451,0,0,0,0,0,0,0,45716,47152
30,8,2017-06-08,46434,0,501,45933,0,0,501,0,0,0,0,0,0,0,44958,46909
30,8,2017-06-09,45933,0,476,45457,0,0,476,0,0,0,0,0,0,0,44238,46677
30,8,2017-06-10,45457,0,487,44970,0,0,487,0,0,0,0,0,0,0,43560,46380
30,8,2017-06-11,44970,20000,475,64495,20000,0,475,0,0,0,0,0,0,0,62907,66084
30,8,2017-06-12,64495,0,481,64014,0,0,481,0,0,0,0,0,0,0,62268,65759
30,8,2017-06-13,64014,0,481,63533,0,0,481,0,0,0,0,0,0,0,61637,65429
30,8,2017-06-14,63533,0,478,63055,0,0,478,0,0,0,0,0,0,0,61036,65073
30,8,2017-06-15,63055,0,485,62570,0,0,485,0,0,0,0,0,0,0,60429,64711
30,8,2017-06-16,62570,0,486,62084,0,0,486,0,0,0,0,0,0,0,59835,64334
30,8,2017-06-17,62084,0,479,61605,0,0,479,0,0,0,0,0,0,0,59254,63956
30,8,2017-06-18,61605,0,486,61119,0,0,486,0,0,0,0,0,0,0,58705,63534
30,8,2017-06-19,61119,0,486,60633,0,0,486,0,0,0,0,0,0,0,58164,63102
30,8,2017-06-20,60633,0,476,60157,0,0,476,0,0,0,0,0,0,0,57666,62648
30,8,2017-06-21,60157,0,479,59678,0,0,479,0,0,0,0,0,0,0,0,0
30,8,2017-06-22,59678,0,486,59192,0,0,486,0,0,0,0,0,0,0,0,0
30,8,2017-06-23,59192,20000,486,78706,20000,0,486,0,0,0,0,0,0,0,0,0
30,8,2017-06-24,78706,0,476,78230,0,0,476,0,0,0,0,0,0,0,0,0
30,8,2017-06-25,78230,0,476,77754,0,0,476,0,0,0,0,0,0,0,0,0
30,8,2017-06-26,77754,10000,1149,86605,10000,0,1149,0,0,0,0,0,0,0,0,0
30,8,2017-06-27,86605,0,1149,85456,0,0,1149,0,0,0,0,0,0,0,0,0
30,8,2017-06-28,85456,0,218,85238,0,0,218,0,0,0,0,0,0,0,0,0
30,8,2017-06-29,85238,0,210,85028,0,0,210,0,0,0,0,0,0,0,0,0
30,8,2017-06-30,85028,0,203,84825,0,0,203,0,0,0,0,0,0,0,0,0
30,9,2017-06-06,128161,0,7708,120453,0,0,7708,0,0,0,0,0,0,0,0,0
30,9,2017-06-07,120453,0,8335,112118,0,0,8335,0,0,0,0,0,0,0,0,0
30,9,2017-06-08,112118,0,8335,103783,0,0,8335,0,0,0,0,0,0,0,0,0
30,9,2017-06-09,103783,0,7916,95867,0,0,7916,0,0,0,0,0,0,0,0,0
30,9,2017-06-10,95867,150000,8001,237866,150000,0,8001,0,0,0,0,0,0,0,0,0
30,9,2017-06-11,237866,51800,8036,281630,51800,0,8036,0,0,0,0,0,0,0,0,0
30,9,2017-06-12,281630,30000,8021,303609,30000,0,8021,0,0,0,0,0,0,0,0,0
30,9,2017-06-13,303609,0,8335,295274,0,0,8335,0,0,0,0,0,0,0,0,0
30,9,2017-06-14,295274,0,8335,286939,0,0,8335,0,0,0,0,0,0,0,0,0
30,9,2017-06-15,286939,0,8056,278883,0,0,8056,0,0,0,0,0,0,0,0,0
30,9,2017-06-16,278883,0,8006,270877,0,0,8006,0,0,0,0,0,0,0,0,0
30,9,2017-06-17,270877,0,8009,262868,0,0,8009,0,0,0,0,0,0,0,0,0
30,9,2017-06-18,262868,5000,8026,259842,5000,0,8026,0,0,0,0,0,0,0,0,0
30,9,2017-06-19,259842,30000,7957,281885,30000,0,7957,0,0,0,0,0,0,0,0,0
30,9,2017-06-20,281885,0,8335,273550,0,0,8335,0,0,0,0,0,0,0,0,0
30,9,2017-06-21,273550,0,8335,265215,0,0,8335,0,0,0,0,0,0,0,0,0
30,9,2017-06-22,265215,0,8039,257176,0,0,8039,0,0,0,0,0,0,0,0,0
30,9,2017-06-23,257176,35000,8006,284170,35000,0,8006,0,0,0,0,0,0,0,0,0
30,9,2017-06-24,284170,12900,8006,289064,12900,0,8006,0,0,0,0,0,0,0,0,0
30,9,2017-06-25,289064,0,7957,281107,0,0,7957,0,0,0,0,0,0,0,0,0
30,9,2017-06-26,281107,0,7957,273150,0,0,7957,0,0,0,0,0,0,0,0,0
30,9,2017-06-27,273150,0,8335,264815,0,0,8335,0,0,0,0,0,0,0,0,0
30,9,2017-06-28,264815,0,8335,256480,0,0,8335,0,0,0,0,0,0,0,0,0
30,9,2017-06-29,256480,0,8335,248145,0,0,8335,0,0,0,0,0,0,0,0,0
30,9,2017-06-30,248145,0,8040,240105,0,0,8040,0,0,0,0,0,0,0,0,0
30,10,2017-06-06,92833,0,0,92833,0,0,0,0,0,0,0,0,0,0,0,0
30,10,2017-06-07,92833,0,0,92833,0,0,0,0,0,0,0,0,0,0,0,0
30,10,2017-06-08,92833,0,0,92833,0,0,0,0,0,0,0,0,0,0,0,0
30,10,2017-06-09,92833,0,0,92833,0,0,0,0,0,0,0,0,0,0,0,0
30,10,2017-06-10,92833,0,0,92833,0,0,0,0,0,0,0,0,0,0,0,0
30,10,2017-06-11,92833,0,0,92833,0,0,0,0,0,0,0,0,0,0,0,0
30,10,2017-06-12,92833,0,0,92833,0,0,0,0,0,0,0,0,0,0,0,0
30,10,2017-06-13,92833,0,0,92833,0,0,0,0,0,0,0,0,0,0,0,0
30,10,2017-06-14,92833,0,0,92833,0,0,0,0,0,0,0,0,0,0,0,0
30,10,2017-06-15,92833,0,0,92833,0,0,0,0,0,0,0,0,0,0,0,0
30,10,2017-06-16,92833,0,0,92833,0,0,0,0,0,0,0,0,0,0,0,0
30,10,2017-06-17,92833,0,0,92833,0,0,0,0,0,0,0,0,0,0,0,0
30,10,2017-06-18,92833,0,0,92833,0,0,0,0,0,0,0,0,0,0,0,0
30,10,2017-06-19,92833,0,0,92833,0,0,0,0,0,0,0,0,0,0,0,0
30,10,2017-06-20,92833,0,0,92833,0,0,0,0,0,0,0,0,0,0,0,0
30,10,2017-06-21,92833,0,0,92833,0,0,0,0,0,0,0,0,0,0,0,0
30,10,2017-06-22,92833,0,0,92833,0,0,0,0,0,0,0,0,0,0,0,0
30,10,2017-06-23,92833,0,0,92833,0,0,0,0,0,0,0,0,0,0,0,0
30,10,2017-06-24,92833,0,0,92833,0,0,0,0,0,0,0,0,0,0,0,0
30,10,2017-06-25,92833,0,0,92833,0,0,0,0,0,0,0,0,0,0,0,0
30,10,2017-06-26,92833,0,0,92833,0,0,0,0,0,0,0,0,0,0,0,0
30,10,2017-06-27,92833,0,0,92833,0,0,0,0,0,0,0,0,0,0,0,0
30,10,2017-06-28,92833,0,0,92833,0,0,0,0,0,0,0,0,0,0,0,0
30,10,2017-06-29,92833,0,0,92833,0,0,0,0,0,0,0,0,0,0,0,0
30,10,2017-06-30,92833,0,0,92833,0,0,0,0,0,0,0,0,0,0,0,0
30,22,2017-06-06,25811,0,0,25811,0,0,0,0,0,0,0,0,0,0,0,0
30,22,2017-06-07,25811,0,0,25811,0,0,0,0,0,0,0,0,0,0,0,0
30,22,2017-06-08,25811,0,0,25811,0,0,0,0,0,0,0,0,0,0,0,0
30,22,2017-06-09,25811,0,0,25811,0,0,0,0,0,0,0,0,0,0,0,0
30,22,2017-06-10,25811,0,0,25811,0,0,0,0,0,0,0,0,0,0,0,0
30,22,2017-06-11,25811,0,0,25811,0,0,0,0,0,0,0,0,0,0,0,0
30,22,2017-06-12,25811,0,0,25811,0,0,0,0,0,0,0,0,0,0,0,0
30,22,2017-06-13,25811,0,0,25811,0,0,0,0,0,0,0,0,0,0,0,0
30,22,2017-06-14,25811,0,0,25811,0,0,0,0,0,0,0,0,0,0,0,0
30,22,2017-06-15,25811,0,0,25811,0,0,0,0,0,0,0,0,0,0,0,0
30,22,2017-06-16,25811,0,0,25811,0,0,0,0,0,0,0,0,0,0,0,0
30,22,2017-06-17,25811,0,0,25811,0,0,0,0,0,0,0,0,0,0,0,0
30,22,2017-06-18,25811,0,0,25811,0,0,0,0,0,0,0,0,0,0,0,0
30,22,2017-06-19,25811,0,0,25811,0,0,0,0,0,0,0,0,0,0,0,0
30,22,2017-06-20,25811,0,0,25811,0,0,0,0,0,0,0,0,0,0,0,0
30,22,2017-06-21,25811,0,0,25811,0,0,0,0,0,0,0,0,0,0,0,0
30,22,2017-06-22,25811,0,0,25811,0,0,0,0,0,0,0,0,0,0,0,0
30,22,2017-06-23,25811,0,0,25811,0,0,0,0,0,0,0,0,0,0,0,0
30,22,2017-06-24,25811,0,0,25811,0,0,0,0,0,0,0,0,0,0,0,0
30,22,2017-06-25,25811,0,0,25811,0,0,0,0,0,0,0,0,0,0,0,0
30,22,2017-06-26,25811,0,0,25811,0,0,0,0,0,0,0,0,0,0,0,0
30,22,2017-06-27,25811,0,0,25811,0,0,0,0,0,0,0,0,0,0,0,0
30,22,2017-06-28,25811,0,0,25811,0,0,0,0,0,0,0,0,0,0,0,0
30,22,2017-06-29,25811,0,0,25811,0,0,0,0,0,0,0,0,0,0,0,0
30,22,2017-06-30,25811,0,0,25811,0,0,0,0,0,0,0,0,0,0,0,0
32,3,2017-06-06,23596,0,2094,21502,0,0,2094,0,0,0,0,0,0,0,0,0
32,3,2017-06-07,21502,0,2093,19409,0,0,2093,0,0,0,0,0,0,0,0,0
32,3,2017-06-08,19409,0,2400,17009,0,0,2400,0,0,0,0,0,0,0,0,0
32,3,2017-06-09,17009,0,2272,14737,0,0,2272,0,0,0,0,0,0,0,0,0
32,3,2017-06-10,14737,0,2117,12620,0,0,2117,0,0,0,0,0,0,0,0,0
32,3,2017-06-11,12620,0,2641,9979,0,0,2641,0,0,0,0,0,0,0,0,0
32,3,2017-06-12,9979,0,2100,7879,0,0,2100,0,0,0,0,0,0,0,0,0
32,3,2017-06-13,7879,0,2125,5754,0,0,2125,0,0,0,0,0,0,0,0,0
32,3,2017-06-14,5754,0,2125,3629,0,0,2125,0,0,0,0,0,0,0,0,0
32,3,2017-06-15,3629,0,2189,1440,0,0,2189,0,0,0,0,0,0,0,0,0
32,3,2017-06-16,1440,0,2170,-730,0,0,2170,0,0,0,0,0,0,0,0,0
32,3,2017-06-17,-730,0,2172,-2902,0,0,2172,0,0,0,0,0,0,0,0,0
32,3,2017-06-18,-2902,0,2625,-5527,0,0,2625,0,0,0,0,0,0,0,0,0
32,3,2017-06-19,-5527,0,2119,-7646,0,0,2119,0,0,0,0,0,0,0,0,0
32,3,2017-06-20,-7646,0,2119,-9765,0,0,2119,0,0,0,0,0,0,0,0,0
32,3,2017-06-21,-9765,0,2119,-11884,0,0,2119,0,0,0,0,0,0,0,0,0
32,3,2017-06-22,-11884,0,2124,-14008,0,0,2124,0,0,0,0,0,0,0,0,0
32,3,2017-06-23,-14008,0,2037,-16045,0,0,2037,0,0,0,0,0,0,0,0,0
32,3,2017-06-24,-16045,0,2168,-18213,0,0,2168,0,0,0,0,0,0,0,0,0
32,3,2017-06-25,-18213,0,2625,-20838,0,0,2625,0,0,0,0,0,0,0,0,0
32,3,2017-06-26,-20838,0,2119,-22957,0,0,2119,0,0,0,0,0,0,0,0,0
32,3,2017-06-27,-22957,0,2119,-25076,0,0,2119,0,0,0,0,0,0,0,0,0
32,3,2017-06-28,-25076,0,2119,-27195,0,0,2119,0,0,0,0,0,0,0,0,0
32,3,2017-06-29,-27195,0,2124,-29319,0,0,2124,0,0,0,0,0,0,0,0,0
32,3,2017-06-30,-29319,0,2116,-31435,0,0,2116,0,0,0,0,0,0,0,0,0
32,8,2017-06-06,8935,0,726,8209,0,0,726,0,0,0,0,0,0,0,0,0
32,8,2017-06-07,8209,0,724,7485,0,0,724,0,0,0,0,0,0,0,0,0
32,8,2017-06-08,7485,0,733,6752,0,0,733,0,0,0,0,0,0,0,0,0
32,8,2017-06-09,6752,0,709,6043,0,0,709,0,0,0,0,0,0,0,0,0
32,8,2017-06-10,6043,0,629,5414,0,0,629,0,0,0,0,0,0,0,0,0
32,8,2017-06-11,5414,0,632,4782,0,0,632,0,0,0,0,0,0,0,0,0
32,8,2017-06-12,4782,0,716,4066,0,0,716,0,0,0,0,0,0,0,0,0
32,8,2017-06-13,4066,0,719,3347,0,0,719,0,0,0,0,0,0,0,0,0
32,8,2017-06-14,3347,0,719,2628,0,0,719,0,0,0,0,0,0,0,0,0
32,8,2017-06-15,2628,0,718,1910,0,0,718,0,0,0,0,0,0,0,0,0
32,8,2017-06-16,1910,0,718,1192,0,0,718,0,0,0,0,0,0,0,0,0
32,8,2017-06-17,1192,0,639,553,0,0,639,0,0,0,0,0,0,0,0,0
32,8,2017-06-18,553,0,670,-117,0,0,670,0,0,0,0,0,0,0,0,0
32,8,2017-06-19,-117,0,678,-795,0,0,678,0,0,0,0,0,0,0,0,0
32,8,2017-06-20,-795,0,674,-1469,0,0,674,0,0,0,0,0,0,0,0,0
32,8,2017-06-21,-1469,0,680,-2149,0,0,680,0,0,0,0,0,0,0,0,0
32,8,2017-06-22,-2149,0,655,-2804,0,0,655,0,0,0,0,0,0,0,0,0
32,8,2017-06-23,-2804,0,721,-3525,0,0,721,0,0,0,0,0,0,0,0,0
32,8,2017-06-24,-3525,0,633,-4158,0,0,633,0,0,0,0,0,0,0,0,0
32,8,2017-06-25,-4158,0,653,-4811,0,0,653,0,0,0,0,0,0,0,0,0
32,8,2017-06-26,-4811,0,721,-5532,0,0,721,0,0,0,0,0,0,0,0,0
32,8,2017-06-27,-5532,0,721,-6253,0,0,721,0,0,0,0,0,0,0,0,0
32,8,2017-06-28,-6253,0,721,-6974,0,0,721,0,0,0,0,0,0,0,0,0
32,8,2017-06-29,-6974,0,721,-7695,0,0,721,0,0,0,0,0,0,0,0,0
32,8,2017-06-30,-7695,0,721,-8416,0,0,721,0,0,0,0,0,0,0,0,0
32,9,2017-06-06,44279,0,3597,40682,0,0,3597,0,0,0,0,0,0,0,0,0
32,9,2017-06-07,40682,0,3326,37356,0,0,3326,0,0,0,0,0,0,0,0,0
32,9,2017-06-08,37356,0,3440,33916,0,0,3440,0,0,0,0,0,0,0,0,0
32,9,2017-06-09,33916,0,3317,30599,0,0,3317,0,0,0,0,0,0,0,0,0
32,9,2017-06-10,30599,0,3195,27404,0,0,3195,0,0,0,0,0,0,0,0,0
32,9,2017-06-11,27404,0,3016,24388,0,0,3016,0,0,0,0,0,0,0,0,0
32,9,2017-06-12,24388,0,3542,20846,0,0,3542,0,0,0,0,0,0,0,0,0
32,9,2017-06-13,20846,0,3542,17304,0,0,3542,0,0,0,0,0,0,0,0,0
32,9,2017-06-14,17304,0,3542,13762,0,0,3542,0,0,0,0,0,0,0,0,0
32,9,2017-06-15,13762,0,3256,10506,0,0,3256,0,0,0,0,0,0,0,0,0
32,9,2017-06-16,10506,0,3203,7303,0,0,3203,0,0,0,0,0,0,0,0,0
32,9,2017-06-17,7303,0,3111,4192,0,0,3111,0,0,0,0,0,0,0,0,0
32,9,2017-06-18,4192,0,3037,1155,0,0,3037,0,0,0,0,0,0,0,0,0
32,9,2017-06-19,1155,0,3163,-2008,0,0,3163,0,0,0,0,0,0,0,0,0
32,9,2017-06-20,-2008,0,3237,-5245,0,0,3237,0,0,0,0,0,0,0,0,0
32,9,2017-06-21,-5245,0,3542,-8787,0,0,3542,0,0,0,0,0,0,0,0,0
32,9,2017-06-22,-8787,0,3542,-12329,0,0,3542,0,0,0,0,0,0,0,0,0
32,9,2017-06-23,-12329,0,3542,-15871,0,0,3542,0,0,0,0,0,0,0,0,0
32,9,2017-06-24,-15871,0,3196,-19067,0,0,3196,0,0,0,0,0,0,0,0,0
32,9,2017-06-25,-19067,0,2974,-22041,0,0,2974,0,0,0,0,0,0,0,0,0
32,9,2017-06-26,-22041,0,3542,-25583,0,0,3542,0,0,0,0,0,0,0,0,0
32,9,2017-06-27,-25583,0,3542,-29125,0,0,3542,0,0,0,0,0,0,0,0,0
32,9,2017-06-28,-29125,0,3542,-32667,0,0,3542,0,0,0,0,0,0,0,0,0
32,9,2017-06-29,-32667,0,3542,-36209,0,0,3542,0,0,0,0,0,0,0,0,0
32,9,2017-06-30,-36209,0,3542,-39751,0,0,3542,0,0,0,0,0,0,0,0,0
37,3,2017-06-06,-720,0,307,-1027,0,0,307,0,0,0,0,0,0,0,0,0
37,3,2017-06-07,-1027,0,406,-1433,0,0,406,0,0,0,0,0,0,0,0,0
37,3,2017-06-08,-1433,0,395,-1828,0,0,395,0,0,0,0,0,0,0,0,0
37,3,2017-06-09,-1828,0,397,-2225,0,0,397,0,0,0,0,0,0,0,0,0
37,3,2017-06-10,-2225,0,417,-2642,0,0,417,0,0,0,0,0,0,0,0,0
37,3,2017-06-11,-2642,0,424,-3066,0,0,424,0,0,0,0,0,0,0,0,0
37,3,2017-06-12,-3066,0,417,-3483,0,0,417,0,0,0,0,0,0,0,0,0
37,3,2017-06-13,-3483,0,391,-3874,0,0,391,0,0,0,0,0,0,0,0,0
37,3,2017-06-14,-3874,0,204,-4078,0,0,204,0,0,0,0,0,0,0,0,0
37,3,2017-06-15,-4078,0,203,-4281,0,0,203,0,0,0,0,0,0,0,0,0
37,3,2017-06-16,-4281,0,259,-4540,0,0,259,0,0,0,0,0,0,0,0,0
37,3,2017-06-17,-4540,0,245,-4785,0,0,245,0,0,0,0,0,0,0,0,0
37,3,2017-06-18,-4785,0,332,-5117,0,0,332,0,0,0,0,0,0,0,0,0
37,3,2017-06-19,-5117,0,317,-5434,0,0,317,0,0,0,0,0,0,0,0,0
37,3,2017-06-20,-5434,0,325,-5759,0,0,325,0,0,0,0,0,0,0,0,0
37,3,2017-06-21,-5759,0,208,-5967,0,0,208,0,0,0,0,0,0,0,0,0
37,3,2017-06-22,-5967,0,343,-6310,0,0,343,0,0,0,0,0,0,0,0,0
37,3,2017-06-23,-6310,0,362,-6672,0,0,362,0,0,0,0,0,0,0,0,0
37,3,2017-06-24,-6672,0,346,-7018,0,0,346,0,0,0,0,0,0,0,0,0
37,3,2017-06-25,-7018,0,369,-7387,0,0,369,0,0,0,0,0,0,0,0,0
37,3,2017-06-26,-7387,0,245,-7632,0,0,245,0,0,0,0,0,0,0,0,0
37,3,2017-06-27,-7632,0,245,-7877,0,0,245,0,0,0,0,0,0,0,0,0
37,3,2017-06-28,-7877,0,245,-8122,0,0,245,0,0,0,0,0,0,0,0,0
37,3,2017-06-29,-8122,0,211,-8333,0,0,211,0,0,0,0,0,0,0,0,0
37,3,2017-06-30,-8333,0,204,-8537,0,0,204,0,0,0,0,0,0,0,0,0
37,8,2017-06-06,-74,0,10,-84,0,0,10,0,0,0,0,0,0,0,0,0
37,8,2017-06-07,-84,0,15,-99,0,0,15,0,0,0,0,0,0,0,0,0
37,8,2017-06-08,-99,0,39,-138,0,0,39,0,0,0,0,0,0,0,0,0
37,8,2017-06-09,-138,0,31,-169,0,0,31,0,0,0,0,0,0,0,0,0
37,8,2017-06-10,-169,0,31,-200,0,0,31,0,0,0,0,0,0,0,0,0
37,8,2017-06-11,-200,0,33,-233,0,0,33,0,0,0,0,0,0,0,0,0
37,8,2017-06-12,-233,0,16,-249,0,0,16,0,0,0,0,0,0,0,0,0
37,8,2017-06-13,-249,0,39,-288,0,0,39,0,0,0,0,0,0,0,0,0
37,8,2017-06-14,-288,0,33,-321,0,0,33,0,0,0,0,0,0,0,0,0
37,8,2017-06-15,-321,0,32,-353,0,0,32,0,0,0,0,0,0,0,0,0
37,8,2017-06-16,-353,0,31,-384,0,0,31,0,0,0,0,0,0,0,0,0
37,8,2017-06-17,-384,0,31,-415,0,0,31,0,0,0,0,0,0,0,0,0
37,8,2017-06-18,-415,0,12,-427,0,0,12,0,0,0,0,0,0,0,0,0
37,8,2017-06-19,-427,0,16,-443,0,0,16,0,0,0,0,0,0,0,0,0
37,8,2017-06-20,-443,0,16,-459,0,0,16,0,0,0,0,0,0,0,0,0
37,8,2017-06-21,-459,0,12,-471,0,0,12,0,0,0,0,0,0,0,0,0
37,8,2017-06-22,-471,0,12,-483,0,0,12,0,0,0,0,0,0,0,0,0
37,8,2017-06-23,-483,0,31,-514,0,0,31,0,0,0,0,0,0,0,0,0
37,8,2017-06-24,-514,0,34,-548,0,0,34,0,0,0,0,0,0,0,0,0
37,8,2017-06-25,-548,0,28,-576,0,0,28,0,0,0,0,0,0,0,0,0
37,8,2017-06-26,-576,0,16,-592,0,0,16,0,0,0,0,0,0,0,0,0
37,8,2017-06-27,-592,0,12,-604,0,0,12,0,0,0,0,0,0,0,0,0
37,8,2017-06-28,-604,0,16,-620,0,0,16,0,0,0,0,0,0,0,0,0
37,8,2017-06-29,-620,0,16,-636,0,0,16,0,0,0,0,0,0,0,0,0
37,8,2017-06-30,-636,0,12,-648,0,0,12,0,0,0,0,0,0,0,0,0
37,9,2017-06-06,-434,0,42,-476,0,0,42,0,0,0,0,0,0,0,0,0
37,9,2017-06-07,-476,0,151,-627,0,0,151,0,0,0,0,0,0,0,0,0
37,9,2017-06-08,-627,0,170,-797,0,0,170,0,0,0,0,0,0,0,0,0
37,9,2017-06-09,-797,0,170,-967,0,0,170,0,0,0,0,0,0,0,0,0
37,9,2017-06-10,-967,0,144,-1111,0,0,144,0,0,0,0,0,0,0,0,0
37,9,2017-06-11,-1111,0,138,-1249,0,0,138,0,0,0,0,0,0,0,0,0
37,9,2017-06-12,-1249,0,169,-1418,0,0,169,0,0,0,0,0,0,0,0,0
37,9,2017-06-13,-1418,0,48,-1466,0,0,48,0,0,0,0,0,0,0,0,0
37,9,2017-06-14,-1466,0,170,-1636,0,0,170,0,0,0,0,0,0,0,0,0
37,9,2017-06-15,-1636,0,65,-1701,0,0,65,0,0,0,0,0,0,0,0,0
37,9,2017-06-16,-1701,0,165,-1866,0,0,165,0,0,0,0,0,0,0,0,0
37,9,2017-06-17,-1866,0,164,-2030,0,0,164,0,0,0,0,0,0,0,0,0
37,9,2017-06-18,-2030,0,164,-2194,0,0,164,0,0,0,0,0,0,0,0,0
37,9,2017-06-19,-2194,0,65,-2259,0,0,65,0,0,0,0,0,0,0,0,0
37,9,2017-06-20,-2259,0,48,-2307,0,0,48,0,0,0,0,0,0,0,0,0
37,9,2017-06-21,-2307,0,165,-2472,0,0,165,0,0,0,0,0,0,0,0,0
37,9,2017-06-22,-2472,0,164,-2636,0,0,164,0,0,0,0,0,0,0,0,0
37,9,2017-06-23,-2636,0,163,-2799,0,0,163,0,0,0,0,0,0,0,0,0
37,9,2017-06-24,-2799,0,138,-2937,0,0,138,0,0,0,0,0,0,0,0,0
37,9,2017-06-25,-2937,0,165,-3102,0,0,165,0,0,0,0,0,0,0,0,0
37,9,2017-06-26,-3102,0,48,-3150,0,0,48,0,0,0,0,0,0,0,0,0
37,9,2017-06-27,-3150,0,48,-3198,0,0,48,0,0,0,0,0,0,0,0,0
37,9,2017-06-28,-3198,0,165,-3363,0,0,165,0,0,0,0,0,0,0,0,0
37,9,2017-06-29,-3363,0,165,-3528,0,0,165,0,0,0,0,0,0,0,0,0
37,9,2017-06-30,-3528,0,165,-3693,0,0,165,0,0,0,0,0,0,0,0,0
38,3,2017-06-06,-7818,0,552,-8370,0,0,552,0,0,0,0,0,0,0,0,0
38,3,2017-06-07,-8370,0,548,-8918,0,0,548,0,0,0,0,0,0,0,0,0
38,3,2017-06-08,-8918,0,546,-9464,0,0,546,0,0,0,0,0,0,0,0,0
38,3,2017-06-09,-9464,0,1641,-11105,0,0,1641,0,0,0,0,0,0,0,0,0
38,3,2017-06-10,-11105,0,1552,-12657,0,0,1552,0,0,0,0,0,0,0,0,0
38,3,2017-06-11,-12657,0,1584,-14241,0,0,1584,0,0,0,0,0,0,0,0,0
38,3,2017-06-12,-14241,0,1542,-15783,0,0,1542,0,0,0,0,0,0,0,0,0
38,3,2017-06-13,-15783,0,543,-16326,0,0,543,0,0,0,0,0,0,0,0,0
38,3,2017-06-14,-16326,0,543,-16869,0,0,543,0,0,0,0,0,0,0,0,0
38,3,2017-06-15,-16869,0,543,-17412,0,0,543,0,0,0,0,0,0,0,0,0
38,3,2017-06-16,-17412,0,543,-17955,0,0,543,0,0,0,0,0,0,0,0,0
38,3,2017-06-17,-17955,0,543,-18498,0,0,543,0,0,0,0,0,0,0,0,0
38,3,2017-06-18,-18498,0,543,-19041,0,0,543,0,0,0,0,0,0,0,0,0
38,3,2017-06-19,-19041,0,543,-19584,0,0,543,0,0,0,0,0,0,0,0,0
38,3,2017-06-20,-19584,0,543,-20127,0,0,543,0,0,0,0,0,0,0,0,0
38,3,2017-06-21,-20127,0,1995,-22122,0,0,1995,0,0,0,0,0,0,0,0,0
38,3,2017-06-22,-22122,0,2034,-24156,0,0,2034,0,0,0,0,0,0,0,0,0
38,3,2017-06-23,-24156,0,2073,-26229,0,0,2073,0,0,0,0,0,0,0,0,0
38,3,2017-06-24,-26229,0,2116,-28345,0,0,2116,0,0,0,0,0,0,0,0,0
38,3,2017-06-25,-28345,0,965,-29310,0,0,965,0,0,0,0,0,0,0,0,0
38,3,2017-06-26,-29310,0,2207,-31517,0,0,2207,0,0,0,0,0,0,0,0,0
38,3,2017-06-27,-31517,0,940,-32457,0,0,940,0,0,0,0,0,0,0,0,0
38,3,2017-06-28,-32457,0,946,-33403,0,0,946,0,0,0,0,0,0,0,0,0
38,3,2017-06-29,-33403,0,951,-34354,0,0,951,0,0,0,0,0,0,0,0,0
38,3,2017-06-30,-34354,0,957,-35311,0,0,957,0,0,0,0,0,0,0,0,0
38,8,2017-06-06,-140,0,42,-182,0,0,42,0,0,0,0,0,0,0,0,0
38,8,2017-06-07,-182,0,42,-224,0,0,42,0,0,0,0,0,0,0,0,0
38,8,2017-06-08,-224,0,43,-267,0,0,43,0,0,0,0,0,0,0,0,0
38,8,2017-06-09,-267,0,43,-310,0,0,43,0,0,0,0,0,0,0,0,0
38,8,2017-06-10,-310,0,43,-353,0,0,43,0,0,0,0,0,0,0,0,0
38,8,2017-06-11,-353,0,42,-395,0,0,42,0,0,0,0,0,0,0,0,0
38,8,2017-06-12,-395,0,42,-437,0,0,42,0,0,0,0,0,0,0,0,0
38,8,2017-06-13,-437,0,42,-479,0,0,42,0,0,0,0,0,0,0,0,0
38,8,2017-06-14,-479,0,38,-517,0,0,38,0,0,0,0,0,0,0,0,0
38,8,2017-06-15,-517,0,38,-555,0,0,38,0,0,0,0,0,0,0,0,0
38,8,2017-06-16,-555,0,38,-593,0,0,38,0,0,0,0,0,0,0,0,0
38,8,2017-06-17,-593,0,38,-631,0,0,38,0,0,0,0,0,0,0,0,0
38,8,2017-06-18,-631,0,38,-669,0,0,38,0,0,0,0,0,0,0,0,0
38,8,2017-06-19,-669,0,38,-707,0,0,38,0,0,0,0,0,0,0,0,0
38,8,2017-06-20,-707,0,38,-745,0,0,38,0,0,0,0,0,0,0,0,0
38,8,2017-06-21,-745,0,38,-783,0,0,38,0,0,0,0,0,0,0,0,0
38,8,2017-06-22,-783,0,38,-821,0,0,38,0,0,0,0,0,0,0,0,0
38,8,2017-06-23,-821,0,38,-859,0,0,38,0,0,0,0,0,0,0,0,0
38,8,2017-06-24,-859,0,42,-901,0,0,42,0,0,0,0,0,0,0,0,0
38,8,2017-06-25,-901,0,42,-943,0,0,42,0,0,0,0,0,0,0,0,0
38,8,2017-06-26,-943,0,42,-985,0,0,42,0,0,0,0,0,0,0,0,0
38,8,2017-06-27,-985,0,42,-1027,0,0,42,0,0,0,0,0,0,0,0,0
38,8,2017-06-28,-1027,0,42,-1069,0,0,42,0,0,0,0,0,0,0,0,0
38,8,2017-06-29,-1069,0,42,-1111,0,0,42,0,0,0,0,0,0,0,0,0
38,8,2017-06-30,-1111,0,42,-1153,0,0,42,0,0,0,0,0,0,0,0,0
38,9,2017-06-06,-2379,0,579,-2958,0,0,579,0,0,0,0,0,0,0,0,0
38,9,2017-06-07,-2958,0,476,-3434,0,0,476,0,0,0,0,0,0,0,0,0
38,9,2017-06-08,-3434,0,438,-3872,0,0,438,0,0,0,0,0,0,0,0,0
38,9,2017-06-09,-3872,0,476,-4348,0,0,476,0,0,0,0,0,0,0,0,0
38,9,2017-06-10,-4348,0,527,-4875,0,0,527,0,0,0,0,0,0,0,0,0
38,9,2017-06-11,-4875,0,458,-5333,0,0,458,0,0,0,0,0,0,0,0,0
38,9,2017-06-12,-5333,0,450,-5783,0,0,450,0,0,0,0,0,0,0,0,0
38,9,2017-06-13,-5783,0,445,-6228,0,0,445,0,0,0,0,0,0,0,0,0
38,9,2017-06-14,-6228,0,458,-6686,0,0,458,0,0,0,0,0,0,0,0,0
38,9,2017-06-15,-6686,0,476,-7162,0,0,476,0,0,0,0,0,0,0,0,0
38,9,2017-06-16,-7162,0,476,-7638,0,0,476,0,0,0,0,0,0,0,0,0
38,9,2017-06-17,-7638,0,476,-8114,0,0,476,0,0,0,0,0,0,0,0,0
38,9,2017-06-18,-8114,0,469,-8583,0,0,469,0,0,0,0,0,0,0,0,0
38,9,2017-06-19,-8583,0,478,-9061,0,0,478,0,0,0,0,0,0,0,0,0
38,9,2017-06-20,-9061,0,352,-9413,0,0,352,0,0,0,0,0,0,0,0,0
38,9,2017-06-21,-9413,0,352,-9765,0,0,352,0,0,0,0,0,0,0,0,0
38,9,2017-06-22,-9765,0,352,-10117,0,0,352,0,0,0,0,0,0,0,0,0
38,9,2017-06-23,-10117,0,352,-10469,0,0,352,0,0,0,0,0,0,0,0,0
38,9,2017-06-24,-10469,0,352,-10821,0,0,352,0,0,0,0,0,0,0,0,0
38,9,2017-06-25,-10821,0,342,-11163,0,0,342,0,0,0,0,0,0,0,0,0
38,9,2017-06-26,-11163,0,342,-11505,0,0,342,0,0,0,0,0,0,0,0,0
38,9,2017-06-27,-11505,0,352,-11857,0,0,352,0,0,0,0,0,0,0,0,0
38,9,2017-06-28,-11857,0,352,-12209,0,0,352,0,0,0,0,0,0,0,0,0
38,9,2017-06-29,-12209,0,352,-12561,0,0,352,0,0,0,0,0,0,0,0,0
38,9,2017-06-30,-12561,0,352,-12913,0,0,352,0,0,0,0,0,0,0,0,0
40,3,2017-06-06,63192,25100,8863,79429,25100,0,8863,0,0,0,0,0,0,0,0,0
40,3,2017-06-07,79429,0,8827,70602,0,0,8827,0,0,0,0,0,0,0,0,0
40,3,2017-06-08,70602,0,9785,60817,0,0,9785,0,0,0,0,0,0,0,0,0
40,3,2017-06-09,60817,2288,9386,53719,2288,0,9386,0,0,0,0,0,0,0,0,0
40,3,2017-06-10,53719,27800,8773,72746,27800,0,8773,0,0,0,0,0,0,0,0,0
40,3,2017-06-11,72746,14284,7858,79172,14284,0,7858,0,0,0,0,0,0,0,0,0
40,3,2017-06-12,79172,10800,8003,81969,10800,0,8003,0,0,0,0,0,0,0,0,0
40,3,2017-06-13,81969,30000,8157,103812,30000,0,8157,0,0,0,0,0,0,0,0,0
40,3,2017-06-14,103812,0,8066,95746,0,0,8066,0,0,0,0,0,0,0,0,0
40,3,2017-06-15,95746,7080,9460,93366,7080,0,9460,0,0,0,0,0,0,0,0,0
40,3,2017-06-16,93366,17900,9505,101761,17900,0,9505,0,0,0,0,0,0,0,0,0
40,3,2017-06-17,101761,24196,8652,117305,24196,0,8652,0,0,0,0,0,0,0,0,0
40,3,2017-06-18,117305,5800,7875,115230,5800,0,7875,0,0,0,0,0,0,0,0,0
40,3,2017-06-19,115230,24900,11120,129010,24900,0,11120,0,0,0,0,0,0,0,0,0
40,3,2017-06-20,129010,0,11120,117890,0,0,11120,0,0,0,0,0,0,0,0,0
40,3,2017-06-21,117890,0,7492,110398,0,0,7492,0,0,0,0,0,0,0,0,0
40,3,2017-06-22,110398,10041,9834,110605,10041,0,9834,0,0,0,0,0,0,0,0,0
40,3,2017-06-23,110605,20000,9782,120823,20000,0,9782,0,0,0,0,0,0,0,0,0
40,3,2017-06-24,120823,22654,8655,134822,22654,0,8655,0,0,0,0,0,0,0,0,0
40,3,2017-06-25,134822,2300,7875,129247,2300,0,7875,0,0,0,0,0,0,0,0,0
40,3,2017-06-26,129247,30000,11121,148126,30000,0,11121,0,0,0,0,0,0,0,0,0
40,3,2017-06-27,148126,0,11121,137005,0,0,11121,0,0,0,0,0,0,0,0,0
40,3,2017-06-28,137005,0,7043,129962,0,0,7043,0,0,0,0,0,0,0,0,0
40,3,2017-06-29,129962,25100,9856,145206,25100,0,9856,0,0,0,0,0,0,0,0,0
40,3,2017-06-30,145206,0,9244,135962,0,0,9244,0,0,0,0,0,0,0,0,0
40,4,2017-06-06,7857,0,0,7857,0,0,0,0,0,0,0,0,0,0,0,0
40,4,2017-06-07,7857,0,0,7857,0,0,0,0,0,0,0,0,0,0,0,0
40,4,2017-06-08,7857,0,0,7857,0,0,0,0,0,0,0,0,0,0,0,0
40,4,2017-06-09,7857,0,0,7857,0,0,0,0,0,0,0,0,0,0,0,0
40,4,2017-06-10,7857,0,0,7857,0,0,0,0,0,0,0,0,0,0,0,0
40,4,2017-06-11,7857,0,0,7857,0,0,0,0,0,0,0,0,0,0,0,0
40,4,2017-06-12,7857,0,0,7857,0,0,0,0,0,0,0,0,0,0,0,0
40,4,2017-06-13,7857,0,0,7857,0,0,0,0,0,0,0,0,0,0,0,0
40,4,2017-06-14,7857,0,0,7857,0,0,0,0,0,0,0,0,0,0,0,0
40,4,2017-06-15,7857,0,0,7857,0,0,0,0,0,0,0,0,0,0,0,0
40,4,2017-06-16,7857,0,0,7857,0,0,0,0,0,0,0,0,0,0,0,0
40,4,2017-06-17,7857,0,0,7857,0,0,0,0,0,0,0,0,0,0,0,0
40,4,2017-06-18,7857,0,0,7857,0,0,0,0,0,0,0,0,0,0,0,0
40,4,2017-06-19,7857,0,0,7857,0,0,0,0,0,0,0,0,0,0,0,0
40,4,2017-06-20,7857,0,0,7857,0,0,0,0,0,0,0,0,0,0,0,0
40,4,2017-06-21,7857,0,0,7857,0,0,0,0,0,0,0,0,0,0,0,0
40,4,2017-06-22,7857,0,0,7857,0,0,0,0,0,0,0,0,0,0,0,0
40,4,2017-06-23,7857,0,0,7857,0,0,0,0,0,0,0,0,0,0,0,0
40,4,2017-06-24,7857,0,0,7857,0,0,0,0,0,0,0,0,0,0,0,0
40,4,2017-06-25,7857,0,0,7857,0,0,0,0,0,0,0,0,0,0,0,0
40,4,2017-06-26,7857,0,0,7857,0,0,0,0,0,0,0,0,0,0,0,0
40,4,2017-06-27,7857,0,0,7857,0,0,0,0,0,0,0,0,0,0,0,0
40,4,2017-06-28,7857,0,0,7857,0,0,0,0,0,0,0,0,0,0,0,0
40,4,2017-06-29,7857,0,0,7857,0,0,0,0,0,0,0,0,0,0,0,0
40,4,2017-06-30,7857,0,0,7857,0,0,0,0,0,0,0,0,0,0,0,0
40,5,2017-06-06,19485,0,0,19485,0,0,0,0,0,0,0,0,0,0,0,0
40,5,2017-06-07,19485,0,0,19485,0,0,0,0,0,0,0,0,0,0,0,0
40,5,2017-06-08,19485,25534,0,45019,25534,0,0,0,0,0,0,0,0,0,0,0
40,5,2017-06-09,45019,19400,0,64419,19400,0,0,0,0,0,0,0,0,0,0,0
40,5,2017-06-10,64419,0,0,64419,0,0,0,0,0,0,0,0,0,0,0,0
40,5,2017-06-11,64419,0,0,64419,0,0,0,0,0,0,0,0,0,0,0,0
40,5,2017-06-12,64419,0,0,64419,0,0,0,0,0,0,0,0,0,0,0,0
40,5,2017-06-13,64419,0,0,64419,0,0,0,0,0,0,0,0,0,0,0,0
40,5,2017-06-14,64419,0,0,64419,0,0,0,0,0,0,0,0,0,0,0,0
40,5,2017-06-15,64419,15000,0,79419,15000,0,0,0,0,0,0,0,0,0,0,0
40,5,2017-06-16,79419,0,0,79419,0,0,0,0,0,0,0,0,0,0,0,0
40,5,2017-06-17,79419,0,0,79419,0,0,0,0,0,0,0,0,0,0,0,0
40,5,2017-06-18,79419,0,0,79419,0,0,0,0,0,0,0,0,0,0,0,0
40,5,2017-06-19,79419,0,0,79419,0,0,0,0,0,0,0,0,0,0,0,0
40,5,2017-06-20,79419,3533,0,82952,3533,0,0,0,0,0,0,0,0,0,0,0
40,5,2017-06-21,82952,28137,0,111089,28137,0,0,0,0,0,0,0,0,0,0,0
40,5,2017-06-22,111089,13400,0,124489,13400,0,0,0,0,0,0,0,0,0,0,0
40,5,2017-06-23,124489,0,0,124489,0,0,0,0,0,0,0,0,0,0,0,0
40,5,2017-06-24,124489,0,0,124489,0,0,0,0,0,0,0,0,0,0,0,0
40,5,2017-06-25,124489,0,0,124489,0,0,0,0,0,0,0,0,0,0,0,0
40,5,2017-06-26,124489,0,0,124489,0,0,0,0,0,0,0,0,0,0,0,0
40,5,2017-06-27,124489,0,0,124489,0,0,0,0,0,0,0,0,0,0,0,0
40,5,2017-06-28,124489,15000,0,139489,15000,0,0,0,0,0,0,0,0,0,0,0
40,5,2017-06-29,139489,0,0,139489,0,0,0,0,0,0,0,0,0,0,0,0
40,5,2017-06-30,139489,0,0,139489,0,0,0,0,0,0,0,0,0,0,0,0
40,8,2017-06-06,18841,8224,5546,21519,8224,0,5546,0,0,0,0,0,0,0,0,0
40,8,2017-06-07,21519,11700,5662,27557,11700,0,5662,0,0,0,0,0,0,0,0,0
40,8,2017-06-08,27557,0,5430,22127,0,0,5430,0,0,0,0,0,0,0,0,0
40,8,2017-06-09,22127,19900,5353,36674,19900,0,5353,0,0,0,0,0,0,0,0,0
40,8,2017-06-10,36674,0,5699,30975,0,0,5699,0,0,0,0,0,0,0,0,0
40,8,2017-06-11,30975,0,5247,25728,0,0,5247,0,0,0,0,0,0,0,0,0
40,8,2017-06-12,25728,11333,5214,31847,11333,0,5214,0,0,0,0,0,0,0,0,0
40,8,2017-06-13,31847,8600,5700,34747,8600,0,5700,0,0,0,0,0,0,0,0,0
40,8,2017-06-14,34747,0,5700,29047,0,0,5700,0,0,0,0,0,0,0,0,0
40,8,2017-06-15,29047,20000,5700,43347,20000,0,5700,0,0,0,0,0,0,0,0,0
40,8,2017-06-16,43347,0,5692,37655,0,0,5692,0,0,0,0,0,0,0,0,0
40,8,2017-06-17,37655,0,5693,31962,0,0,5693,0,0,0,0,0,0,0,0,0
40,8,2017-06-18,31962,20007,5695,46274,16145,0,5695,0,0,0,0,0,0,0,0,0
40,8,2017-06-19,46274,0,5696,40578,0,0,5696,0,0,0,0,0,0,0,0,0
40,8,2017-06-20,40578,0,5700,34878,0,0,5700,0,0,0,0,0,0,0,0,0
40,8,2017-06-21,34878,0,5700,29178,0,0,5700,0,0,0,0,0,0,0,0,0
40,8,2017-06-22,29178,20000,5700,43478,20000,0,5700,0,0,0,0,0,0,0,0,0
40,8,2017-06-23,43478,0,5700,37778,0,0,5700,0,0,0,0,0,0,0,0,0
40,8,2017-06-24,37778,0,5700,32078,0,0,5700,0,0,0,0,0,0,0,0,0
40,8,2017-06-25,32078,19391,5700,45769,19391,0,5700,0,0,0,0,0,0,0,0,0
40,8,2017-06-26,45769,600,5700,40669,600,0,5700,0,0,0,0,0,0,0,0,0
40,8,2017-06-27,40669,0,5700,34969,0,0,5700,0,0,0,0,0,0,0,0,0
40,8,2017-06-28,34969,12147,5700,41416,12147,0,5700,0,0,0,0,0,0,0,0,0
40,8,2017-06-29,41416,7800,5700,43516,7800,0,5700,0,0,0,0,0,0,0,0,0
40,8,2017-06-30,43516,0,5700,37816,0,0,5700,0,0,0,0,0,0,0,0,0
40,9,2017-06-06,63809,27000,18520,72289,27000,0,18520,0,0,0,0,0,0,0,0,0
40,9,2017-06-07,72289,22055,18602,75742,22055,0,18602,0,0,0,0,0,0,0,0,0
40,9,2017-06-08,75742,1000,18390,58352,1000,0,18390,0,0,0,0,0,0,0,0,0
40,9,2017-06-09,58352,0,18287,40065,0,0,18287,0,0,0,0,0,0,0,0,0
40,9,2017-06-10,40065,21267,18144,43188,21267,0,18144,0,0,0,0,0,0,0,0,0
40,9,2017-06-11,43188,28600,18149,53639,28600,0,18149,0,0,0,0,0,0,0,0,0
40,9,2017-06-12,53639,24900,18180,60359,24900,0,18180,0,0,0,0,0,0,0,0,0
40,9,2017-06-13,60359,22500,18193,64666,22500,0,18193,0,0,0,0,0,0,0,0,0
40,9,2017-06-14,64666,27557,18080,74143,27557,0,18080,0,0,0,0,0,0,0,0,0
40,9,2017-06-15,74143,0,18058,56085,0,0,18058,0,0,0,0,0,0,0,0,0
40,9,2017-06-16,56085,29249,17927,67407,29249,0,17927,0,0,0,0,0,0,0,0,0
40,9,2017-06-17,67407,20700,18018,70089,20700,0,18018,0,0,0,0,0,0,0,0,0
40,9,2017-06-18,70089,25000,18589,76500,25000,0,18589,0,0,0,0,0,0,0,0,0
40,9,2017-06-19,76500,22633,18592,80541,17500,0,18592,0,0,0,0,0,0,0,0,0
40,9,2017-06-20,80541,27400,18593,89348,27400,0,18593,0,0,0,0,0,0,0,0,0
40,9,2017-06-21,89348,0,18107,71241,0,0,18107,0,0,0,0,0,0,0,0,0
40,9,2017-06-22,71241,0,18118,53123,0,0,18118,0,0,0,0,0,0,0,0,0
40,9,2017-06-23,53123,27195,18595,61723,27195,0,18595,0,0,0,0,0,0,0,0,0
40,9,2017-06-24,61723,22800,18596,65927,22800,0,18596,0,0,0,0,0,0,0,0,0
40,9,2017-06-25,65927,25000,18596,72331,25000,0,18596,0,0,0,0,0,0,0,0,0
40,9,2017-06-26,72331,52000,18620,105711,15422,0,18620,0,0,0,0,0,0,0,0,0
40,9,2017-06-27,105711,22914,18620,110005,9575,0,18620,0,0,0,0,0,0,0,0,0
40,9,2017-06-28,110005,100,18597,91508,100,0,18597,0,0,0,0,0,0,0,0,0
40,9,2017-06-29,91508,50900,18597,123811,13133,0,18597,0,0,0,0,0,0,0,0,0
40,9,2017-06-30,123811,9959,18597,115173,9959,0,18597,0,0,0,0,0,0,0,0,0
47,3,2017-06-06,-1984,0,244,-2228,0,0,244,0,0,0,0,0,0,0,0,0
47,3,2017-06-07,-2228,0,208,-2436,0,0,208,0,0,0,0,0,0,0,0,0
47,3,2017-06-08,-2436,0,197,-2633,0,0,197,0,0,0,0,0,0,0,0,0
47,3,2017-06-09,-2633,0,194,-2827,0,0,194,0,0,0,0,0,0,0,0,0
47,3,2017-06-10,-2827,0,193,-3020,0,0,193,0,0,0,0,0,0,0,0,0
47,3,2017-06-11,-3020,0,193,-3213,0,0,193,0,0,0,0,0,0,0,0,0
47,3,2017-06-12,-3213,0,193,-3406,0,0,193,0,0,0,0,0,0,0,0,0
47,3,2017-06-13,-3406,0,193,-3599,0,0,193,0,0,0,0,0,0,0,0,0
47,3,2017-06-14,-3599,0,193,-3792,0,0,193,0,0,0,0,0,0,0,0,0
47,3,2017-06-15,-3792,0,193,-3985,0,0,193,0,0,0,0,0,0,0,0,0
47,3,2017-06-16,-3985,0,193,-4178,0,0,193,0,0,0,0,0,0,0,0,0
47,3,2017-06-17,-4178,0,193,-4371,0,0,193,0,0,0,0,0,0,0,0,0
47,3,2017-06-18,-4371,0,193,-4564,0,0,193,0,0,0,0,0,0,0,0,0
47,3,2017-06-19,-4564,0,193,-4757,0,0,193,0,0,0,0,0,0,0,0,0
47,3,2017-06-20,-4757,0,193,-4950,0,0,193,0,0,0,0,0,0,0,0,0
47,3,2017-06-21,-4950,0,148,-5098,0,0,148,0,0,0,0,0,0,0,0,0
47,3,2017-06-22,-5098,0,147,-5245,0,0,147,0,0,0,0,0,0,0,0,0
47,3,2017-06-23,-5245,0,193,-5438,0,0,193,0,0,0,0,0,0,0,0,0
47,3,2017-06-24,-5438,0,146,-5584,0,0,146,0,0,0,0,0,0,0,0,0
47,3,2017-06-25,-5584,0,145,-5729,0,0,145,0,0,0,0,0,0,0,0,0
47,3,2017-06-26,-5729,0,145,-5874,0,0,145,0,0,0,0,0,0,0,0,0
47,3,2017-06-27,-5874,0,145,-6019,0,0,145,0,0,0,0,0,0,0,0,0
47,3,2017-06-28,-6019,0,193,-6212,0,0,193,0,0,0,0,0,0,0,0,0
47,3,2017-06-29,-6212,0,144,-6356,0,0,144,0,0,0,0,0,0,0,0,0
47,3,2017-06-30,-6356,0,144,-6500,0,0,144,0,0,0,0,0,0,0,0,0
47,8,2017-06-06,-228,0,10,-238,0,0,10,0,0,0,0,0,0,0,0,0
47,8,2017-06-07,-238,0,46,-284,0,0,46,0,0,0,0,0,0,0,0,0
47,8,2017-06-08,-284,0,48,-332,0,0,48,0,0,0,0,0,0,0,0,0
47,8,2017-06-09,-332,0,47,-379,0,0,47,0,0,0,0,0,0,0,0,0
47,8,2017-06-10,-379,0,49,-428,0,0,49,0,0,0,0,0,0,0,0,0
47,8,2017-06-11,-428,0,50,-478,0,0,50,0,0,0,0,0,0,0,0,0
47,8,2017-06-12,-478,0,53,-531,0,0,53,0,0,0,0,0,0,0,0,0
47,8,2017-06-13,-531,0,47,-578,0,0,47,0,0,0,0,0,0,0,0,0
47,8,2017-06-14,-578,0,48,-626,0,0,48,0,0,0,0,0,0,0,0,0
47,8,2017-06-15,-626,0,47,-673,0,0,47,0,0,0,0,0,0,0,0,0
47,8,2017-06-16,-673,0,45,-718,0,0,45,0,0,0,0,0,0,0,0,0
47,8,2017-06-17,-718,0,47,-765,0,0,47,0,0,0,0,0,0,0,0,0
47,8,2017-06-18,-765,0,49,-814,0,0,49,0,0,0,0,0,0,0,0,0
47,8,2017-06-19,-814,0,17,-831,0,0,17,0,0,0,0,0,0,0,0,0
47,8,2017-06-20,-831,0,49,-880,0,0,49,0,0,0,0,0,0,0,0,0
47,8,2017-06-21,-880,0,48,-928,0,0,48,0,0,0,0,0,0,0,0,0
47,8,2017-06-22,-928,0,20,-948,0,0,20,0,0,0,0,0,0,0,0,0
47,8,2017-06-23,-948,0,48,-996,0,0,48,0,0,0,0,0,0,0,0,0
47,8,2017-06-24,-996,0,49,-1045,0,0,49,0,0,0,0,0,0,0,0,0
47,8,2017-06-25,-1045,0,47,-1092,0,0,47,0,0,0,0,0,0,0,0,0
47,8,2017-06-26,-1092,0,48,-1140,0,0,48,0,0,0,0,0,0,0,0,0
47,8,2017-06-27,-1140,0,48,-1188,0,0,48,0,0,0,0,0,0,0,0,0
47,8,2017-06-28,-1188,0,48,-1236,0,0,48,0,0,0,0,0,0,0,0,0
47,8,2017-06-29,-1236,0,48,-1284,0,0,48,0,0,0,0,0,0,0,0,0
47,8,2017-06-30,-1284,0,48,-1332,0,0,48,0,0,0,0,0,0,0,0,0
47,9,2017-06-06,-4102,0,476,-4578,0,0,476,0,0,0,0,0,0,0,0,0
47,9,2017-06-07,-4578,0,474,-5052,0,0,474,0,0,0,0,0,0,0,0,0
47,9,2017-06-08,-5052,0,505,-5557,0,0,505,0,0,0,0,0,0,0,0,0
47,9,2017-06-09,-5557,0,533,-6090,0,0,533,0,0,0,0,0,0,0,0,0
47,9,2017-06-10,-6090,0,529,-6619,0,0,529,0,0,0,0,0,0,0,0,0
47,9,2017-06-11,-6619,0,544,-7163,0,0,544,0,0,0,0,0,0,0,0,0
47,9,2017-06-12,-7163,0,553,-7716,0,0,553,0,0,0,0,0,0,0,0,0
47,9,2017-06-13,-7716,0,474,-8190,0,0,474,0,0,0,0,0,0,0,0,0
47,9,2017-06-14,-8190,0,667,-8857,0,0,667,0,0,0,0,0,0,0,0,0
47,9,2017-06-15,-8857,0,624,-9481,0,0,624,0,0,0,0,0,0,0,0,0
47,9,2017-06-16,-9481,0,638,-10119,0,0,638,0,0,0,0,0,0,0,0,0
47,9,2017-06-17,-10119,0,607,-10726,0,0,607,0,0,0,0,0,0,0,0,0
47,9,2017-06-18,-10726,0,590,-11316,0,0,590,0,0,0,0,0,0,0,0,0
47,9,2017-06-19,-11316,0,473,-11789,0,0,473,0,0,0,0,0,0,0,0,0
47,9,2017-06-20,-11789,0,473,-12262,0,0,473,0,0,0,0,0,0,0,0,0
47,9,2017-06-21,-12262,0,473,-12735,0,0,473,0,0,0,0,0,0,0,0,0
47,9,2017-06-22,-12735,0,590,-13325,0,0,590,0,0,0,0,0,0,0,0,0
47,9,2017-06-23,-13325,0,564,-13889,0,0,564,0,0,0,0,0,0,0,0,0
47,9,2017-06-24,-13889,0,472,-14361,0,0,472,0,0,0,0,0,0,0,0,0
47,9,2017-06-25,-14361,0,472,-14833,0,0,472,0,0,0,0,0,0,0,0,0
47,9,2017-06-26,-14833,0,472,-15305,0,0,472,0,0,0,0,0,0,0,0,0
47,9,2017-06-27,-15305,0,472,-15777,0,0,472,0,0,0,0,0,0,0,0,0
47,9,2017-06-28,-15777,0,472,-16249,0,0,472,0,0,0,0,0,0,0,0,0
47,9,2017-06-29,-16249,0,472,-16721,0,0,472,0,0,0,0,0,0,0,0,0
47,9,2017-06-30,-16721,0,473,-17194,0,0,473,0,0,0,0,0,0,0,0,0
59,3,2017-06-06,119459,14800,3713,130546,14800,0,3713,0,0,0,0,0,0,0,0,0
59,3,2017-06-07,130546,45200,3710,172036,45200,0,3710,0,0,0,0,0,0,0,0,0
59,3,2017-06-08,172036,0,48466,123570,0,45000,3466,0,0,0,0,0,0,0,0,0
59,3,2017-06-09,123570,0,3315,120255,0,0,3315,0,0,0,0,0,0,0,0,0
59,3,2017-06-10,120255,102703,72792,150166,102703,70000,2792,0,0,0,0,0,0,0,0,0
59,3,2017-06-11,150166,79910,65156,164920,79910,62108,3048,0,0,0,0,0,0,0,0,0
59,3,2017-06-12,164920,27000,44861,147059,27000,41183,3678,0,0,0,0,0,0,0,0,0
59,3,2017-06-13,147059,20400,3678,163781,20400,0,3678,0,0,0,0,0,0,0,0,0
59,3,2017-06-14,163781,49550,26778,186553,49550,23100,3678,0,0,0,0,0,0,0,0,0
59,3,2017-06-15,186553,20400,61708,145245,20400,58333,3375,0,0,0,0,0,0,0,0,0
59,3,2017-06-16,145245,0,18479,126766,0,15517,2962,0,0,0,0,0,0,0,0,0
59,3,2017-06-17,126766,0,2819,123947,0,0,2819,0,0,0,0,0,0,0,0,0
59,3,2017-06-18,123947,120000,49941,194006,120000,46900,3041,0,0,0,0,0,0,0,0,0
59,3,2017-06-19,194006,0,28678,165328,0,25000,3678,0,0,0,0,0,0,0,0,0
59,3,2017-06-20,165328,0,3678,161650,0,0,3678,0,0,0,0,0,0,0,0,0
59,3,2017-06-21,161650,21550,36776,146424,21550,33075,3701,0,0,0,0,0,0,0,0,0
59,3,2017-06-22,146424,48450,58275,136599,48450,54925,3350,0,0,0,0,0,0,0,0,0
59,3,2017-06-23,136599,0,51147,85452,0,48183,2964,0,0,0,0,0,0,0,0,0
59,3,2017-06-24,85452,0,2817,82635,0,0,2817,0,0,0,0,0,0,0,0,0
59,3,2017-06-25,82635,43550,36816,89369,43550,33775,3041,0,0,0,0,0,0,0,0,0
59,3,2017-06-26,89369,26450,56128,59691,26450,52450,3678,0,0,0,0,0,0,0,0,0
59,3,2017-06-27,59691,32600,3678,88613,32600,0,3678,0,0,0,0,0,0,0,0,0
59,3,2017-06-28,88613,0,3701,84912,0,0,3701,0,0,0,0,0,0,0,0,0
59,3,2017-06-29,84912,65550,45117,105345,65550,41767,3350,0,0,0,0,0,0,0,0,0
59,3,2017-06-30,105345,4400,33097,76648,4400,30133,2964,0,0,0,0,0,0,0,0,0
59,5,2017-06-06,27866,0,0,27866,0,0,0,0,0,0,0,0,0,0,0,0
59,5,2017-06-07,27866,0,0,27866,0,0,0,0,0,0,0,0,0,0,0,0
59,5,2017-06-08,27866,0,0,27866,0,0,0,0,0,0,0,0,0,0,0,0
59,5,2017-06-09,27866,0,0,27866,0,0,0,0,0,0,0,0,0,0,0,0
59,5,2017-06-10,27866,0,0,27866,0,0,0,0,0,0,0,0,0,0,0,0
59,5,2017-06-11,27866,0,0,27866,0,0,0,0,0,0,0,0,0,0,0,0
59,5,2017-06-12,27866,0,0,27866,0,0,0,0,0,0,0,0,0,0,0,0
59,5,2017-06-13,27866,0,0,27866,0,0,0,0,0,0,0,0,0,0,0,0
59,5,2017-06-14,27866,0,0,27866,0,0,0,0,0,0,0,0,0,0,0,0
59,5,2017-06-15,27866,0,0,27866,0,0,0,0,0,0,0,0,0,0,0,0
59,5,2017-06-16,27866,0,0,27866,0,0,0,0,0,0,0,0,0,0,0,0
59,5,2017-06-17,27866,0,0,27866,0,0,0,0,0,0,0,0,0,0,0,0
59,5,2017-06-18,27866,0,0,27866,0,0,0,0,0,0,0,0,0,0,0,0
59,5,2017-06-19,27866,0,0,27866,0,0,0,0,0,0,0,0,0,0,0,0
59,5,2017-06-20,27866,0,0,27866,0,0,0,0,0,0,0,0,0,0,0,0
59,5,2017-06-21,27866,0,0,27866,0,0,0,0,0,0,0,0,0,0,0,0
59,5,2017-06-22,27866,0,0,27866,0,0,0,0,0,0,0,0,0,0,0,0
59,5,2017-06-23,27866,0,0,27866,0,0,0,0,0,0,0,0,0,0,0,0
59,5,2017-06-24,27866,0,0,27866,0,0,0,0,0,0,0,0,0,0,0,0
59,5,2017-06-25,27866,0,0,27866,0,0,0,0,0,0,0,0,0,0,0,0
59,5,2017-06-26,27866,0,0,27866,0,0,0,0,0,0,0,0,0,0,0,0
59,5,2017-06-27,27866,0,0,27866,0,0,0,0,0,0,0,0,0,0,0,0
59,5,2017-06-28,27866,0,0,27866,0,0,0,0,0,0,0,0,0,0,0,0
59,5,2017-06-29,27866,0,0,27866,0,0,0,0,0,0,0,0,0,0,0,0
59,5,2017-06-30,27866,0,0,27866,0,0,0,0,0,0,0,0,0,0,0,0
59,8,2017-06-06,16591,0,638,15953,0,0,638,0,0,0,0,0,0,0,0,0
59,8,2017-06-07,15953,0,634,15319,0,0,634,0,0,0,0,0,0,0,0,0
59,8,2017-06-08,15319,6050,6682,14687,6050,6050,632,0,0,0,0,0,0,0,0,0
59,8,2017-06-09,14687,6050,6680,14057,6050,6050,630,0,0,0,0,0,0,0,0,0
59,8,2017-06-10,14057,0,628,13429,0,0,628,0,0,0,0,0,0,0,0,0
59,8,2017-06-11,13429,0,662,12767,0,0,662,0,0,0,0,0,0,0,0,0
59,8,2017-06-12,12767,0,666,12101,0,0,666,0,0,0,0,0,0,0,0,0
59,8,2017-06-13,12101,6050,6708,11443,6050,6050,658,0,0,0,0,0,0,0,0,0
59,8,2017-06-14,11443,0,647,10796,0,0,647,0,0,0,0,0,0,0,0,0
59,8,2017-06-15,10796,0,659,10137,0,0,659,0,0,0,0,0,0,0,0,0
59,8,2017-06-16,10137,0,661,9476,0,0,661,0,0,0,0,0,0,0,0,0
59,8,2017-06-17,9476,6050,6699,8827,6050,6050,649,0,0,0,0,0,0,0,0,0
59,8,2017-06-18,8827,0,643,8184,0,0,643,0,0,0,0,0,0,0,0,0
59,8,2017-06-19,8184,0,653,7531,0,0,653,0,0,0,0,0,0,0,0,0
59,8,2017-06-20,7531,20000,20649,6882,20000,20000,649,0,0,0,0,0,0,0,0,0
59,8,2017-06-21,6882,0,642,6240,0,0,642,0,0,0,0,0,0,0,0,0
59,8,2017-06-22,6240,0,652,5588,0,0,652,0,0,0,0,0,0,0,0,0
59,8,2017-06-23,5588,12050,12696,4942,12050,12050,646,0,0,0,0,0,0,0,0,0
59,8,2017-06-24,4942,7900,8586,4256,7900,7950,636,0,0,0,0,0,0,0,0,0
59,8,2017-06-25,4256,0,647,3609,0,0,647,0,0,0,0,0,0,0,0,0
59,8,2017-06-26,3609,0,654,2955,0,0,654,0,0,0,0,0,0,0,0,0
59,8,2017-06-27,2955,0,653,2302,0,0,653,0,0,0,0,0,0,0,0,0
59,8,2017-06-28,2302,12000,12653,1649,12000,12000,653,0,0,0,0,0,0,0,0,0
59,8,2017-06-29,1649,0,653,996,0,0,653,0,0,0,0,0,0,0,0,0
59,8,2017-06-30,996,0,652,344,0,0,652,0,0,0,0,0,0,0,0,0
59,9,2017-06-06,219584,95720,107528,207776,95720,96000,11528,0,0,0,0,0,0,0,0,0
59,9,2017-06-07,207776,54960,67970,194766,54960,56433,11537,0,0,0,0,0,0,0,0,0
59,9,2017-06-08,194766,0,54399,140367,0,42867,11532,0,0,0,0,0,0,0,0,0
59,9,2017-06-09,140367,100050,61513,178904,100050,50000,11513,0,0,0,0,0,0,0,0,0
59,9,2017-06-10,178904,39863,11519,207248,39863,0,11519,0,0,0,0,0,0,0,0,0
59,9,2017-06-11,207248,3500,11355,199393,3500,0,11355,0,0,0,0,0,0,0,0,0
59,9,2017-06-12,199393,18050,36594,180849,18050,25000,11594,0,0,0,0,0,0,0,0,0
59,9,2017-06-13,180849,52000,45852,186997,52000,34258,11594,0,0,0,0,0,0,0,0,0
59,9,2017-06-14,186997,22450,72494,136953,22450,60900,11594,0,0,0,0,0,0,0,0,0
59,9,2017-06-15,136953,3500,11591,128862,3500,0,11591,0,0,0,0,0,0,0,0,0
59,9,2017-06-16,128862,40050,30106,138806,40050,18492,11614,0,0,0,0,0,0,0,0,0
59,9,2017-06-17,138806,52000,60954,129852,52000,49383,11571,0,0,0,0,0,0,0,0,0
59,9,2017-06-18,129852,450,11450,118852,450,0,11450,0,0,0,0,0,0,0,0,0
59,9,2017-06-19,118852,3500,11509,110843,3500,0,11509,0,0,0,0,0,0,0,0,0
59,9,2017-06-20,110843,42050,35670,117223,42050,24092,11578,0,0,0,0,0,0,0,0,0
59,9,2017-06-21,117223,50450,62526,105147,50450,50925,11601,0,0,0,0,0,0,0,0,0
59,9,2017-06-22,105147,1550,11624,95073,1550,0,11624,0,0,0,0,0,0,0,0,0
59,9,2017-06-23,95073,1950,11543,85480,1950,0,11543,0,0,0,0,0,0,0,0,0
59,9,2017-06-24,85480,64050,36157,113373,64050,24733,11424,0,0,0,0,0,0,0,0,0
59,9,2017-06-25,113373,28450,61661,80162,28450,50225,11436,0,0,0,0,0,0,0,0,0
59,9,2017-06-26,80162,3500,11521,72141,3500,0,11521,0,0,0,0,0,0,0,0,0
59,9,2017-06-27,72141,34050,22979,83212,34050,11492,11487,0,0,0,0,0,0,0,0,0
59,9,2017-06-28,83212,51950,73760,61402,51950,62275,11485,0,0,0,0,0,0,0,0,0
59,9,2017-06-29,61402,6450,11483,56369,6450,0,11483,0,0,0,0,0,0,0,0,0
59,9,2017-06-30,56369,3500,11483,48386,3500,0,11483,0,0,0,0,0,0,0,0,0